symbol,company,industry,tier,price,change_pct,high_52w,low_52w,high_200d,low_200d,from_52w_high_pct,ema20,ema200,above_ema200,rsi14,macd,macd_signal,macd_hist,vol_vs_avg20,consec_days,history_days
DPABHUSHAN,D. P. Abhushan Limited,,2,1665.8,20.0,1665.8,887.5,1665.8,887.5,0.0,1431.11,1282.18,True,69.31,23.766,6.33,17.436,14.04,1,258
PASHUPATI,Pashupati Cotspin Limited,,2,92.72,19.99,101.39,69.77,101.39,76.19,-8.55,81.88,85.17,True,73.07,-0.271,-1.083,0.812,1.54,1,259
RETAIL,JHS Svendgaard Retail Ventures Limited,,2,28.88,19.98,35.7,16.12,29.35,16.12,-19.1,19.16,21.33,True,82.74,1.428,0.376,1.052,5.39,3,256
TNTELE,Tamilnadu Telecommunication Limited,,2,14.26,19.93,15.33,8.11,14.26,8.11,-6.98,9.83,9.72,True,92.07,0.657,0.187,0.47,8.42,4,256
LANDSMILL,Landsmill Green Limited,,2,0.88,18.92,1.72,0.52,1.6,0.52,-48.84,0.63,0.94,False,78.27,-0.001,-0.035,0.034,4.03,3,258
SYNCOMF,Syncom Formulations (India) Limited,,2,26.18,17.93,26.18,10.25,26.18,10.25,0.0,20.15,15.65,True,81.73,1.376,1.035,0.34,9.31,4,259
JHS,JHS Svendgaard Laboratories Limited,,2,10.38,17.82,13.56,6.55,11.62,6.55,-23.45,8.58,8.81,True,75.09,0.24,0.11,0.13,11.44,3,258
ORBTEXP,Orbit Exports Limited,,2,262.01,15.35,274.15,135.07,274.15,135.07,-4.43,234.55,207.19,True,70.98,-0.061,-1.782,1.721,12.54,2,249
FERMENTA,Fermenta Biotech Limited,,2,551.35,15.03,551.35,454.2,551.35,454.2,0.0,483.58,461.73,True,73.46,,,,8.98,2,31
KIRLOSENG,Kirloskar Oil Eng Ltd.,Capital Goods,1,2402.0,12.18,2558.19,866.19,2558.19,1089.97,-6.11,2175.21,1809.58,True,65.71,19.781,3.338,16.443,7.93,2,258
KOTYARK,Kotyark Industries Limited,,2,29.39,11.03,44.97,17.22,44.97,17.22,-34.65,31.6,32.61,False,40.14,-1.374,-1.18,-0.194,5.61,1,252
AXISCADES,AXISCADES Technologies Limited,,2,2067.4,10.0,2173.6,1101.2,2173.6,1101.2,-4.89,1833.96,1672.7,True,70.03,77.928,64.263,13.664,3.3,1,259
HINDCON,Hindcon Chemicals Limited,,2,33.39,9.98,33.44,16.75,33.39,16.75,-0.15,25.72,24.0,True,87.1,1.658,0.825,0.833,3.72,3,258
GTECJAINX,G-TEC JAINX EDUCATION LIMITED,,2,29.66,9.97,38.35,16.69,38.35,16.69,-22.66,27.89,25.59,True,56.48,-0.274,-0.372,0.098,1.75,3,256
RAMBHAJO,Advit Jewels Limited,,2,290.97,9.79,304.03,167.3,304.03,167.3,-4.3,268.1,201.39,True,60.29,15.653,17.448,-1.795,1.8,1,65
TCIEXP,TCI Express Limited,,2,531.85,9.43,725.85,461.0,615.65,461.0,-26.73,512.11,552.15,False,54.81,-11.476,-13.438,1.962,18.23,1,257
DELTACORP,Delta Corp Limited,,2,78.69,8.99,81.23,48.93,80.93,48.93,-3.13,64.21,65.46,True,76.91,3.994,1.432,2.562,2.07,1,259
CUPID,Cupid Limited,,2,288.0,8.88,294.86,42.95,294.86,75.32,-2.33,272.74,174.54,True,58.75,1.015,1.788,-0.773,1.95,1,259
RSYSTEMS,R Systems International Limited,,2,298.69,8.53,423.24,220.16,419.08,220.16,-29.43,250.73,286.92,True,78.29,4.646,-0.0,4.646,10.21,2,258
ESSARSHPNG,Essar Shipping Limited,,2,16.95,8.45,41.13,15.53,31.04,15.53,-58.79,16.39,22.22,False,52.85,-0.402,-0.572,0.17,3.69,1,257
RRECL,RDB Real Estate Constructions Limited,,2,129.19,8.27,151.66,119.32,151.66,119.32,-14.82,132.91,136.16,False,47.2,,,,1.62,1,31
EKI,EKI Energy Services Limited,,2,98.57,8.14,100.99,67.57,100.99,67.57,-2.4,80.88,78.94,True,68.91,,,,2.93,1,30
INDOCO,Indoco Remedies Limited,,2,269.15,8.07,296.59,163.86,273.53,163.86,-9.25,251.62,236.93,True,59.97,4.8,4.817,-0.017,7.18,1,259
DGCONTENT,Digicontent Limited,,2,25.24,8.0,38.22,21.96,33.67,21.96,-33.96,24.28,27.44,False,56.19,-0.117,-0.174,0.058,4.93,1,256
DOLLEX,Dollex Agrotech Limited,,2,38.9,7.76,43.45,27.05,40.65,27.05,-10.47,36.67,34.19,True,62.53,0.905,1.116,-0.212,1.32,2,257
TDPOWERSYS,TD Power Systems Limited,,2,777.35,7.67,804.9,287.59,804.9,311.85,-3.42,746.13,568.44,True,56.05,10.455,13.925,-3.47,3.23,1,259
CENTUM,Centum Electronics Limited,,2,4920.7,7.65,4920.7,2089.56,4920.7,2089.56,0.0,4393.62,3340.36,True,69.75,298.366,260.537,37.829,3.3,1,257
JNKINDIA,JNK India Limited,,2,451.75,7.56,545.55,203.63,545.55,203.63,-17.19,426.68,380.75,True,60.68,-3.701,-6.762,3.061,5.2,1,257
SUYOG,Suyog Telematics Limited,,2,689.95,7.49,900.05,534.4,900.05,534.4,-23.34,681.24,746.15,False,48.4,-27.381,-33.395,6.015,2.37,1,257
BOSCH-HCIL,BOSCH HOME COMFORT INDIA LIMITED,,2,1934.4,7.32,1934.4,1049.1,1934.4,1049.1,0.0,1747.83,1528.51,True,70.59,42.72,30.847,11.873,4.07,1,259
IFBAGRO,IFB Agro Industries Limited,,2,905.45,7.28,1753.2,683.3,1753.2,683.3,-48.35,886.14,958.84,False,52.49,-20.577,-24.541,3.964,3.42,1,258
AZAD,Azad Engineering Limited,,2,2914.2,7.01,2914.2,1366.5,2914.2,1366.5,0.0,2752.87,2194.87,True,61.23,22.384,24.111,-1.727,9.08,1,259
BALPHARMA,Bal Pharma Limited,,2,112.11,7.01,113.09,59.7,113.09,59.7,-0.87,101.74,84.31,True,65.11,5.417,5.067,0.35,1.53,1,256
STARTECK,Starteck Finance Limited,,2,335.4,6.82,335.4,215.78,335.4,215.78,0.0,261.99,267.44,True,78.84,9.798,0.336,9.462,14.82,3,257
KIRLOSBROS,Kirloskar Brothers Limited,,2,1848.3,6.7,2065.44,1334.03,2065.44,1334.03,-10.51,1806.16,1797.39,True,53.77,-24.848,-29.231,4.383,9.17,1,259
MVELECTRO,MV Electrosystems Limited,,2,838.05,6.57,917.5,560.15,917.5,560.15,-8.66,800.77,658.31,True,56.48,38.862,47.896,-9.033,0.33,1,39
OMNI,Omnitech Engineering Limited,,2,560.4,6.57,732.6,190.14,732.6,190.14,-23.51,549.84,432.81,True,52.4,-3.995,-4.79,0.795,1.03,1,145
WEALTH,Wealth First Portfolio Managers Limited,,2,887.5,6.57,1196.98,795.41,1007.45,795.41,-25.86,847.65,940.91,False,61.95,-6.931,-13.056,6.126,0.82,1,259
POWERICA,Powerica Limited,,2,599.75,6.54,661.85,390.0,661.85,390.0,-9.38,559.04,497.12,True,61.17,11.447,7.559,3.888,3.81,1,127
KMEW,Knowledge Marine & Engineering Works Limited,,2,3064.8,6.53,3150.4,1099.35,3150.4,1443.1,-2.72,2892.43,2185.21,True,61.65,48.241,50.453,-2.213,5.6,2,259
VEDPOWER,Vedanta Power Limited,,2,34.25,6.53,48.64,30.78,48.64,30.78,-29.58,33.11,38.5,False,53.8,-0.802,-1.079,0.277,2.87,1,77
LLOYDSENGG,LLOYDS ENGINEERING WORKS LIMITED,,2,102.19,6.48,102.19,37.63,102.19,37.63,0.0,88.85,73.93,True,71.92,2.563,0.254,2.309,3.65,1,259
AVTNPL,AVT Natural Products Limited,,2,92.2,6.45,98.26,53.9,98.26,53.9,-6.17,89.67,74.24,True,55.73,2.224,2.627,-0.404,0.94,1,257
AARTIPHARM,Aarti Pharmalabs Limited,,2,972.8,6.43,972.8,590.52,972.8,590.52,0.0,875.18,764.45,True,70.49,34.084,23.499,10.585,1.02,1,259
SUNTV,Sun TV Network Ltd.,Media Entertainment & Publication,1,553.25,6.41,645.77,449.3,645.77,449.3,-14.33,488.32,517.82,True,76.41,12.881,3.337,9.544,3.12,7,259
VIKRAN,Vikran Engineering Limited,,2,60.88,6.32,112.22,51.74,103.58,51.74,-45.75,58.55,73.6,False,54.46,-1.035,-1.796,0.761,2.32,1,259
SIS,SIS LIMITED,,2,418.65,6.2,441.5,263.75,441.5,263.75,-5.18,419.57,387.57,True,48.7,-3.288,-2.126,-1.161,0.99,1,258
JGCHEM,J.G.Chemicals Limited,,2,658.65,6.1,658.65,304.65,658.65,304.65,0.0,608.75,477.72,True,63.5,12.636,9.816,2.82,4.02,3,258
UNICHEMLAB,Unichem Laboratories Limited,,2,568.4,5.97,650.6,284.05,650.6,284.05,-12.63,546.04,472.0,True,57.33,4.658,3.483,1.175,13.62,1,259
ROSSTECH,Rossell Techsys Limited,,2,1481.7,5.93,1494.1,573.72,1494.1,573.72,-0.83,1320.08,973.25,True,73.77,91.027,81.097,9.93,0.64,1,259
WABAG,VA Tech Wabag Limited,,2,2093.8,5.9,2277.9,1046.55,2277.9,1046.55,-8.08,2065.32,1735.89,True,52.79,2.28,15.56,-13.28,1.06,1,259
INDOAMIN,Indo Amines Limited,,2,145.45,5.8,145.45,81.79,145.45,81.79,0.0,131.07,124.8,True,75.81,3.847,1.982,1.865,4.77,3,250
ELECTCAST,Electrosteel Castings Limited,,2,76.53,5.78,95.74,60.35,92.45,60.35,-20.06,75.32,77.92,False,53.11,-0.878,-0.491,-0.387,7.01,2,259
PGHL,Procter & Gamble Health Limited,,2,5696.0,5.49,6864.51,4741.31,6864.51,4741.31,-17.02,5545.29,5745.88,False,56.25,-94.408,-128.795,34.388,7.8,1,257
GRWRHITECH,Garware Hi-Tech Films Limited,,2,7016.5,5.46,7396.04,2699.59,7396.04,2699.59,-5.13,6736.92,5607.84,True,56.21,-94.401,-119.642,25.241,1.23,3,259
CREATIVEYE,Creative Eye Limited,,2,6.03,5.42,8.02,5.55,7.73,5.55,-24.81,5.98,6.55,False,50.66,-0.029,-0.056,0.027,0.57,1,257
MOHITE,Mohite Industries Limited,,2,2.53,5.42,3.24,2.37,3.24,2.37,-21.91,2.54,2.49,True,52.0,,,,0.3,2,30
SAMBHV,Sambhv Steel Tubes Limited,,2,162.24,5.35,162.24,82.3,162.24,82.3,0.0,143.44,117.92,True,69.41,8.794,6.598,2.196,1.25,1,258
ADROITINFO,Adroit Infotech Limited,,2,14.23,5.33,14.23,8.23,14.23,8.23,0.0,11.9,10.1,True,79.4,0.878,0.603,0.275,6.0,3,257
JAYNECOIND,Jayaswal Neco Industries Limited,,2,92.66,5.32,115.24,66.28,115.24,68.9,-19.59,90.94,88.11,True,53.13,-0.876,-0.907,0.031,1.11,1,259
TTL,T T Limited,,2,7.71,5.18,10.48,5.74,10.01,5.74,-26.43,7.03,7.69,True,70.82,0.245,0.19,0.054,2.72,2,257
NGLFINE,NGL Fine-Chem Limited,,2,2870.9,5.16,3455.72,1278.03,3455.72,1278.03,-16.92,2824.6,2532.02,True,51.07,-35.869,-63.61,27.741,1.81,1,258
WATERBASE,Waterbase Limited,,2,46.86,5.16,74.9,44.56,74.9,44.56,-37.44,47.61,67.37,False,34.71,-2.854,-3.613,0.759,2.42,1,36
PRAKASH,Prakash Industries Limited,,2,121.62,5.13,167.34,109.51,151.16,109.51,-27.32,120.51,133.12,False,50.45,-1.761,-1.865,0.104,2.11,1,259
AEROFLEX,Aeroflex Industries Limited,,2,539.6,5.1,573.5,158.65,573.5,158.65,-5.91,522.15,380.87,True,56.65,6.188,9.212,-3.024,1.12,1,259
GALAXYSURF,Galaxy Surfactants Limited,,2,2301.2,5.04,2508.4,1497.51,2508.4,1497.51,-8.26,2223.83,2032.17,True,57.05,15.532,14.607,0.925,0.93,1,256
THOMASCOTT,Thomas Scott (India) Limited,,2,250.35,5.03,452.9,233.8,358.95,233.8,-44.72,248.79,295.57,False,47.12,-10.697,-13.631,2.933,2.26,1,259
ADANIENT,Adani Enterprises Ltd.,Metals & Mining,1,2972.9,5.01,3212.1,1758.01,3212.1,1758.01,-7.45,2964.59,2724.94,True,49.91,-23.786,-17.593,-6.193,2.33,1,259
HFCL,HFCL Ltd.,Telecommunication,1,216.21,5.0,251.24,60.89,251.24,60.89,-13.94,220.2,162.53,True,46.86,-4.073,-2.019,-2.054,0.92,1,259
GANGAFORGE,Ganga Forging Limited,,2,1.47,5.0,4.02,1.4,3.79,1.4,-63.43,1.61,2.44,False,35.72,-0.117,-0.116,-0.001,0.49,1,257
GVPIL,GE Power India Limited,,2,683.95,5.0,1045.21,272.35,1045.21,272.35,-34.56,664.22,626.14,True,53.03,-6.118,-13.175,7.057,0.84,1,259
INDOTHAI,Indo Thai Securities Limited,,2,31.93,5.0,459.34,30.41,398.43,30.41,-93.05,40.62,188.85,False,20.63,-13.276,-16.617,3.342,0.37,1,258
PLAZACABLE,Plaza Wires Limited,,2,59.9,5.0,62.97,28.18,62.97,28.18,-4.88,59.55,48.77,True,53.45,1.606,2.398,-0.792,0.55,1,258
RVTH,Revathi Equipment India Limited,,2,664.9,5.0,1114.0,518.05,823.45,518.05,-40.31,687.44,733.37,False,43.66,-20.99,-15.058,-5.932,0.39,1,258
VENUSREM,Venus Remedies Limited,,2,1710.6,5.0,1934.54,429.53,1934.54,647.28,-11.58,1633.25,1280.38,True,58.25,0.618,-10.391,11.009,1.64,1,254
AHCL,Anlon Healthcare Limited,,2,36.39,4.99,36.39,10.82,36.39,10.82,0.0,24.78,15.73,True,92.22,4.706,3.186,1.521,0.17,3,259
BIRLACABLE,Birla Cable Limited,,2,368.95,4.99,409.5,103.64,409.5,103.64,-9.9,357.66,222.15,True,56.31,17.589,24.941,-7.352,0.83,1,258
MONEYBOXX,Moneyboxx Finance Limited,,2,51.08,4.99,85.89,37.15,76.97,37.15,-40.53,52.18,63.43,False,47.0,-0.993,-1.39,0.397,0.64,1,239
GLENMARK,Glenmark Pharmaceuticals Ltd.,Healthcare,1,2441.5,4.98,2512.5,1808.6,2512.5,1918.49,-2.83,2414.28,2234.89,True,54.18,10.498,20.857,-10.359,2.59,1,259
GLFL,Gujarat Lease Financing Limited,,2,5.27,4.98,8.9,3.85,7.32,3.85,-40.79,5.27,5.76,False,47.81,-0.142,-0.143,0.001,3.7,1,257
VISACHROME,VISA Chrome Limited,,2,35.02,4.98,70.18,27.8,55.6,27.8,-50.1,34.71,40.59,False,49.37,-0.927,-1.188,0.262,13.4,1,258
SUDEEPPHRM,Sudeep Pharma Limited,,2,1195.2,4.95,1344.2,529.06,1344.2,529.06,-11.08,1170.55,874.36,True,54.63,11.708,22.477,-10.769,1.26,1,211
RHETAN,Rhetan TMT Limited,,2,16.69,4.9,33.76,15.17,33.76,15.17,-50.56,19.84,25.03,False,34.25,-2.278,-1.743,-0.536,1.28,2,253
MCLOUD,Magellanic Cloud Limited,,2,25.12,4.89,77.26,19.79,31.91,19.79,-67.49,25.6,32.55,False,41.76,-0.8,-0.806,0.006,6.38,1,259
VTMLTD,VTM Limited,,2,39.93,4.89,59.43,22.95,59.43,22.95,-32.81,45.38,30.22,True,46.02,-0.91,1.07,-1.98,1.95,1,36
SAPPL,Shree Ajit Pulp & Paper Limited,,2,293.55,4.86,293.55,272.15,293.55,272.15,0.0,281.69,286.68,True,57.67,,,,1.31,2,30
VIVOBIOT,Vivo Bio Tech Limited,,2,17.05,4.86,19.29,16.08,19.29,16.08,-11.61,17.25,18.76,False,44.73,,,,1.93,1,30
GRANDOAK,Grand Oak Canyons Distillery Limited,,2,35.72,4.75,39.55,33.07,39.55,33.07,-9.68,35.07,38.48,False,48.63,,,,1.32,1,31
DATAMATICS,Datamatics Global Services Limited,,2,821.4,4.74,970.89,633.17,894.68,633.17,-15.4,783.46,794.94,True,59.98,0.105,-7.76,7.865,1.51,1,259
LOKESHMACH,Lokesh Machines Limited,,2,341.55,4.74,364.6,142.8,364.6,154.63,-6.32,341.6,275.3,True,50.43,0.666,2.404,-1.738,0.78,1,258
COMPEAU,Competent Automobiles Company Limited,,2,369.7,4.72,370.77,343.09,370.77,343.09,-0.29,361.4,355.33,True,56.71,,,,1.05,1,30
PATELRMART,Patel Retail Limited,,2,213.59,4.7,261.8,151.22,239.26,151.22,-18.41,211.15,212.28,True,50.81,-3.907,-4.419,0.512,1.32,1,259
RPTECH,Rashi Peripherals Limited,,2,925.35,4.68,925.35,314.43,925.35,333.88,0.0,850.93,622.78,True,65.88,20.795,9.859,10.936,1.79,1,259
MBLINFRA,MBL Infrastructure Limited,,2,21.77,4.66,43.75,19.07,34.42,19.07,-50.24,22.29,27.57,False,41.77,-0.743,-0.666,-0.077,3.15,1,257
KOPRAN,Kopran Limited,,2,290.9,4.65,290.9,106.22,290.9,106.22,0.0,258.06,185.92,True,72.9,20.156,18.627,1.529,0.5,1,259
ALUFLUOR,Alufluoride Limited,,2,632.55,4.61,632.55,440.3,632.55,440.3,0.0,535.6,458.08,True,87.02,,,,4.24,2,31
HARRMALAYA,Harrisons  Malayalam Limited,,2,175.61,4.59,230.9,156.91,230.9,156.91,-23.95,181.83,196.78,False,37.81,-7.034,-6.767,-0.267,2.69,1,259
VISL,Vedanta Iron and Steel Limited,,2,32.85,4.55,42.65,21.06,42.65,21.06,-22.98,33.13,27.94,True,47.87,-0.84,-0.869,0.028,1.12,1,77
RPGLIFE,RPG Life Sciences Limited,,2,3089.2,4.54,3089.2,1726.93,3089.2,1726.93,0.0,2836.9,2446.41,True,64.38,85.644,53.245,32.399,2.53,1,259
ADANIPORTS,Adani Ports and Special Economic Zone Ltd.,Services,1,1822.0,4.49,1883.2,1298.13,1883.2,1298.13,-3.25,1759.9,1653.86,True,59.5,21.934,17.793,4.141,2.14,1,259
MANKIND,Mankind Pharma Ltd.,Healthcare,1,2545.0,4.49,2617.9,1927.4,2617.9,1927.4,-2.78,2403.05,2376.39,True,64.86,27.773,0.699,27.073,4.18,1,258
KSHINTL,KSH International Limited,,2,1028.4,4.45,1176.75,331.9,1176.75,331.9,-12.61,1041.59,742.99,True,49.12,6.436,20.8,-14.364,0.71,1,194
LIBAS,Libas Consumer Products Limited,,2,11.98,4.45,12.82,9.46,12.82,9.46,-6.55,11.5,11.24,True,58.44,0.47,0.454,0.016,0.42,1,257
AEQUS,Aequs Limited,,2,271.63,4.43,271.63,115.11,271.63,115.11,0.0,242.88,201.96,True,74.47,3.787,-0.48,4.267,2.66,3,203
HIKAL,Hikal Limited,,2,218.05,4.43,255.48,146.84,252.05,146.84,-14.65,221.41,216.3,True,48.28,-0.453,1.25,-1.702,0.19,1,258
APOLLOTYRE,Apollo Tyres Ltd.,Automobile and Auto Components,1,406.75,4.4,530.15,369.69,521.32,369.69,-23.28,411.85,436.48,False,44.09,-8.774,-7.748,-1.026,5.88,1,259
GANDHAR,Gandhar Oil Refinery (India) Limited,,2,273.55,4.39,279.86,115.71,279.86,115.71,-2.25,264.6,194.43,True,60.32,4.31,5.646,-1.337,1.05,2,259
NINSYS,NINtec Systems Limited,,2,737.15,4.39,914.15,286.6,914.15,286.6,-19.36,716.33,621.93,True,60.92,-5.023,-9.137,4.115,1.74,1,257
INDPRUD,Industrial & Prudential Investment Company Limited,,2,6358.0,4.36,6392.0,6081.0,6392.0,6081.0,-0.53,6234.07,6209.27,True,56.94,,,,1.32,1,30
SALSTEEL,S.A.L. Steel Limited,,2,97.08,4.35,97.08,26.65,97.08,34.63,0.0,83.07,58.02,True,75.12,5.483,4.084,1.399,1.89,1,256
PNC,PNC Media and Entertainment Limited,,2,17.4,4.32,32.74,16.17,28.84,16.17,-46.85,16.93,21.61,False,53.11,-0.244,-0.412,0.169,1.15,1,257
QUINTEGRA,Quintegra Solutions Limited,,2,1.22,4.27,1.98,1.12,1.49,1.12,-38.38,1.17,1.37,False,61.06,-0.027,-0.039,0.012,0.23,2,252
JPOLYINVST,Jindal Poly Investment and Finance Company Limited,,2,950.0,4.22,1415.6,869.0,1415.6,869.0,-32.89,974.56,1038.31,False,42.11,-16.899,-13.414,-3.485,1.33,1,256
CMPDI,Central Mine Planning & Design Institute Limited,,2,213.12,4.17,275.18,150.2,275.18,150.2,-22.55,216.33,208.24,True,44.83,-7.074,-7.392,0.318,1.26,1,129
KEYFINSERV,Keynote Financial Services Limited,,2,233.0,4.16,358.54,223.7,325.12,223.7,-35.01,241.01,262.0,False,40.42,-6.095,-4.7,-1.395,1.31,1,257
RML,Rane (Madras) Limited,,2,1380.9,4.15,1408.9,611.19,1408.9,611.19,-1.99,1306.23,1016.22,True,63.23,45.989,49.188,-3.199,0.3,2,259
PRECWIRE,Precision Wires India Limited,,2,500.15,4.06,507.35,182.75,507.35,212.64,-1.42,474.59,371.62,True,59.1,13.247,11.997,1.25,2.37,1,259
RESPONIND,Responsive Industries Limited,,2,168.09,4.02,221.26,126.93,220.47,126.93,-24.03,161.51,174.53,False,56.58,0.085,-0.728,0.813,0.4,3,257
KRN,KRN Heat Exchanger and Refrigeration Limited,,2,1443.1,4.01,1660.2,598.1,1660.2,598.1,-13.08,1456.52,1180.56,True,48.49,-15.764,2.595,-18.359,1.73,2,259
DOLLAR,Dollar Industries Limited,,2,280.25,3.99,368.41,220.7,362.88,220.7,-23.93,270.93,285.36,False,60.52,1.475,0.797,0.678,2.65,1,257
KISSHT,OnEMI Technology Solutions Limited,,2,358.65,3.99,362.5,196.07,362.5,196.07,-1.06,339.23,271.2,True,62.02,10.799,10.322,0.478,1.14,1,103
WAKEFIT,Wakefit Innovations Limited,,2,144.06,3.96,215.8,113.04,215.8,113.04,-33.24,145.19,149.86,False,49.47,0.429,2.127,-1.698,0.55,1,199
ASTRAMICRO,Astra Microwave Products Limited,,2,1652.6,3.93,1858.97,854.49,1858.97,854.49,-11.1,1645.94,1411.76,True,49.62,-23.495,-23.135,-0.36,2.06,1,259
VINEETLAB,Vineet Laboratories Limited,,2,36.72,3.93,47.87,29.01,43.42,29.01,-23.29,36.19,35.88,True,52.0,-0.552,-0.537,-0.016,7.34,2,257
PTCIL,PTC Industries Ltd.,Capital Goods,1,22535.0,3.92,23830.0,14726.0,23830.0,14726.0,-5.43,22196.35,18612.0,True,55.55,287.77,528.087,-240.318,0.73,1,258
HAPPYFORGE,Happy Forgings Limited,,2,2074.8,3.91,2420.4,899.34,2420.4,1019.64,-14.28,2122.51,1586.15,True,46.05,-13.138,14.309,-27.447,2.64,1,259
KPIGREEN,KPI Green Energy Limited,,2,371.25,3.89,537.58,276.01,501.83,276.01,-30.94,323.02,387.82,False,70.13,7.746,-2.952,10.698,1.21,3,259
ATLANTAA,ATLANTAA LIMITED,,2,36.69,3.88,68.06,32.28,48.83,32.28,-46.09,36.77,39.91,False,47.43,-0.757,-0.715,-0.042,6.88,1,257
HGM,HandsOn Global Management (HGM) Limited,,2,42.85,3.88,79.48,41.25,72.14,41.25,-46.09,45.44,54.95,False,39.18,-1.509,-0.857,-0.653,0.15,1,257
TTKPRESTIG,TTK Prestige Limited,,2,533.75,3.87,708.5,424.12,694.75,424.12,-24.66,541.22,576.01,False,42.79,-17.716,-18.691,0.975,6.2,1,259
MASKINVEST,Mask Investments Limited,,2,147.18,3.86,223.72,121.36,185.3,121.36,-34.21,145.15,149.9,False,51.56,-1.179,-1.425,0.246,0.18,1,256
DMCC,DMCC SPECIALITY CHEMICALS LIMITED,,2,314.45,3.85,319.89,195.84,319.89,195.84,-1.7,291.03,271.9,True,65.36,5.088,1.893,3.195,2.97,1,257
THANGAMAYL,Thangamayil Jewellery Limited,,2,5204.5,3.85,7309.5,1945.26,7309.5,3149.99,-28.8,5161.58,4596.18,True,49.89,-85.207,-114.313,29.106,1.98,1,259
SENORES,Senores Pharmaceuticals Limited,,2,1403.7,3.84,1550.9,688.1,1550.9,710.25,-9.49,1408.51,1151.08,True,48.08,-21.441,-14.521,-6.92,2.33,1,259
VESUVIUS,Vesuvius India Limited,,2,400.2,3.84,554.93,385.4,554.93,385.4,-27.88,404.43,460.53,False,43.52,-10.391,-10.441,0.05,13.41,1,258
GUFICBIO,Gufic Biosciences Limited,,2,436.5,3.83,448.0,273.43,448.0,273.43,-2.57,428.04,368.36,True,56.1,3.315,4.644,-1.329,1.2,1,258
NAHARPOLY,Nahar Poly Films Limited,,2,230.27,3.8,312.8,202.1,277.86,202.1,-26.38,231.61,250.27,False,46.56,-4.84,-5.132,0.292,0.55,1,257
PASUPTAC,Pasupati Acrylon Limited,,2,75.2,3.8,79.82,40.89,79.82,40.89,-5.79,70.9,58.64,True,62.23,3.233,2.911,0.322,0.82,1,258
BBOX,Black Box Limited,,2,812.8,3.79,1076.74,446.54,1076.74,446.54,-24.51,785.04,724.84,True,56.14,9.551,5.689,3.862,1.98,1,259
KDGREEN,KD Green Industries Limited,,2,48.53,3.79,60.51,46.61,60.51,46.61,-19.8,50.26,52.87,False,45.23,,,,0.29,1,30
BENGALASM,Bengal & Assam Company Limited,,2,6161.5,3.76,6661.5,5938.5,6661.5,5938.5,-7.51,6193.77,6244.46,False,48.36,,,,0.73,1,30
ATLASCYCLE,Atlas Cycles (Haryana) Limited,,2,94.86,3.75,122.83,77.17,119.45,77.17,-22.77,94.99,98.95,False,49.3,-0.869,-0.905,0.036,0.45,1,257
WELCORP,Welspun Corp Ltd.,Capital Goods,1,2842.0,3.73,2842.0,719.46,2842.0,719.46,0.0,2618.32,1578.5,True,64.2,153.318,159.794,-6.476,1.44,1,259
SMSPHARMA,SMS Pharmaceuticals Limited,,2,479.4,3.73,483.35,244.09,483.35,298.19,-0.82,439.23,375.02,True,66.17,25.629,22.126,3.503,0.4,1,258
LKPSEC,LKP Securities Limited,,2,14.27,3.71,17.2,13.76,17.2,13.76,-17.03,15.15,16.41,False,33.96,,,,0.42,1,31
LLOYDSENT,Lloyds Enterprises Limited,,2,79.13,3.67,83.5,41.35,83.5,41.35,-5.23,73.46,69.49,True,62.78,0.601,-0.754,1.355,1.72,1,258
SKMEGGPROD,SKM Egg Products Export (India) Limited,,2,219.1,3.67,359.08,145.3,359.08,145.3,-38.98,233.7,226.03,False,36.29,-10.804,-9.398,-1.406,1.12,1,259
JYOTISTRUC,Jyoti Structures Limited,,2,9.07,3.66,15.33,7.97,14.03,7.97,-40.83,9.46,11.56,False,38.05,-0.403,-0.4,-0.003,1.64,1,259
KRSNAA,Krsnaa Diagnostics Limited,,2,553.6,3.66,829.37,518.38,749.32,518.38,-33.25,549.76,605.92,False,51.61,-1.234,-1.1,-0.134,0.7,1,259
HLEGLAS,HLE Glascoat Limited,,2,434.65,3.65,643.41,250.38,473.33,250.38,-32.45,406.65,388.25,True,60.31,22.628,19.47,3.158,0.51,1,259
OSWALAGRO,Oswal Agro Mills Limited,,2,34.9,3.65,79.21,33.43,59.85,33.43,-55.94,35.07,45.82,False,45.84,-0.85,-0.932,0.082,3.95,1,259
SAHLIBHFI,Shalibhadra Finance Limited,,2,78.37,3.65,88.94,69.55,88.94,69.55,-11.88,78.13,79.41,False,50.55,-0.293,0.112,-0.405,0.12,1,120
RKEC,RKEC Projects Limited,,2,23.61,3.64,76.24,18.13,59.75,18.13,-69.03,21.18,34.49,False,60.63,-0.134,-0.876,0.742,1.44,1,258
UNIMECH,Unimech Aerospace and Manufacturing Limited,,2,1675.0,3.64,1732.5,706.3,1732.5,706.3,-3.32,1604.7,1203.69,True,60.37,59.008,60.174,-1.166,1.84,1,258
SGMART,SG Mart Limited,,2,755.95,3.63,842.3,319.35,842.3,319.35,-10.25,746.83,599.01,True,52.06,-9.114,-7.104,-2.01,2.36,1,258
TIMEX,Timex Group India Limited,,2,729.1,3.62,732.05,336.35,732.05,336.35,-0.4,671.75,484.94,True,64.32,32.83,27.426,5.404,1.36,1,113
LLOYDSME,Lloyds Metals And Energy Ltd.,Metals & Mining,1,1902.2,3.59,2101.2,1097.54,2101.2,1097.54,-9.47,1840.91,1665.81,True,58.68,-1.028,-12.169,11.141,1.4,1,259
IBULLSLTD,Indiabulls Limited,,2,29.93,3.56,31.59,9.11,31.59,9.11,-5.25,28.25,22.59,True,59.89,0.73,0.482,0.248,0.64,1,259
KRITI,Kriti Industries (India) Limited,,2,62.41,3.55,132.55,54.68,93.39,54.68,-52.92,61.75,78.82,False,50.36,-0.914,-1.253,0.339,0.56,1,256
BLACKBUCK,BLACKBUCK LIMITED,,2,622.4,3.53,733.5,500.2,699.1,500.2,-15.15,606.11,585.14,True,57.42,6.759,8.127,-1.369,0.82,3,259
UNITEDPOLY,United Polyfab Gujarat Limited,,2,46.87,3.51,49.63,21.32,46.87,21.32,-5.56,43.39,34.56,True,70.93,2.653,2.736,-0.083,0.55,1,256
MANIPALHOS,Manipal Health Enterprises Limited,,2,747.75,3.49,797.95,650.5,797.95,650.5,-6.29,733.0,687.08,True,56.57,5.309,5.67,-0.36,1.09,1,40
ALBERTDAVD,Albert David Limited,,2,876.35,3.47,898.6,582.79,898.6,582.79,-2.48,854.48,762.99,True,58.76,11.133,12.756,-1.622,3.42,1,257
HBESD,HB Estate Developers Limited,,2,73.98,3.47,76.66,68.04,76.66,68.04,-3.5,72.43,74.58,False,53.38,,,,4.95,2,30
VMM,Vishal Mega Mart Ltd.,Consumer Services,1,104.3,3.46,150.63,99.68,138.07,99.68,-30.76,103.96,117.29,False,49.36,-1.047,-1.368,0.321,1.59,1,259
GUJALKALI,Gujarat Alkalies and Chemicals Limited,,2,627.15,3.46,780.54,403.27,780.54,403.27,-19.65,650.64,615.31,True,40.62,-14.722,-7.963,-6.759,2.19,1,258
CMLL,Caliber Mining and Logistics Limited,,2,542.9,3.45,599.45,470.8,599.45,470.8,-9.43,503.08,523.96,True,67.8,1.499,-6.867,8.366,2.71,6,48
MANOMAY,Manomay Tex India Limited,,2,236.46,3.45,258.62,164.94,242.89,164.94,-8.57,227.69,206.48,True,61.16,3.381,3.711,-0.33,1.87,1,256
UJJIVANSFB,Ujjivan Small Finance Bank Limited,,2,65.26,3.44,72.47,46.08,72.47,50.44,-9.95,65.21,60.47,True,49.02,-0.864,-0.936,0.072,0.96,1,259
VAML,Vedanta Aluminium Metal Limited,,2,434.45,3.43,487.42,404.3,487.42,404.3,-10.87,428.16,462.07,False,51.91,-4.18,-6.008,1.827,6.37,1,77
MARKSANS,Marksans Pharma Limited,,2,342.75,3.38,347.6,156.46,347.6,156.46,-1.4,329.71,248.08,True,60.06,7.28,7.568,-0.288,1.87,1,259
3PLAND,3P Land Holdings Limited,,2,31.87,3.37,44.46,28.72,38.69,28.72,-28.32,31.38,34.05,False,53.94,-0.232,-0.242,0.01,0.04,1,258
PRECOT,Precot Limited,,2,638.55,3.36,851.12,301.88,851.12,301.88,-24.98,664.34,634.87,True,40.0,-22.216,-21.682,-0.534,3.06,1,257
SUNFLAG,Sunflag Iron And Steel Company Limited,,2,464.3,3.36,464.3,193.54,464.3,193.54,0.0,377.0,323.05,True,85.68,21.085,7.544,13.541,3.19,10,259
IXIGO,Le Travenues Technology Limited,,2,160.24,3.33,335.55,151.68,265.15,151.68,-52.25,162.43,193.02,False,44.61,-3.641,-4.029,0.389,0.46,1,259
KAPSTON,Kapston Services Limited,,2,555.7,3.33,588.4,246.1,588.4,262.33,-5.56,561.6,411.48,True,49.92,6.142,12.903,-6.761,3.42,2,258
PREMIERPOL,Premier Polyfilm Limited,,2,95.89,3.32,100.51,38.21,100.51,39.3,-4.6,89.11,66.37,True,60.25,2.718,1.93,0.788,0.48,1,258
BSE,BSE Ltd.,Financial Services,1,3200.0,3.31,4391.73,2034.84,4391.73,2574.22,-27.14,3259.52,3290.37,False,44.35,-61.872,-56.228,-5.644,5.62,1,259
GOLDIAM,Goldiam International Limited,,2,322.85,3.28,384.05,201.49,384.05,201.49,-15.94,329.52,316.23,True,42.96,-7.838,-7.988,0.15,2.08,1,259
CPEDU,Career Point Edutech Limited,,2,179.6,3.27,328.13,142.18,273.2,142.18,-45.27,181.74,205.58,False,45.51,-4.593,-4.957,0.363,1.24,1,257
TCPLPACK,TCPL Packaging Limited,,2,4117.4,3.25,4394.9,2197.07,4394.9,2197.07,-6.31,3930.74,3218.14,True,60.15,77.455,67.812,9.643,1.48,1,257
GLAND,Gland Pharma Ltd.,Healthcare,1,2989.7,3.24,3026.2,1584.83,3026.2,1584.83,-1.21,2908.19,2323.36,True,60.87,34.237,42.498,-8.261,1.42,1,258
PFS,PTC India Financial Services Limited,,2,28.0,3.24,39.46,24.01,34.51,24.01,-29.04,27.06,30.31,False,58.1,-0.216,-0.375,0.16,1.57,2,259
BLUECOAST,Blue Coast Hotels Limited,,2,22.7,3.23,70.69,19.34,36.98,19.34,-67.89,21.87,29.77,False,52.86,-0.633,-0.861,0.228,0.84,3,256
ASHAPURMIN,Ashapura Minechem Limited,,2,518.8,3.22,899.06,457.77,899.06,457.77,-42.3,534.85,624.46,False,38.54,-21.996,-24.217,2.221,1.41,1,259
ODYCORP,Odyssey Corporation Limited,,2,7.08,3.21,7.92,6.73,7.92,6.73,-10.61,7.02,6.82,True,52.92,,,,0.06,1,30
SILGO,Silgo Retail Limited,,2,70.49,3.19,83.51,63.01,83.51,68.31,-15.59,70.51,72.76,False,49.11,-0.476,-0.404,-0.072,1.12,1,258
BANSALWIRE,Bansal Wire Industries Limited,,2,327.65,3.16,365.8,224.95,365.8,224.95,-10.43,316.87,312.64,True,60.12,0.957,-0.874,1.831,1.27,1,258
MAXIND,Max India Limited,,2,160.24,3.15,224.11,122.85,194.09,122.85,-28.5,150.87,164.92,False,61.86,-0.213,-2.043,1.829,2.1,2,256
ONEPOINT,One Point One Solutions Limited,,2,71.62,3.15,71.62,41.39,71.62,41.39,0.0,62.55,55.19,True,84.2,3.519,2.06,1.459,2.11,1,258
GILLANDERS,Gillanders Arbuthnot & Company Limited,,2,110.75,3.14,126.9,76.69,110.75,76.69,-12.73,104.46,97.84,True,67.67,2.677,2.54,0.137,2.9,1,257
SENCO,Senco Gold Limited,,2,328.3,3.14,417.44,278.04,417.44,278.04,-21.35,341.45,344.42,False,40.77,-7.984,-6.418,-1.566,1.89,1,259
APARINDS,Apar Industries Ltd.,Capital Goods,1,17803.0,3.13,18945.0,6941.9,18945.0,6941.9,-6.03,17595.61,13543.85,True,53.73,302.379,392.184,-89.806,1.53,1,259
RATNAMANI,Ratnamani Metals & Tubes Limited,,2,2833.3,3.09,3032.78,1937.82,3032.78,1937.82,-6.58,2741.15,2510.68,True,59.49,62.606,70.718,-8.112,1.34,1,258
SSWL,Steel Strips Wheels Limited,,2,400.65,3.09,400.65,169.73,400.65,169.73,0.0,362.41,265.01,True,71.87,17.483,15.932,1.551,1.76,6,258
LASERPOWER,Laser Power & Infra Limited,,2,270.45,3.07,337.55,262.4,337.55,262.4,-19.88,283.38,276.35,False,41.87,-9.002,-7.367,-1.635,1.15,1,54
GODAVARIB,Godavari Biorefineries Limited,,2,236.48,3.06,334.9,226.63,334.9,226.63,-29.39,238.9,269.47,False,45.95,-3.044,-3.399,0.355,0.1,1,258
KOHINOOR,Kohinoor Foods Limited,,2,30.99,3.06,36.59,19.76,36.59,19.76,-15.3,30.95,27.71,True,51.52,0.211,0.456,-0.245,1.79,1,257
BHARATCOAL,Bharat Coking Coal Limited,,2,33.5,3.05,42.55,29.95,42.55,29.95,-21.27,32.91,36.08,False,53.83,-0.409,-0.505,0.096,2.73,2,176
ALFREDHE,Alfred Herbert India Limited,,2,2823.0,3.03,3014.67,2735.0,3014.67,2735.0,-6.36,2832.97,2941.54,False,45.84,,,,0.16,1,30
SKYGOLD,SKY GOLD AND DIAMONDS LIMITED,,2,820.85,3.0,848.1,263.25,848.1,301.5,-3.21,796.34,560.53,True,59.08,9.247,12.26,-3.012,1.82,3,259
KWIL,Kwality Wall's (India) Limited,,2,41.0,2.99,48.63,22.47,48.63,22.47,-15.69,41.32,33.65,True,49.65,0.111,0.476,-0.365,1.17,1,157
NTCIND,NTC Industries Limited,,2,136.46,2.97,142.17,130.68,142.17,130.68,-4.02,135.83,140.49,False,48.61,,,,0.21,1,30
SHILPAMED,Shilpa Medicare Limited,,2,1055.75,2.97,1070.8,266.83,1070.8,266.83,-1.41,977.31,609.45,True,67.06,52.757,54.371,-1.614,0.94,3,259
LENSKART,Lenskart Solutions Ltd.,Consumer Services,1,674.6,2.96,707.2,400.15,707.2,404.3,-4.61,673.5,544.96,True,53.12,10.427,16.405,-5.978,0.75,1,225
SAKAR,Sakar Healthcare Limited,,2,1121.85,2.96,1188.4,351.5,1188.4,373.8,-5.6,1099.12,754.53,True,56.28,46.003,57.149,-11.146,0.29,1,259
SPARC,Sun Pharma Advanced Research Company Limited,,2,208.85,2.96,277.57,108.71,277.57,108.71,-24.76,200.85,184.02,True,57.29,0.516,-1.519,2.035,1.45,1,259
VENUSPIPES,Venus Pipes & Tubes Limited,,2,2195.8,2.96,2282.9,893.72,2282.9,893.72,-3.82,2034.28,1534.04,True,67.74,137.479,133.004,4.475,0.46,1,258
MEESHO,Meesho Ltd.,Consumer Services,1,223.21,2.94,240.19,134.77,240.19,134.77,-7.07,217.71,186.55,True,56.72,5.84,6.215,-0.375,1.2,1,203
KSB,Ksb Limited,,2,824.8,2.94,995.13,676.66,995.13,676.66,-17.12,808.03,828.11,False,54.12,-0.47,-3.917,3.447,4.74,1,259
SSDL,Saraswati Saree Depot Limited,,2,83.92,2.94,88.71,47.16,83.92,47.16,-5.4,66.11,64.28,True,80.18,4.891,2.597,2.294,2.11,4,258
KANCHI,Kanchi Karpooram Limited,,2,391.0,2.92,422.3,372.0,422.3,372.0,-7.41,392.01,379.48,True,53.17,,,,1.75,1,30
MARALOVER,Maral Overseas Limited,,2,61.09,2.9,65.83,35.41,65.83,35.41,-7.2,59.37,52.75,True,56.06,0.815,1.045,-0.23,0.55,2,256
PAYTM,One 97 Communications Ltd.,Financial Services,1,1683.0,2.89,1849.9,959.0,1849.9,959.0,-9.02,1714.79,1351.63,True,49.04,28.502,52.405,-23.903,0.91,1,259
UNIVCABLES,Universal Cables Limited,,2,1468.4,2.89,1745.0,582.42,1745.0,582.42,-15.85,1498.13,1163.57,True,46.14,-17.805,-12.164,-5.64,0.68,1,259
WESTLIFE,WESTLIFE FOODWORLD LIMITED,,2,596.6,2.89,696.07,416.56,598.7,416.56,-14.29,569.17,536.99,True,61.27,8.506,5.775,2.731,0.55,3,258
HBLENGINE,HBL Engineering Ltd.,Capital Goods,1,808.3,2.88,1094.45,613.95,965.56,613.95,-26.15,748.26,763.56,True,68.58,24.749,16.389,8.359,0.79,1,259
TECHNOE,Techno Electric & Engineering Company Ltd.,Construction,1,1010.15,2.88,1363.17,887.0,1363.17,887.0,-25.9,991.53,1086.69,False,54.45,4.144,1.061,3.083,1.99,1,259
ELLEN,Ellenbarrie Industrial Gases Limited,,2,369.35,2.87,487.0,180.5,380.2,180.5,-24.16,356.07,320.58,True,57.77,12.289,14.228,-1.94,5.25,1,258
SEPC,SEPC Limited,,2,5.1,2.82,12.16,4.65,10.67,4.65,-58.06,5.25,7.27,False,38.75,-0.17,-0.182,0.011,1.48,1,259
TNPL,Tamil Nadu Newsprint & Papers Limited,,2,151.8,2.82,157.53,119.32,157.16,119.32,-3.64,147.41,143.39,True,56.98,1.235,1.11,0.125,0.72,1,258
BALAXI,BALAXI PHARMACEUTICALS LIMITED,,2,23.02,2.81,44.96,15.67,33.02,15.67,-48.8,23.2,26.44,False,47.24,-0.228,-0.159,-0.069,0.3,1,256
PANAMAPET,Panama Petrochem Limited,,2,480.5,2.81,542.11,230.66,542.11,230.66,-11.36,476.09,385.16,True,52.27,-0.335,-0.061,-0.274,0.76,1,258
ACUTAAS,Acutaas Chemicals Ltd.,Healthcare,1,3304.1,2.79,3692.04,1316.82,3692.04,1601.3,-10.51,3285.93,2784.29,True,51.18,4.614,10.714,-6.1,3.02,1,259
VSTTILLERS,V.S.T Tillers Tractors Limited,,2,4427.4,2.79,6223.65,3996.5,6223.65,3996.5,-28.86,4287.68,4768.12,False,58.49,29.547,-14.674,44.221,0.98,1,258
CMRGREEN,CMR Green Technologies Limited,,2,227.91,2.77,258.95,211.91,258.95,211.91,-11.99,222.92,232.66,False,55.07,1.01,0.448,0.562,2.29,1,80
SHARDAMOTR,Sharda Motor Industries Limited,,2,971.25,2.77,1149.63,693.07,985.75,693.07,-15.52,931.16,886.85,True,63.56,24.443,21.39,3.054,0.64,1,257
SWARNSAR,Swarnsarita Jewels India Limited,,2,41.29,2.76,42.04,33.98,42.04,33.98,-1.78,39.08,34.95,True,60.36,,,,0.33,1,30
RAMRAT,Ram Ratna Wires Limited,,2,583.8,2.75,591.9,276.6,591.9,276.6,-1.37,546.81,420.21,True,64.3,18.595,18.148,0.447,0.9,1,257
PATINTLOG,Patel Integrated Logistics Limited,,2,13.51,2.74,15.95,8.14,15.95,8.14,-15.3,13.6,13.25,True,48.91,0.068,0.056,0.012,3.65,1,254
VIDYAWIRES,Vidya Wires Limited,,2,93.54,2.71,114.0,44.87,114.0,44.87,-17.95,88.62,79.71,True,60.79,0.118,-0.671,0.789,1.68,3,203
BAJAJCON,Bajaj Consumer Care Limited,,2,493.0,2.7,670.25,235.4,670.25,247.45,-26.45,502.83,462.51,True,44.87,-3.58,-2.012,-1.568,1.21,1,259
MAHESHWARI,Maheshwari Logistics Limited,,2,73.53,2.68,74.96,39.69,74.96,39.69,-1.91,72.02,63.05,True,55.41,0.085,-0.183,0.268,2.04,1,256
PARACABLES,Paramount Communications Limited,,2,57.85,2.66,74.13,28.56,74.13,28.56,-21.96,61.57,55.4,True,37.71,-1.537,-0.948,-0.589,0.88,1,259
STYLEBAAZA,Baazar Style Retail Limited,,2,405.0,2.66,439.6,237.15,439.6,237.15,-7.87,385.43,341.56,True,59.73,4.155,5.12,-0.965,1.84,3,259
HYBRIDFIN,Hybrid Financial Services Limited,,2,17.82,2.65,33.62,15.51,25.69,15.51,-47.0,16.96,18.23,False,61.0,-0.048,-0.211,0.164,2.28,2,250
THEMISMED,Themis Medicare Limited,,2,119.95,2.65,137.15,65.8,132.53,65.8,-12.54,120.96,109.49,True,49.19,0.179,1.471,-1.292,0.31,1,259
IOLCP,IOL Chemicals and Pharmaceuticals Limited,,2,201.48,2.64,213.04,68.15,213.04,68.15,-5.43,197.02,137.67,True,55.95,6.017,7.402,-1.385,0.37,1,259
INDORAMA,Indo Rama Synthetics (India) Limited,,2,103.44,2.62,106.55,30.09,106.55,30.09,-2.92,89.59,55.63,True,73.03,10.057,9.419,0.638,0.67,2,259
TATVA,Tatva Chintan Pharma Chem Limited,,2,1806.4,2.62,1806.4,990.3,1806.4,1051.13,0.0,1712.04,1414.91,True,61.4,40.095,28.505,11.59,1.25,1,259
ASAHIINDIA,Asahi India Glass Ltd.,Automobile and Auto Components,1,957.95,2.61,1064.22,782.79,1035.47,782.79,-9.99,955.92,911.31,True,52.02,4.533,7.999,-3.465,1.95,1,259
AVONMORE,Avonmore Capital & Management Services Limited,,2,12.99,2.61,19.39,9.15,19.39,9.15,-33.01,13.12,13.3,False,49.58,0.06,0.183,-0.123,0.94,1,257
ODIGMA,Odigma Consultancy Solutions Limited,,2,21.41,2.59,48.07,20.46,32.98,20.46,-55.46,21.61,26.96,False,43.99,-0.45,-0.417,-0.033,1.51,1,257
PRITI,Priti International Limited,,2,32.14,2.59,78.72,31.33,60.46,31.33,-59.17,33.17,44.21,False,42.21,-0.673,-0.689,0.016,0.81,1,256
RRKABEL,R R Kabel Ltd.,Capital Goods,1,2523.2,2.58,2928.4,1225.88,2928.4,1290.15,-13.84,2511.69,2076.25,True,49.44,-39.781,-53.286,13.506,0.45,1,259
SANGAMIND,Sangam (India) Limited,,2,645.55,2.58,645.55,394.69,645.55,413.17,0.0,592.0,526.76,True,72.72,8.567,0.826,7.741,3.11,5,256
MCCHRLS-B,Mac Charles India Limited,,2,695.35,2.57,695.35,654.8,695.35,654.8,0.0,673.15,663.91,True,61.71,,,,0.4,1,30
INDOWIND,Indowind Energy Limited,,2,8.86,2.55,17.93,7.06,16.81,7.06,-50.59,8.93,10.58,False,46.36,-0.066,-0.049,-0.017,1.01,1,257
NDRAUTO,Ndr Auto Components Limited,,2,739.9,2.54,1054.39,607.86,886.81,607.86,-29.83,733.49,810.66,False,50.47,-5.164,-11.949,6.785,0.94,1,257
WEWORK,WeWork India Management Limited,,2,667.15,2.54,755.4,426.5,755.4,426.5,-11.68,670.26,633.56,True,46.41,-7.69,-7.199,-0.491,1.26,1,242
CPPLUS,Aditya Infotech Ltd.,Capital Goods,1,3817.6,2.53,3899.1,1275.52,3899.1,1370.48,-2.09,3672.54,2830.54,True,57.15,35.614,23.486,12.128,0.88,2,259
DRREDDY,Dr. Reddy's Laboratories Ltd.,Healthcare,1,1251.9,2.53,1367.03,1135.6,1367.03,1135.6,-8.42,1190.52,1235.73,True,70.21,12.734,3.321,9.413,3.26,3,259
NITCO,Nitco Limited,,2,86.75,2.53,118.48,64.95,117.31,64.95,-26.78,90.42,96.59,False,40.41,-2.373,-2.218,-0.155,2.83,1,258
SOTL,Savita Oil Technologies Limited,,2,717.0,2.53,776.27,286.01,776.27,286.01,-7.64,708.07,534.83,True,53.68,7.767,9.666,-1.899,0.31,1,259
BLUESTONE,BlueStone Jewellery and Lifestyle Limited,,2,806.05,2.52,930.4,403.45,930.4,403.45,-13.37,833.28,649.35,True,46.65,0.79,11.079,-10.288,1.31,1,258
SGL,STL Global Limited,,2,9.35,2.52,16.64,8.54,13.32,8.54,-43.81,9.56,11.1,False,45.43,-0.21,-0.164,-0.045,0.9,2,256
AEROENTER,Aeroflex Enterprises Limited,,2,124.7,2.5,154.73,64.75,154.73,64.75,-19.41,128.62,109.93,True,45.32,-3.001,-2.093,-0.907,0.39,1,258
INDOBORAX,Indo Borax & Chemicals Limited,,2,489.5,2.5,516.05,208.94,516.05,222.77,-5.14,473.8,348.27,True,56.91,0.488,3.043,-2.555,1.84,2,258
AMAL,Amal Limited,,2,682.1,2.49,793.6,665.55,793.6,665.55,-14.05,714.0,738.27,False,38.26,,,,0.42,1,30
SHADOWFAX,Shadowfax Technologies Limited,,2,280.85,2.48,285.8,100.85,285.8,100.85,-1.73,265.57,194.34,True,63.19,9.006,6.874,2.132,1.37,1,170
BATLIBOI,Batliboi Limited,,2,85.24,2.46,102.67,15.59,102.67,15.59,-16.98,84.65,62.68,True,50.63,-0.797,-0.828,0.032,0.6,1,120
IVALUE,Ivalue Infosolutions Limited,,2,224.61,2.46,326.8,212.6,313.15,212.6,-31.27,232.93,259.04,False,39.32,-9.352,-10.749,1.397,0.7,1,253
NEAGI,Neelamalai Agro Industries Limited,,2,3483.5,2.46,3496.7,3300.1,3496.7,3300.1,-0.38,3415.45,3345.24,True,56.8,,,,0.13,1,30
AKUMS,Akums Drugs and Pharmaceuticals Limited,,2,819.55,2.45,823.3,412.1,823.3,417.72,-0.46,788.03,613.88,True,62.36,20.613,18.968,1.645,0.58,1,257
TEGA,Tega Industries Ltd.,Capital Goods,1,2060.6,2.44,2129.0,1475.68,2129.0,1475.68,-3.21,1889.31,1752.47,True,67.15,115.604,90.972,24.632,0.4,1,258
MANAKSIA,Manaksia Limited,,2,61.66,2.44,70.95,42.54,70.95,42.54,-13.09,63.35,60.87,True,47.09,0.742,1.479,-0.738,0.66,1,257
ROHLTD,Royal Orchid Hotels Limited,,2,306.35,2.44,541.3,269.06,413.91,269.06,-43.4,304.18,344.96,False,51.61,-0.142,-0.727,0.585,0.86,1,256
DELHIVERY,Delhivery Ltd.,Services,1,417.4,2.43,520.3,378.5,520.3,378.5,-19.78,433.87,454.29,False,37.46,-10.738,-9.378,-1.361,2.23,1,259
KIRANVYPAR,Kiran Vyapar Limited,,2,189.66,2.42,218.79,185.17,218.79,185.17,-13.31,201.59,197.09,False,40.95,,,,3.97,1,30
HYUNDAI,Hyundai Motor India Ltd.,Automobile and Auto Components,1,2100.0,2.4,2617.01,1675.4,2339.66,1675.4,-19.76,2136.82,2117.03,False,45.03,-22.306,-9.763,-12.543,1.23,1,259
PANACEABIO,Panacea Biotec Limited,,2,375.25,2.4,607.75,296.05,607.75,296.05,-38.26,381.98,417.64,False,42.92,-9.789,-10.989,1.2,0.64,1,259
3BBLACKBIO,3B Blackbio Dx Limited,,2,1622.7,2.39,1622.7,1139.74,1622.7,1139.74,0.0,1419.59,1209.15,True,72.73,,,,1.69,3,31
CORALFINAC,Coral India Finance & Housing Limited,,2,32.17,2.39,44.73,25.67,40.78,25.67,-28.08,32.31,34.52,False,47.58,-0.346,-0.281,-0.065,2.04,1,257
BANDHANBNK,Bandhan Bank Ltd.,Financial Services,1,185.31,2.38,214.88,134.31,214.88,136.79,-13.76,178.29,177.16,True,58.34,3.239,1.764,1.476,0.73,1,259
RUBFILA,Rubfila International Limited,,2,63.85,2.37,81.67,56.26,79.04,56.26,-21.82,65.03,70.04,False,45.11,-0.895,-0.784,-0.111,0.69,1,256
INDIAGLYCO,India Glycols Limited,,2,304.5,2.35,1203.3,236.2,1203.3,236.2,-74.69,397.85,877.43,False,28.39,-147.681,-177.843,30.162,0.72,1,259
MARINE,Marine Electricals (India) Limited,,2,438.25,2.35,438.25,151.59,438.25,151.59,0.0,405.81,283.13,True,63.08,13.824,13.772,0.052,1.01,3,259
UTKARSHBNK,Utkarsh Small Finance Bank Limited,,2,13.91,2.35,22.18,10.22,15.9,10.22,-37.29,14.2,14.93,False,44.07,-0.222,-0.141,-0.081,0.37,1,259
TIPSFILMS,Tips Films Limited,,2,339.55,2.34,451.5,281.45,445.3,281.45,-24.8,329.11,363.87,False,54.84,-3.981,-6.906,2.925,6.13,1,256
CNL,Creative Newtech Limited,,2,1097.7,2.33,1279.02,527.91,1279.02,527.91,-14.18,1125.38,859.32,True,46.05,-13.346,-5.12,-8.226,0.7,1,256
LANDMARK,Landmark Cars Limited,,2,487.0,2.33,656.33,348.35,569.95,348.35,-25.8,494.96,481.28,True,46.04,-5.046,-4.651,-0.395,18.45,1,257
WCIL,Western Carriers (India) Limited,,2,94.91,2.33,136.24,77.87,123.69,77.87,-30.34,91.73,101.12,False,59.92,2.16,1.642,0.517,1.15,1,259
PLASTIBLEN,Plastiblends India Limited,,2,204.5,2.32,204.5,119.74,204.5,119.74,0.0,191.85,176.24,True,66.17,2.367,0.569,1.797,1.23,1,259
SURAKSHA,Suraksha Diagnostic Limited,,2,355.05,2.31,356.0,227.95,356.0,227.95,-0.27,338.22,293.67,True,65.78,11.32,11.691,-0.372,0.91,2,257
NAZARA,Nazara Technologies Limited,,2,388.4,2.3,388.4,217.65,388.4,217.65,0.0,369.76,307.32,True,69.5,6.955,6.163,0.792,1.85,6,259
EIHOTEL,EIH Ltd.,Consumer Services,1,301.85,2.29,397.3,272.31,370.42,272.31,-24.02,298.09,323.44,False,52.34,-0.425,-1.515,1.09,5.5,2,259
SPORTKING,Sportking India Limited,,2,212.16,2.29,229.6,79.34,229.6,79.34,-7.6,211.81,166.94,True,50.41,-0.832,-0.429,-0.402,0.81,1,257
COCHINSHIP,Cochin Shipyard Ltd.,Capital Goods,1,1359.3,2.28,1850.89,1191.76,1812.66,1191.76,-26.56,1400.2,1517.77,False,41.55,-32.422,-27.703,-4.719,1.31,1,259
KHAITANLTD,Khaitan (India) Limited,,2,150.01,2.26,162.87,90.55,162.87,90.55,-7.9,151.62,131.41,True,48.79,0.063,1.574,-1.512,0.75,2,256
GUJTHEM,Gujarat Themis Biosyn Limited,,2,406.5,2.25,469.14,226.53,452.51,226.53,-13.35,411.73,377.82,True,48.85,2.901,6.969,-4.068,0.25,1,259
PBMPOLY,PBM Polytex Limited,,2,61.0,2.25,65.01,58.67,65.01,58.67,-6.17,61.66,60.67,True,48.61,,,,1.58,1,30
SAYAJIIND,Sayaji Industries Limited,,2,118.7,2.25,122.0,109.7,122.0,109.7,-2.7,117.41,111.54,True,56.76,,,,3.56,1,30
ZSARACOM,Saraswati Commercial India Limited,,2,10233.0,2.25,13076.0,9948.0,13076.0,9948.0,-21.74,10655.28,12520.22,False,35.71,,,,0.5,1,30
SHRIPISTON,SPR Auto Technologies Limited,,2,4749.2,2.24,4749.2,2588.52,4749.2,2661.01,0.0,4535.75,3768.34,True,62.36,52.585,23.73,28.855,3.54,1,258
THACKER,Thacker & Company Limited,,2,996.8,2.24,1100.0,949.0,1100.0,949.0,-9.38,1011.04,1046.45,False,46.33,,,,0.71,1,30
FABTECH,Fabtech Technologies Limited,,2,147.47,2.23,254.37,133.36,238.11,133.36,-42.03,146.99,159.44,False,50.74,-0.47,-0.445,-0.026,0.87,1,246
GSLSU,Global Surfaces Limited,,2,30.74,2.23,133.46,24.2,121.0,24.2,-76.97,29.7,54.24,False,53.85,0.319,-0.1,0.42,0.4,1,256
SBC,SBC Exports Limited,,2,54.73,2.22,54.73,21.4,54.73,28.19,0.0,48.57,37.35,True,82.99,2.616,2.135,0.481,1.31,3,259
ANIKINDS,Anik Industries Limited,,2,43.98,2.21,80.48,32.87,55.08,32.87,-45.35,43.9,47.55,False,50.09,-0.214,-0.131,-0.083,0.76,1,258
KINGFA,Kingfa Science & Technology (India) Limited,,2,6524.5,2.2,6524.5,3745.8,6524.5,3745.8,0.0,6100.34,5135.29,True,69.34,151.211,119.43,31.781,1.42,3,257
ANTHEM,Anthem Biosciences Ltd.,Healthcare,1,869.75,2.19,957.8,590.86,957.8,590.86,-9.19,898.76,797.31,True,42.1,-4.61,6.813,-11.423,0.76,1,259
GAYAPROJ,Gayatri Projects Limited,,2,22.44,2.19,26.15,10.99,26.15,11.53,-14.19,23.28,18.58,True,46.19,0.236,0.606,-0.371,0.4,1,259
IRFC,Indian Railway Finance Corporation Ltd.,Financial Services,1,80.26,2.18,132.24,78.55,132.24,78.55,-39.31,81.09,97.0,False,42.39,-1.463,-1.626,0.163,2.13,1,259
SANGHVIMOV,Sanghvi Movers Limited,,2,454.0,2.18,520.75,225.54,520.75,225.54,-12.82,442.5,392.75,True,54.78,-1.831,-5.639,3.809,1.04,1,259
TVSSCS,TVS Supply Chain Solutions Limited,,2,131.3,2.18,141.66,90.97,141.66,90.97,-7.31,130.01,124.71,True,52.66,0.424,0.284,0.139,1.08,1,258
KANSAINER,Kansai Nerolac Paints Limited,,2,181.33,2.17,253.83,157.2,239.37,157.2,-28.56,186.07,206.67,False,36.86,-5.081,-4.878,-0.203,2.08,1,257
KLBRENG-B,Kilburn Engineering Limited,,2,525.55,2.17,525.55,355.32,525.55,355.32,0.0,478.54,384.98,True,75.56,,,,1.17,1,31
WPIL,WPIL Limited,,2,431.5,2.17,461.5,422.35,461.5,422.35,-6.5,435.4,429.72,True,49.8,,,,1.08,1,30
DELTAMAGNT,Delta Manufacturing Limited,,2,57.07,2.15,86.41,46.2,71.84,46.2,-33.95,56.34,62.45,False,52.06,-0.445,-0.613,0.168,0.81,1,257
SJS,S.J.S. Enterprises Limited,,2,2309.8,2.13,2561.7,1449.35,2561.7,1516.14,-9.83,2335.89,2053.38,True,46.94,-28.456,-24.831,-3.625,1.72,1,258
CLEDUCATE,CL Educate Limited,,2,55.43,2.12,98.46,38.06,88.09,38.06,-43.7,57.08,61.45,False,43.03,-1.341,-1.01,-0.331,0.93,1,256
GRINFRA,G R Infraprojects Limited,,2,816.25,2.12,1279.82,795.95,1039.14,795.95,-36.22,834.3,939.25,False,40.01,-18.17,-16.247,-1.922,0.56,1,259
NAHARINDUS,Nahar Industrial Enterprises Limited,,2,130.17,2.12,147.6,84.16,147.6,84.16,-11.81,131.05,117.81,True,49.38,0.225,0.981,-0.756,1.64,1,258
VINDHYATEL,Vindhya Telelinks Limited,,2,2653.3,2.11,2916.4,971.9,2916.4,971.9,-9.02,2689.44,1951.82,True,50.12,57.641,88.491,-30.851,0.67,1,259
INDUSTOWER,Indus Towers Ltd.,Telecommunication,1,367.55,2.1,460.42,326.27,460.42,360.0,-20.17,376.16,386.9,False,43.5,-1.888,-0.383,-1.505,2.06,1,259
KPITTECH,KPIT Technologies Ltd.,Information Technology,1,519.7,2.1,1256.31,509.0,1217.13,509.0,-58.63,544.07,750.13,False,34.19,-19.097,-16.608,-2.489,2.19,1,259
JAINREC,Jain Resource Recycling Ltd.,Metals & Mining,1,287.65,2.09,571.5,272.75,571.5,272.75,-49.67,286.84,350.09,False,48.92,-3.075,-5.06,1.985,0.9,1,248
ZUARI,Zuari Agro Chemicals Limited,,2,221.66,2.09,337.35,181.17,337.35,181.17,-34.29,221.85,235.98,False,48.84,-1.769,-1.971,0.202,0.8,1,259
VIJSOLX,Vijay Solvex Limited,,2,649.3,2.08,706.0,625.9,706.0,625.9,-8.03,650.08,690.4,False,44.91,,,,0.02,2,30
SAMBHAAV,Sambhaav Media Limited,,2,5.92,2.07,11.02,5.21,9.97,5.21,-46.28,5.97,6.67,False,46.38,-0.075,-0.086,0.011,2.78,1,256
STOVEKRAFT,Stove Kraft Limited,,2,813.65,2.07,849.25,451.61,849.25,451.61,-4.19,817.6,695.71,True,49.74,2.92,7.235,-4.316,0.55,1,258
CHENNPETRO,Chennai Petroleum Corporation Ltd.,Oil Gas & Consumable Fuels,1,1436.9,2.05,1626.4,687.91,1626.4,744.1,-11.65,1420.96,1115.63,True,53.37,6.495,20.648,-14.153,1.51,3,259
TEXRAIL,Texmaco Rail & Engineering Limited,,2,125.67,2.05,141.43,78.3,139.2,78.3,-11.14,117.94,114.62,True,64.97,3.787,2.77,1.017,0.98,1,259
DVL,Dhunseri Ventures Limited,,2,287.65,2.04,362.43,186.4,298.2,186.4,-20.63,284.75,266.81,True,53.82,3.567,4.474,-0.907,1.16,1,257
ADANIGREEN,Adani Green Energy Ltd.,Power,1,1260.0,2.02,1604.5,772.8,1604.5,772.8,-21.47,1288.95,1248.61,True,43.68,-15.32,-15.325,0.005,1.35,1,259
AMNPLST,Amines & Plasticizers Limited,,2,170.18,2.01,229.84,128.45,220.47,128.45,-25.96,170.19,185.59,False,46.49,-4.263,-5.261,0.998,11.94,2,258
LCL,Lohia Corp Limited,,2,581.65,2.01,598.2,494.6,598.2,494.6,-2.77,562.17,515.05,True,57.58,9.075,6.419,2.656,0.55,1,44
OPTIFIN,Optimus Finance Limited,,2,14.82,2.0,16.7,11.76,16.7,11.76,-11.26,14.42,12.36,True,55.98,,,,0.36,1,31
QUADFUTURE,Quadrant Future Tek Limited,,2,542.15,2.0,547.5,252.65,547.5,252.65,-0.98,491.49,382.93,True,67.03,34.801,32.16,2.641,0.47,1,259
GREAVESCOT,Greaves Cotton Limited,,2,234.99,1.99,261.46,119.63,261.46,119.63,-10.12,207.76,195.57,True,74.47,7.128,1.599,5.528,1.25,1,259
NRAIL,N R Agarwal Industries Limited,,2,660.5,1.99,677.25,383.52,677.25,387.45,-2.47,617.02,486.1,True,63.25,35.309,35.131,0.179,0.32,1,258
ABBOTINDIA,Abbott India Ltd.,Healthcare,1,27270.0,1.98,29563.22,24604.26,28361.34,24604.26,-7.76,26600.66,26848.33,True,59.46,146.457,2.426,144.031,2.33,1,258
COMPUSOFT,Compucom Software Limited,,2,13.36,1.98,19.32,11.94,16.26,11.94,-30.85,13.18,14.06,False,54.5,0.045,0.031,0.014,0.61,1,258
POCL,Pondy Oxides & Chemicals Limited,,2,461.6,1.98,615.2,402.7,615.2,402.7,-24.97,469.99,506.12,False,43.98,-7.449,-8.971,1.522,0.7,1,259
TTKHLTCARE,TTK Healthcare Limited,,2,1033.7,1.98,1191.0,732.12,1191.0,732.12,-13.21,1068.57,1009.8,True,42.04,-17.105,-7.503,-9.601,0.22,1,258
VGCL,Vibrant Global Capital Limited,,2,47.5,1.98,59.96,46.58,59.96,46.58,-20.78,49.72,56.59,False,37.29,,,,0.57,1,30
VOGL,Vedanta Oil and Gas Limited,,2,33.96,1.98,44.59,31.32,44.59,31.32,-23.84,35.45,36.25,False,41.13,-0.925,-0.733,-0.193,1.68,1,77
HINDPETRO,Hindustan Petroleum Corporation Ltd.,Oil Gas & Consumable Fuels,1,349.2,1.97,474.6,303.51,474.6,303.51,-26.42,354.59,375.82,False,43.09,-3.98,-3.917,-0.063,1.07,1,259
COFFEEDAY,Coffee Day Enterprises Limited,,2,30.51,1.97,44.11,21.12,40.76,21.12,-30.83,30.71,32.06,False,48.41,-0.131,-0.027,-0.105,0.64,1,259
PARASPETRO,Paras Petrofils Limited,,2,2.07,1.97,2.89,1.56,2.89,1.56,-28.37,2.13,2.19,False,39.55,-0.042,-0.038,-0.005,0.99,1,259
NOIDATOLL,Noida Toll Bridge Company Limited,,2,3.65,1.96,7.17,2.92,7.17,2.92,-49.09,3.95,4.28,False,31.62,-0.116,-0.09,-0.026,4.31,1,257
FINCABLES,Finolex Cables Ltd.,Capital Goods,1,1435.5,1.95,1480.0,705.77,1480.0,705.77,-3.01,1381.68,1058.07,True,60.21,59.567,62.104,-2.536,0.62,1,259
MEGASTAR,Megastar Foods Limited,,2,253.15,1.95,383.35,208.4,383.35,208.4,-33.96,278.34,288.45,False,27.25,-14.855,-12.46,-2.394,2.64,1,257
NELCAST,Nelcast Limited,,2,118.93,1.95,159.35,87.71,159.35,87.71,-25.37,113.08,124.53,False,58.21,-1.072,-2.603,1.532,1.6,1,257
ADVAIT,Advait Energy Transitions Limited,,2,1903.6,1.94,2448.22,1374.26,2448.22,1374.26,-22.25,2005.23,1935.33,False,34.53,-62.383,-49.523,-12.86,1.04,1,175
PAUSHAKLTD,Paushak Limited,,2,668.3,1.91,806.15,343.32,806.15,343.32,-17.1,705.1,588.57,True,39.75,-14.826,-4.283,-10.542,0.78,1,209
DEEPINDS,Deep Industries Limited,,2,782.5,1.89,818.7,330.29,818.7,330.29,-4.42,748.6,551.72,True,61.11,25.746,29.1,-3.354,0.55,1,259
FDC,FDC Limited,,2,350.1,1.89,459.79,321.1,434.25,321.1,-23.86,349.33,384.29,False,48.82,-2.837,-3.86,1.023,0.79,2,258
RKDL,Ravi Kumar Distilleries Limited,,2,18.36,1.89,27.99,16.83,24.37,16.83,-34.41,18.42,20.59,False,48.22,-0.051,-0.073,0.022,0.66,1,257
TRACXN,Tracxn Technologies Limited,,2,32.94,1.89,55.28,25.99,40.97,25.99,-40.41,31.41,34.02,False,63.3,0.75,0.573,0.178,0.95,1,259
BAJAJST,Bajaj Steel Industries Limited,,2,345.1,1.86,368.84,338.8,368.84,338.8,-6.44,351.64,357.32,False,42.5,,,,0.52,1,30
SHK,S H Kelkar and Company Limited,,2,140.33,1.85,238.82,112.34,183.31,112.34,-41.24,142.69,156.0,False,44.51,-3.267,-3.7,0.433,0.75,1,259
BLAL,BEML Land Assets Limited,,2,163.65,1.84,215.58,155.74,211.13,155.74,-24.09,163.5,182.75,False,47.68,-1.356,-1.837,0.481,0.86,1,259
SHIVATEX,Shiva Texyarn Limited,,2,168.97,1.84,192.92,126.61,184.75,126.61,-12.41,171.96,164.8,True,45.84,-0.18,1.497,-1.678,0.27,1,256
SOLARA,Solara Active Pharma Sciences Limited,,2,749.85,1.84,753.25,425.55,753.25,425.55,-0.45,708.94,583.85,True,66.73,35.069,38.704,-3.635,0.73,1,259
STAR,Strides Pharma Science Limited,,2,1172.6,1.84,1235.1,789.85,1235.1,789.85,-5.06,1160.15,1023.05,True,55.73,35.558,43.102,-7.544,0.61,1,259
SCHAND,S Chand And Company Limited,,2,147.29,1.83,187.44,128.3,172.76,128.3,-21.42,138.52,151.32,False,66.61,1.136,-0.528,1.664,1.37,1,256
TBOTEK,TBO Tek Ltd.,Consumer Services,1,1684.7,1.81,1745.1,1018.0,1745.1,1018.0,-3.46,1682.77,1499.07,True,51.59,8.818,14.472,-5.654,0.78,1,258
ZUARIIND,ZUARI INDUSTRIES LIMITED,,2,281.85,1.81,380.29,212.51,324.7,212.51,-25.89,274.14,270.04,True,56.79,3.402,2.112,1.29,0.84,1,258
GRANULES,Granules India Ltd.,Healthcare,1,866.75,1.8,909.3,513.53,909.3,536.43,-4.68,864.5,747.21,True,51.19,1.928,4.441,-2.513,0.76,1,258
ARIS,Arisinfra Solutions Limited,,2,135.0,1.8,175.58,84.18,154.2,84.18,-23.11,134.08,128.54,True,51.62,1.521,0.799,0.722,0.76,1,259
CONFIPET,Confidence Petroleum India Limited,,2,87.19,1.8,91.84,28.78,91.84,28.78,-5.06,85.83,64.73,True,54.31,2.08,2.536,-0.457,0.49,1,259
UPHOT,U P Hotels Limited,,2,1530.0,1.8,1550.0,1330.0,1550.0,1330.0,-1.29,1474.75,1448.17,True,58.07,,,,0.31,2,30
XTGLOBAL,Xtglobal Infotech Limited,,2,29.43,1.8,41.32,25.95,38.58,25.95,-28.78,29.77,31.79,False,46.46,-0.268,-0.202,-0.066,0.43,1,258
HCG,Healthcare Global Enterprises Limited,,2,703.6,1.79,776.3,521.75,745.25,521.75,-9.36,699.9,657.06,True,51.75,0.477,0.467,0.01,0.89,1,259
CROWN,Crown Lifters Limited,,2,115.73,1.77,162.01,102.7,155.34,102.7,-28.57,114.44,122.23,False,52.94,2.034,1.775,0.259,0.5,1,257
KERNEX,Kernex Microsystems (India) Limited,,2,1744.1,1.77,2549.2,857.0,2549.2,857.0,-31.58,1753.16,1645.5,True,46.38,-52.13,-68.37,16.24,0.74,2,259
NATCOPHARM,NATCO Pharma Ltd.,Healthcare,1,843.1,1.76,1203.96,788.84,1203.96,810.45,-29.97,835.59,917.88,False,50.49,-9.79,-15.528,5.738,1.48,1,259
QUICKHEAL,Quick Heal Technologies Limited,,2,145.92,1.76,347.55,125.53,278.1,125.53,-58.01,148.49,186.68,False,45.39,-0.234,0.269,-0.503,0.33,1,259
SUPRAJIT,Suprajit Engineering Limited,,2,492.1,1.76,529.14,395.67,529.14,395.67,-7.0,489.86,467.62,True,50.51,-3.259,-3.966,0.708,1.02,1,257
CARYSIL,CARYSIL LIMITED,,2,1056.5,1.75,1248.47,735.15,1248.47,735.15,-15.38,1100.89,1045.08,True,39.0,-27.049,-19.393,-7.656,1.04,1,259
HECPROJECT,HEC Infra Projects Limited,,2,114.82,1.74,151.61,95.88,150.05,95.88,-24.27,117.52,125.61,False,42.84,-2.283,-2.253,-0.031,0.51,1,257
JMA,Jullundur Motor Agency (Delhi) Limited,,2,89.34,1.74,97.14,68.6,97.14,68.6,-8.03,89.87,86.31,True,48.71,-0.286,0.199,-0.485,0.41,1,257
ORIENTBELL,Orient Bell Limited,,2,402.6,1.74,420.1,251.55,420.1,251.55,-4.17,393.24,331.28,True,58.51,7.374,9.476,-2.102,1.16,1,258
KRISHNADEF,Krishna Defence And Allied Industries Limited,,2,1013.0,1.73,1368.86,672.54,1368.86,672.54,-26.0,1033.49,1057.0,False,42.46,-21.349,-22.626,1.277,0.67,1,258
VALIANTORG,Valiant Organics Limited,,2,404.6,1.72,426.65,197.64,426.65,197.64,-5.17,381.52,302.35,True,65.74,27.22,27.919,-0.699,0.73,1,254
RHIM,RHI MAGNESITA INDIA LTD.,Capital Goods,1,393.2,1.71,488.8,331.89,480.46,331.89,-19.56,378.37,401.16,False,63.69,2.474,-0.677,3.151,0.68,3,258
EDELWEISS,Edelweiss Financial Services Limited,,2,137.77,1.71,142.03,98.58,142.03,98.58,-3.0,133.88,118.78,True,58.15,3.484,3.52,-0.035,0.45,1,259
URJA,Urja Global Limited,,2,8.9,1.71,13.33,8.01,12.64,8.01,-33.23,9.03,10.23,False,42.21,-0.099,-0.099,-0.0,1.24,1,259
JAYBARMARU,Jay Bharat Maruti Limited,,2,124.6,1.7,198.11,75.24,198.11,75.24,-37.11,119.74,120.76,True,54.85,-2.655,-4.912,2.257,1.96,2,258
KAMAHOLD,Kama Holdings Limited,,2,2241.1,1.7,2448.5,2199.6,2448.5,2199.6,-8.47,2276.39,2413.67,False,35.59,,,,1.05,1,30
MSPL,MSP Steel & Power Limited,,2,33.55,1.7,44.75,26.45,44.75,26.45,-25.03,34.14,36.18,False,45.65,-0.382,-0.391,0.009,1.86,1,257
THOMASCOOK,Thomas Cook  (India)  Limited,,2,103.92,1.7,166.6,87.59,148.06,87.59,-37.62,105.29,113.16,False,45.79,-0.88,-0.44,-0.44,1.05,1,259
INDOTECH,Indo Tech Transformers Limited,,2,3186.2,1.68,3890.94,1101.63,3890.94,1101.63,-18.11,3378.34,2699.47,True,32.67,-111.724,-76.189,-35.535,1.11,1,258
IZMO,IZMO Limited,,2,888.2,1.68,1348.7,597.55,1124.0,597.55,-34.14,906.93,891.82,False,44.37,-6.59,-6.029,-0.561,0.38,1,258
STYLAMIND,Stylam Industries Limited,,2,3336.4,1.68,3736.4,1629.8,3736.4,2164.0,-10.71,3334.65,2859.94,True,49.15,-31.523,-41.184,9.661,2.26,1,259
INDOMIM,INDO-MIM Limited,,2,1248.15,1.67,1311.15,741.75,1311.15,741.75,-4.8,1101.26,822.69,True,70.95,100.319,81.111,19.208,0.56,1,44
MUNJALSHOW,Munjal Showa Limited,,2,126.32,1.66,140.08,107.02,140.08,107.02,-9.82,128.51,128.11,False,44.15,-0.913,-0.952,0.039,1.38,1,259
KIRLOSIND,Kirloskar Industries Limited,,2,3578.6,1.65,4298.53,2463.88,4298.53,2463.88,-16.75,3680.22,3564.29,True,40.57,-40.996,-22.374,-18.622,0.19,1,258
KNRCON,KNR Constructions Limited,,2,119.33,1.65,198.59,109.4,178.57,109.4,-39.91,121.66,136.78,False,44.29,-1.559,-1.388,-0.171,0.56,1,259
NIRAJ,Niraj Cement Structurals Limited,,2,28.36,1.65,46.48,20.73,43.2,20.73,-38.98,28.25,31.16,False,50.34,-0.113,-0.179,0.066,2.76,1,258
SUNRAKSHAK,Sunrakshakk Industries India Limited,,2,365.6,1.65,380.45,359.65,380.45,359.65,-3.9,368.01,375.17,False,45.65,,,,0.61,1,30
RKFORGE,Ramkrishna Forgings Ltd.,Automobile and Auto Components,1,714.65,1.64,755.0,461.96,755.0,461.96,-5.34,711.37,615.88,True,52.18,0.69,2.42,-1.73,1.5,1,259
JASH,Jash Engineering Limited,,2,598.4,1.64,598.4,338.51,598.4,338.51,0.0,543.8,473.57,True,71.37,27.304,18.973,8.331,0.56,1,257
ACI,Archean Chemical Industries Limited,,2,490.6,1.63,689.79,455.25,622.26,455.25,-28.88,481.62,546.13,False,52.88,-5.466,-9.313,3.847,1.48,2,258
AFFORDABLE,Affordable Robotic & Automation Limited,,2,173.52,1.63,284.02,120.87,216.77,120.87,-38.91,169.6,184.91,False,54.35,1.138,-0.614,1.752,0.68,1,256
NEOGEN,Neogen Chemicals Limited,,2,2435.3,1.63,2488.4,979.33,2488.4,1074.48,-2.13,2333.61,1857.54,True,60.88,59.08,57.785,1.295,0.71,3,259
NITINSPIN,Nitin Spinners Limited,,2,606.15,1.63,652.07,303.94,652.07,306.03,-7.04,615.27,495.95,True,47.46,1.509,7.588,-6.078,0.71,1,258
EMCURE,Emcure Pharmaceuticals Ltd.,Healthcare,1,1959.1,1.62,2009.3,1269.33,2009.3,1361.85,-2.5,1945.19,1722.31,True,53.56,15.511,18.472,-2.961,1.58,1,259
IRIS,IRIS RegTech Solutions Limited,,2,230.23,1.62,376.4,210.91,313.9,210.91,-38.83,239.4,259.67,False,41.26,-4.617,-3.113,-1.504,1.12,1,257
APCOTEXIND,Apcotex Industries Limited,,2,595.45,1.61,681.6,310.79,681.6,310.79,-12.64,604.1,502.82,True,46.02,-3.61,-1.607,-2.002,0.51,1,258
DBREALTY,Valor Estate Limited,,2,97.82,1.6,163.21,83.97,141.99,83.97,-40.06,99.53,115.7,False,42.59,-2.201,-2.726,0.524,0.89,1,259
EQUITASBNK,Equitas Small Finance Bank Limited,,2,67.07,1.59,83.07,51.73,83.07,51.73,-19.26,71.35,69.6,False,33.1,-1.724,-1.115,-0.609,1.41,1,259
MANGALAM,Mangalam Drugs And Organics Limited,,2,31.39,1.59,72.79,23.78,51.81,23.78,-56.88,31.84,35.01,False,49.42,0.452,0.834,-0.382,0.4,1,258
SOFTTECH,Softtech Engineers Limited,,2,502.85,1.59,525.7,218.65,525.7,218.65,-4.35,473.22,396.95,True,65.56,19.508,18.081,1.427,1.98,2,256
VAIBHAVGBL,Vaibhav Global Limited,,2,202.89,1.59,274.37,173.17,269.49,173.17,-26.05,211.44,228.52,False,32.74,-6.408,-6.338,-0.07,1.27,1,257
XPROINDIA,Xpro India Limited,,2,1160.4,1.59,1501.54,811.88,1501.54,811.88,-22.72,1217.17,1166.91,False,41.25,-14.587,-1.754,-12.833,0.28,1,259
KPEL,K.P. Energy Limited,,2,224.03,1.58,458.51,210.01,408.56,210.01,-51.14,229.1,310.77,False,40.59,-9.788,-12.41,2.622,0.64,1,259
POWERINDIA,Hitachi Energy India Ltd.,Capital Goods,1,30735.0,1.57,38435.82,16210.13,38435.82,16210.13,-20.04,31479.62,29396.33,True,43.16,-562.248,-532.754,-29.493,3.78,1,259
FINOPB,Fino Payments Bank Limited,,2,129.23,1.57,336.0,112.46,268.2,112.46,-61.54,135.47,170.47,False,31.37,-4.737,-4.335,-0.402,0.81,1,259
IIFL,IIFL Finance Ltd.,Financial Services,1,607.5,1.56,696.4,419.35,696.4,419.35,-12.77,614.2,546.93,True,47.46,-3.438,-2.794,-0.643,0.96,1,259
HTMEDIA,HT Media Limited,,2,23.46,1.56,28.66,18.14,28.66,18.14,-18.14,24.56,24.26,False,40.47,-0.626,-0.545,-0.081,0.54,1,256
INDIANHUME,Indian Hume Pipe Company Limited,,2,355.8,1.56,419.65,277.97,419.65,277.97,-15.22,366.26,358.54,False,42.39,-6.246,-4.805,-1.441,1.07,1,257
URBANCO,Urban Company Ltd.,Consumer Services,1,163.71,1.55,181.09,103.03,181.09,103.03,-9.6,166.48,143.78,True,48.93,2.495,4.094,-1.599,0.63,1,259
CONTROLPR,Control Print Limited,,2,608.5,1.55,808.43,519.63,718.58,519.63,-24.73,593.21,632.01,False,57.99,1.428,-0.004,1.431,1.58,4,257
PAVNAIND,Pavna Industries Limited,,2,15.77,1.55,40.13,14.2,27.62,14.2,-60.7,15.89,20.65,False,45.11,-0.504,-0.607,0.103,0.27,3,258
SMLMAH,SML Mahindra Limited,,2,6616.5,1.55,6825.5,2749.08,6825.5,3439.41,-3.06,6303.88,4573.54,True,59.83,328.207,345.49,-17.283,0.34,1,259
KIOCL,KIOCL Limited,,2,336.1,1.54,627.6,296.9,419.9,296.9,-46.45,351.0,379.35,False,36.38,-11.272,-10.288,-0.984,0.8,1,259
LEAPIND,LEAP India Limited,,2,137.44,1.54,168.4,134.61,168.4,134.61,-18.38,144.0,146.22,False,44.15,,,,0.46,1,33
GALAPREC,Gala Precision Engineering Limited,,2,1157.7,1.53,1234.0,689.4,1234.0,689.4,-6.18,1077.53,950.98,True,63.8,23.455,6.821,16.633,1.61,1,258
HILINFRA,Highway Infrastructure Limited,,2,43.26,1.53,83.39,41.03,61.42,41.03,-48.12,43.46,52.2,False,46.79,-0.451,-0.507,0.057,0.87,1,258
MUFIN,Mufin Green Finance Limited,,2,132.15,1.53,139.51,85.73,139.51,95.36,-5.28,133.26,121.88,True,46.11,-0.827,-0.537,-0.29,3.2,1,259
VIDHIING,Vidhi Specialty Food Ingredients Limited,,2,359.4,1.53,374.6,263.25,359.95,263.25,-4.06,347.29,323.02,True,58.69,6.241,6.14,0.101,0.9,2,256
VMSTMT,VMS TMT Limited,,2,48.99,1.53,89.92,34.51,55.22,34.51,-45.52,47.15,51.87,False,59.2,0.413,0.263,0.15,1.64,4,254
GAUDIUMIVF,Gaudium IVF and Women Health Limited,,2,113.9,1.52,158.16,70.67,158.16,70.67,-27.98,116.18,107.99,True,44.83,-2.159,-2.339,0.18,1.11,1,148
KAMATHOTEL,Kamat Hotels (I) Limited,,2,236.71,1.51,325.85,143.06,240.35,143.06,-27.36,227.33,207.57,True,60.58,7.742,8.003,-0.261,0.73,1,258
KJMCFIN,KJMC Financial Services Limited,,2,59.0,1.51,78.44,54.47,78.44,54.47,-24.78,61.4,61.55,False,46.97,,,,3.16,1,30
NKIND,NK Industries Limited,,2,61.99,1.51,76.8,55.43,69.67,55.43,-19.28,58.82,63.35,False,59.11,0.165,-0.486,0.651,0.58,5,256
SIYSIL,Siyaram Silk Mills Limited,,2,541.4,1.51,805.29,429.35,647.55,429.35,-32.77,544.15,592.75,False,44.83,-12.954,-16.836,3.882,0.98,1,259
JSLL,Jeena Sikho Lifecare Limited,,2,509.45,1.5,804.94,486.42,766.88,486.42,-36.71,508.54,606.52,False,49.13,-3.171,-5.313,2.143,2.6,1,259
MADHUCON,Madhucon Projects Limited,,2,4.05,1.5,8.22,3.74,6.63,3.74,-50.73,4.34,5.42,False,35.86,-0.263,-0.275,0.012,0.53,1,254
TCC,TCC Concept Limited,,2,50.09,1.5,93.25,41.08,93.25,41.08,-46.28,50.48,68.65,False,48.69,-0.101,-0.287,0.186,0.05,1,146
FRACTAL,Fractal Analytics Limited,,2,753.15,1.49,1101.55,738.6,1101.55,738.6,-31.63,770.07,850.84,False,39.18,-18.883,-19.055,0.172,3.77,1,157
JAIPURKURT,Nandani Creation Limited,,2,25.86,1.49,41.13,24.49,41.13,24.49,-37.13,25.45,29.8,False,52.36,-0.332,-0.486,0.154,0.4,2,256
SETL,Standard Engineering Technology Limited,,2,428.95,1.49,468.15,105.65,468.15,105.65,-8.37,403.68,244.25,True,63.05,19.011,23.935,-4.923,0.74,2,258
FIBERWEB,Fiberweb (India) Limited,,2,26.79,1.48,46.0,25.63,46.0,25.63,-41.76,26.53,32.81,False,50.85,-0.241,-0.405,0.163,0.79,1,256
GANDHITUBE,Gandhi Special Tubes Limited,,2,966.55,1.48,1003.2,685.93,1003.2,685.93,-3.65,931.05,862.07,True,61.97,21.332,15.547,5.785,1.01,1,256
SUNPHARMA,Sun Pharmaceutical Industries Ltd.,Healthcare,1,1865.0,1.47,2001.1,1574.92,2001.1,1574.92,-6.8,1867.17,1821.44,True,47.83,-15.622,-17.192,1.57,2.18,1,259
METROGLOBL,Metroglobal Limited,,2,131.9,1.46,152.0,122.39,152.0,122.39,-13.22,132.92,131.12,True,47.72,-1.414,-0.819,-0.595,0.41,2,113
MOLBIO,Molbio Diagnostics Limited,,2,1255.6,1.46,1509.4,1036.65,1509.4,1036.65,-16.81,1248.01,1089.28,True,53.27,,,,0.12,1,32
SHUKRAPHAR,Shukra Pharmaceuticals Limited,,2,60.3,1.46,60.3,41.41,60.3,41.41,0.0,54.41,44.08,True,75.91,,,,2.23,3,33
SOMATEX,Soma Textiles & Industries Limited,,2,81.52,1.46,152.86,65.8,143.23,77.16,-46.67,82.93,95.57,False,43.8,-2.322,-2.522,0.201,1.52,3,256
ALKEM,Alkem Laboratories Ltd.,Healthcare,1,5250.0,1.45,5832.46,5087.5,5832.46,5087.5,-9.99,5283.91,5437.44,False,47.0,-21.551,-31.243,9.692,1.65,1,258
ANTGRAPHIC,Antarctica Limited,,2,0.7,1.45,1.1,0.68,1.07,0.68,-36.36,0.72,0.83,False,42.18,-0.01,-0.007,-0.003,0.66,1,257
ASHIMASYN,Ashima Limited,,2,16.08,1.45,22.73,11.78,19.44,11.78,-29.26,16.48,17.25,False,40.82,-0.461,-0.41,-0.051,0.53,1,259
NILASPACES,Nila Spaces Limited,,2,11.16,1.45,19.23,11.0,16.66,11.0,-41.97,11.91,13.31,False,33.16,-0.315,-0.173,-0.142,0.4,1,259
PNGSREVA,PNGS Reva Diamond Jewellery Limited,,2,513.4,1.45,620.75,331.8,620.75,331.8,-17.29,515.43,444.82,True,49.58,-0.657,-0.301,-0.356,0.51,1,146
RISHABH,Rishabh Instruments Limited,,2,723.85,1.45,829.6,318.79,829.6,318.79,-12.75,739.93,569.85,True,47.36,3.158,15.256,-12.098,0.32,3,257
VINCOFE,Vintage Coffee And Beverages Limited,,2,182.56,1.44,185.61,122.24,185.61,122.24,-1.64,175.91,155.61,True,60.31,4.607,4.429,0.178,0.65,1,259
ALEMBICLTD,Alembic Limited,,2,108.44,1.43,111.41,69.04,111.41,69.04,-2.67,103.87,93.25,True,64.03,2.802,2.94,-0.138,0.68,2,259
SUNDROP,Sundrop Brands Limited,,2,750.75,1.43,809.75,560.85,756.2,560.85,-7.29,701.21,682.74,True,73.72,23.68,14.933,8.747,0.6,1,257
MAYURUNIQ,Mayur Uniquoters Ltd,,2,727.25,1.42,876.97,474.21,876.97,474.21,-17.07,736.81,674.47,True,45.35,-7.153,-6.355,-0.798,0.67,1,257
MITTAL,Mittal Life Style Limited,,2,0.72,1.41,1.6,0.71,1.28,0.71,-55.0,0.78,1.0,False,32.94,-0.04,-0.034,-0.005,0.25,1,258
SAURASHCEM,Saurashtra Cement Limited,,2,54.1,1.41,111.13,48.22,86.47,48.22,-51.32,54.57,66.01,False,46.45,-1.007,-1.201,0.195,1.03,1,258
DBOL,Dhampur Bio Organics Limited,,2,124.49,1.4,135.61,68.48,135.61,73.58,-8.2,119.51,107.04,True,58.02,-0.146,-0.572,0.426,1.47,3,258
SATIN,Satin Creditcare Network Limited,,2,237.69,1.4,268.87,137.25,268.87,139.63,-11.6,225.71,203.92,True,65.87,1.553,-1.319,2.872,1.76,1,257
ADANIENSOL,Adani Energy Solutions Ltd.,Power,1,1305.8,1.39,1741.6,812.7,1741.6,812.7,-25.02,1387.9,1330.7,False,33.92,-51.314,-49.619,-1.695,1.64,1,259
MANAKCOAT,Manaksia Coated Metals & Industries Limited,,2,127.29,1.39,180.24,96.68,136.66,96.68,-29.38,127.44,121.4,True,51.41,1.864,2.161,-0.297,0.42,1,258
POWERMECH,Power Mech Projects Limited,,2,2397.2,1.39,2893.51,1731.73,2893.51,1731.73,-17.15,2412.6,2482.92,False,46.95,-20.751,-27.101,6.35,3.07,1,258
SHREEJISPG,Shreeji Shipping Global Limited,,2,763.3,1.39,763.3,222.88,763.3,305.58,0.0,708.33,505.47,True,76.36,26.729,22.34,4.388,0.77,10,259
GENUSPAPER,Genus Paper & Boards Limited,,2,10.25,1.38,17.68,8.88,14.43,8.88,-42.02,11.36,12.76,False,32.11,-0.389,-0.217,-0.172,1.91,1,256
ONIXSOLAR,Onix Solar Energy Limited,,2,344.5,1.38,459.4,276.25,459.4,276.25,-25.01,357.6,356.99,False,45.28,,,,0.45,4,30
PERMAGN,Permanent Magnets Limited,,2,837.1,1.38,900.55,804.75,900.55,804.75,-7.05,845.52,818.8,True,51.22,,,,0.49,1,31
QPOWER,Quality Power Electrical Equipments Limited,,2,1614.3,1.36,1614.3,594.58,1614.3,594.58,0.0,1482.75,1156.87,True,65.5,60.891,55.327,5.564,1.14,3,259
KPL,Kwality Pharmaceuticals Limited,,2,3625.1,1.35,3844.9,3267.1,3844.9,3267.1,-5.72,3572.61,3525.18,True,51.66,,,,0.38,1,31
TARAPUR,Tarapur Transformers Limited,,2,12.03,1.35,38.37,11.87,31.72,11.87,-68.65,12.7,20.27,False,34.17,-0.655,-0.704,0.05,0.84,1,257
USK,Udayshivakumar Infra Limited,,2,19.57,1.35,32.03,19.31,29.77,19.31,-38.9,20.28,23.27,False,34.04,-0.505,-0.454,-0.051,1.0,1,256
NUVOCO,Nuvoco Vistas Corporation Ltd.,Construction Materials,1,330.2,1.33,432.85,281.1,377.25,281.1,-23.71,331.18,340.21,False,49.23,0.057,-0.305,0.361,1.13,1,259
BAJAJINDEF,Indef Manufacturing Limited,,2,213.11,1.33,421.59,207.26,366.86,207.26,-49.45,219.01,264.35,False,41.97,-2.739,-2.192,-0.547,0.54,1,258
MMFL,MM Forgings Limited,,2,612.5,1.32,680.2,295.42,680.2,351.96,-9.95,617.04,499.01,True,49.03,-0.984,1.965,-2.948,0.49,1,258
RITCO,Ritco Logistics Limited,,2,280.85,1.32,322.7,177.41,322.7,177.41,-12.97,293.4,269.3,True,39.08,-5.705,-3.183,-2.522,0.75,1,256
SEKURITIND,Saint Gobain Sekurit India Limited,,2,109.55,1.32,121.66,106.86,121.66,106.86,-9.95,112.27,119.51,False,37.59,,,,0.74,1,31
APEX,Apex Frozen Foods Limited,,2,343.1,1.31,498.01,219.5,498.01,256.6,-31.11,358.47,368.04,False,38.18,-9.602,-8.345,-1.257,1.02,1,259
INDOKEM,Indokem Limited,,2,617.0,1.31,643.15,585.5,643.15,585.5,-4.07,614.09,593.04,True,54.28,,,,0.94,1,31
ATLANTAELE,Atlanta Electricals Limited,,2,1634.2,1.3,2151.5,726.3,2151.5,726.3,-24.04,1691.28,1482.18,True,42.7,-35.606,-19.445,-16.161,1.52,1,251
STANLEY,Stanley Lifestyles Limited,,2,137.58,1.3,300.75,123.7,224.52,123.7,-54.25,137.63,168.1,False,48.86,-0.832,-1.445,0.613,3.48,1,258
CONCORDBIO,Concord Biotech Ltd.,Healthcare,1,1410.7,1.29,1637.89,1008.76,1587.5,1008.76,-13.87,1472.44,1352.5,True,43.19,-0.926,11.503,-12.429,0.97,1,259
BIRLACORPN,Birla Corporation Limited,,2,849.9,1.29,1221.42,772.36,1095.85,772.36,-30.42,844.14,963.62,False,49.35,-11.903,-17.281,5.378,1.13,1,258
TENNIND,Tenneco Clean Air India Ltd.,Automobile and Auto Components,1,508.6,1.28,651.35,443.95,651.35,443.95,-21.92,518.41,544.32,False,42.64,-7.496,-7.975,0.48,1.33,1,218
HATHWAY,Hathway Cable & Datacom Limited,,2,9.49,1.28,14.24,8.87,12.94,8.87,-33.36,10.03,11.21,False,28.41,-0.236,-0.19,-0.046,1.84,1,259
SUNTECK,Sunteck Realty Limited,,2,280.3,1.28,460.48,271.74,429.15,271.74,-39.13,287.55,332.0,False,41.2,-4.49,-4.115,-0.375,2.74,1,259
HAMPTON,Hampton Sky Realty Limited,,2,8.0,1.27,8.59,7.86,8.59,7.86,-6.87,8.11,8.13,False,47.64,,,,0.08,1,30
JYOTICNC,Jyoti CNC Automation Ltd.,Capital Goods,1,1059.3,1.26,1113.85,585.5,1113.85,585.5,-4.9,1027.72,861.51,True,58.36,35.509,37.289,-1.78,0.53,1,259
ENKEIWHEL,Enkei Wheels (India) Limited,,2,397.8,1.26,416.4,380.8,416.4,380.8,-4.47,395.15,405.89,False,49.61,,,,0.47,3,30
GOODLUCK,Goodluck India Limited,,2,528.6,1.26,542.12,306.03,542.12,306.03,-2.49,511.91,445.78,True,61.33,13.662,12.882,0.78,0.56,1,259
KSL,Kalyani Steels Limited,,2,964.35,1.26,998.25,571.19,998.25,571.19,-3.4,947.48,835.75,True,55.61,18.844,20.478,-1.633,0.46,1,259
CANHLIFE,Canara HSBC Life Insurance Company Ltd.,Financial Services,1,149.62,1.25,157.23,108.33,157.23,123.23,-4.84,151.86,142.13,True,44.68,-0.402,0.256,-0.658,1.74,1,239
HONDAPOWER,Honda India Power Products Limited,,2,1886.0,1.25,2795.96,1827.08,2337.65,1827.08,-32.55,1944.94,2181.1,False,32.85,-41.561,-38.714,-2.847,1.2,1,256
ITCHOTELS,ITC Hotels Ltd.,Consumer Services,1,160.53,1.24,229.2,136.97,198.7,136.97,-29.96,159.25,173.2,False,51.33,-0.581,-1.536,0.955,1.19,1,259
JSWENERGY,JSW Energy Ltd.,Power,1,501.15,1.24,600.01,438.56,600.01,438.56,-16.48,518.39,533.47,False,37.36,-10.151,-8.902,-1.249,0.94,1,259
ELGIRUBCO,Elgi Rubber Company Limited,,2,52.9,1.24,68.61,33.51,63.02,33.51,-22.9,57.63,54.65,False,37.73,-1.083,-0.291,-0.792,0.5,1,259
INDSWFTLAB,Ind-Swift Laboratories Limited,,2,413.1,1.23,413.1,88.15,413.1,88.15,0.0,382.48,219.35,True,69.87,22.138,22.973,-0.835,0.6,3,258
INFY,Infosys Ltd.,Information Technology,1,1015.4,1.22,1654.01,985.3,1654.01,985.3,-38.61,1049.91,1206.55,False,35.88,-28.376,-24.877,-3.499,1.52,2,259
PNBHOUSING,PNB Housing Finance Ltd.,Financial Services,1,1098.2,1.22,1185.0,744.94,1185.0,744.94,-7.32,1128.46,1019.57,True,41.93,-12.276,-4.273,-8.003,1.04,1,259
ALPINETEX,Alpine Texworld Limited,,2,48.95,1.22,99.75,48.36,99.75,48.36,-50.93,53.76,84.09,False,27.79,-3.608,-3.557,-0.05,0.55,1,51
BALUFORGE,Balu Forge Industries Limited,,2,501.15,1.22,674.6,356.19,653.2,356.19,-25.71,519.53,514.38,False,43.31,-10.228,-5.331,-4.897,0.7,1,259
CORONA,CORONA Remedies Limited,,2,2078.4,1.22,2236.1,1340.36,2236.1,1340.36,-7.05,2135.51,1835.1,True,43.41,-0.381,15.625,-16.007,1.22,1,199
RAILTEL,Railtel Corporation Of India Ltd.,Telecommunication,1,259.25,1.21,393.46,245.02,375.28,245.02,-34.11,264.23,306.5,False,41.61,-5.061,-5.721,0.66,1.32,1,259
BETA,Beta Drugs Limited,,2,2064.9,1.21,2668.3,1030.3,2668.3,1030.3,-22.61,2131.19,1875.24,True,43.01,-49.201,-50.47,1.268,0.63,1,257
TOKYOPLAST,Tokyo Plast International Limited,,2,73.5,1.21,128.35,58.56,114.25,58.56,-42.73,76.19,89.08,False,41.73,-1.015,-0.741,-0.275,0.83,1,256
PPLPHARMA,Piramal Pharma Ltd.,Healthcare,1,209.07,1.2,226.62,133.27,226.62,133.27,-7.74,209.88,186.29,True,49.75,0.149,0.958,-0.81,1.23,1,259
AKASH,Akash Infra-Projects Limited,,2,25.32,1.2,34.09,23.12,34.09,23.12,-25.73,24.93,26.51,False,53.96,-0.118,-0.224,0.106,1.44,1,256
IPL,India Pesticides Limited,,2,133.12,1.19,211.1,124.69,180.54,124.69,-36.94,135.09,157.97,False,42.13,-2.095,-2.205,0.11,0.15,1,258
MODIS,Modis Navnirman Limited,,2,367.15,1.19,415.6,290.3,415.6,290.3,-11.66,364.96,361.75,True,49.6,-5.793,-7.258,1.465,2.1,1,219
HALDYNGL,Haldyn Glass Limited,,2,154.15,1.18,154.15,125.74,154.15,125.74,0.0,143.71,129.74,True,74.39,,,,1.47,3,30
DCMNVL,DCM Nouvelle Limited,,2,175.13,1.17,192.85,97.56,192.85,97.56,-9.19,177.45,155.18,True,47.88,0.631,1.714,-1.083,1.2,1,259
ADDIND,Addi Industries Limited,,2,78.4,1.16,89.5,74.05,89.5,74.05,-12.4,79.17,87.15,False,44.99,,,,3.26,4,30
KIRLFER,Kirloskar Ferrous Industries Limited,,2,474.4,1.16,494.87,411.21,494.87,411.21,-4.14,469.63,453.29,True,57.02,6.198,6.219,-0.02,0.7,1,120
JTLIND,JTL INDUSTRIES LIMITED,,2,88.88,1.15,92.27,40.74,92.27,40.74,-3.67,87.67,75.26,True,54.9,1.902,2.206,-0.304,0.67,1,259
SPIC,Southern Petrochemicals Industries Corporation  Limited,,2,63.47,1.15,93.46,53.81,81.6,53.81,-32.09,65.83,70.55,False,37.88,-0.644,-0.215,-0.429,0.5,1,258
ROTO,Roto Pumps Limited,,2,63.26,1.14,76.94,47.92,75.97,47.92,-17.78,63.58,65.04,False,46.82,-0.655,-0.72,0.065,0.77,1,259
FILATEX,Filatex India Limited,,2,112.0,1.13,112.0,36.77,112.0,36.77,0.0,94.89,63.91,True,75.69,8.603,6.212,2.39,0.7,3,258
LOVABLE,Lovable Lingerie Limited,,2,71.0,1.13,98.68,55.71,84.89,55.71,-28.05,70.88,75.72,False,49.36,-0.495,-0.541,0.046,0.73,2,258
RAJRATAN,Rajratan Global Wire Limited,,2,466.15,1.13,540.05,307.75,540.05,328.52,-13.68,476.35,450.01,True,44.68,-9.079,-8.453,-0.627,0.4,1,258
ONESOURCE,Onesource Specialty Pharma Ltd.,Healthcare,1,1583.3,1.12,1889.8,1114.0,1867.4,1114.0,-16.22,1578.69,1624.64,False,51.28,6.253,5.183,1.071,1.19,1,259
ALICON,Alicon Castalloy Limited,,2,724.85,1.12,977.02,582.08,851.77,582.08,-25.81,717.71,716.79,True,53.64,8.346,7.65,0.696,1.85,1,257
BRIGHOTEL,Brigade Hotel Ventures Limited,,2,56.14,1.12,83.88,55.52,73.06,55.52,-33.07,56.89,63.89,False,39.78,-0.861,-0.931,0.07,1.32,1,257
KOTAKBANK,Kotak Mahindra Bank Ltd.,Financial Services,1,406.0,1.11,444.35,352.79,442.8,352.79,-8.63,410.39,400.4,True,45.8,-0.352,1.994,-2.346,2.83,1,259
KECL,Kirloskar Electric Company Limited,,2,121.4,1.11,150.21,77.31,150.21,77.31,-19.18,123.68,117.58,True,45.4,-2.315,-2.636,0.321,1.11,1,258
RKSWAMY,R K Swamy Limited,,2,89.48,1.11,147.24,67.7,114.49,67.7,-39.23,91.22,102.26,False,43.29,-1.655,-1.848,0.193,0.96,1,257
MANAPPURAM,Manappuram Finance Ltd.,Financial Services,1,316.45,1.1,370.78,249.98,370.78,249.98,-14.65,326.23,315.69,True,41.48,-6.46,-6.749,0.289,2.21,1,259
NPST,Network People Services Technologies Limited,,2,1653.0,1.1,2008.23,877.65,1888.8,877.65,-17.69,1731.67,1542.73,True,45.01,26.385,44.025,-17.64,0.53,1,257
SKIPPER,Skipper Limited,,2,541.55,1.1,604.7,330.35,604.7,330.35,-10.44,552.74,505.77,True,46.16,-1.352,1.349,-2.701,0.34,1,258
WARDINMOBI,Wardwizard Innovations & Mobility Limited,,2,5.49,1.1,6.32,5.43,6.32,5.43,-13.13,5.69,6.15,False,31.21,,,,1.1,1,30
MRPL,Mangalore Refinery & Petrochemicals Ltd.,Oil Gas & Consumable Fuels,1,171.65,1.09,206.77,130.05,206.77,136.32,-16.99,169.44,163.46,True,52.58,-1.235,-1.071,-0.164,1.52,3,259
INSPIRISYS,Inspirisys Solutions Limited,,2,85.92,1.09,132.05,71.44,132.05,71.44,-34.93,87.93,94.9,False,44.7,-1.528,-1.934,0.407,1.17,1,256
KALPATARU,Kalpataru Limited,,2,278.8,1.09,397.05,255.45,385.15,255.45,-29.78,273.07,310.37,False,54.37,-0.524,-2.692,2.168,1.78,1,258
BSHSL,Bombay Super Hybrid Seeds Limited,,2,85.9,1.07,135.61,60.7,113.6,60.7,-36.66,87.25,95.48,False,44.8,-0.882,-0.655,-0.227,1.78,1,256
HBPOR,HB Portfolio Limited,,2,60.39,1.07,62.3,58.31,62.3,58.31,-3.07,60.77,60.86,False,47.84,,,,0.84,1,30
KKCL,Kewal Kiran Clothing Limited,,2,467.1,1.07,568.04,411.25,546.5,411.25,-17.77,486.32,494.41,False,34.84,-10.879,-7.991,-2.888,1.16,1,257
RUSHIL,Rushil Decor Limited,,2,16.13,1.07,29.3,12.79,23.82,12.79,-44.95,16.28,18.42,False,47.64,-0.08,-0.115,0.035,0.49,1,259
SANDHAR,Sandhar Technologies Limited,,2,582.7,1.07,729.97,434.21,729.97,434.21,-20.17,600.22,583.28,False,38.38,-14.874,-12.605,-2.269,0.59,2,259
VOLTAMP,Voltamp Transformers Limited,,2,10624.0,1.06,12385.43,6705.64,12385.43,6705.64,-14.22,10742.71,9463.07,True,48.24,14.527,88.624,-74.096,0.55,1,259
MAHSEAMLES,Maharashtra Seamless Limited,,2,721.85,1.05,728.9,498.81,728.9,498.81,-0.97,695.39,612.05,True,64.96,21.089,23.381,-2.292,1.2,1,259
MTNL,Mahanagar Telephone Nigam Limited,,2,23.18,1.05,43.52,21.47,37.09,21.47,-46.74,24.43,30.18,False,29.75,-0.891,-0.846,-0.044,1.03,1,259
SECMARK,SecMark Consultancy Limited,,2,142.75,1.04,163.27,97.53,163.27,97.53,-12.57,140.32,126.25,True,53.37,1.643,2.39,-0.747,0.01,2,256
VIMTALABS,Vimta Labs Limited,,2,591.4,1.03,745.45,379.3,661.75,379.3,-20.67,610.82,581.01,True,40.22,-8.009,-4.081,-3.928,1.05,1,259
NETWEB,Netweb Technologies India Ltd.,Information Technology,1,4613.0,1.02,5601.0,3022.22,5601.0,3022.22,-17.64,4787.44,4225.94,True,41.26,-109.787,-76.413,-33.374,0.74,2,259
RUBICON,Rubicon Research Limited,,2,1609.0,1.02,1860.6,576.69,1860.6,629.73,-13.52,1713.94,1244.09,True,37.0,-21.067,6.889,-27.955,2.68,1,238
COHANCE,Cohance Lifesciences Ltd.,Healthcare,1,457.9,1.01,904.75,279.9,539.85,279.9,-49.39,450.51,480.76,False,54.38,2.346,0.932,1.414,1.26,1,259
SGIL,Synergy Green Industries Limited,,2,657.35,1.01,668.5,458.65,668.5,458.65,-1.67,618.5,567.17,True,65.35,16.609,10.602,6.007,0.72,2,256
GOKEX,Gokaldas Exports Limited,,2,678.55,1.0,949.35,541.95,888.7,541.95,-28.52,727.55,757.96,False,29.57,-28.494,-22.251,-6.243,1.83,1,259
RIR,RIR Power Electronics Limited,,2,188.08,1.0,198.83,155.15,198.83,155.15,-5.41,182.6,166.95,True,57.11,5.709,5.955,-0.245,0.15,1,54
STARPAPER,Star Paper Mills Limited,,2,153.03,1.0,172.09,118.62,167.21,118.62,-11.08,155.11,147.89,True,48.1,1.199,2.415,-1.216,0.3,1,259
AUBANK,AU Small Finance Bank Ltd.,Financial Services,1,1005.2,0.99,1128.6,723.85,1128.6,841.88,-10.93,1039.18,991.6,True,39.91,-15.962,-10.555,-5.407,1.59,1,259
TATACAP,Tata Capital Ltd.,Financial Services,1,331.35,0.99,382.7,297.3,382.7,297.3,-13.42,348.73,342.96,False,35.2,-8.12,-5.425,-2.695,2.3,1,243
TECILCHEM,TECIL Chemicals and Hydro Power Limited,,2,9.21,0.99,21.4,8.39,20.4,8.39,-56.96,9.34,12.36,False,47.62,-0.07,-0.025,-0.045,0.3,2,256
IPCALAB,Ipca Laboratories Ltd.,Healthcare,1,1938.1,0.98,2009.6,1264.31,2009.6,1381.4,-3.56,1954.76,1670.97,True,49.37,18.343,29.415,-11.072,1.12,1,258
DBL,Dilip Buildcon Limited,,2,410.9,0.98,529.68,385.19,486.14,385.19,-22.42,410.19,442.18,False,50.14,0.288,-0.775,1.064,0.2,1,257
UGROCAP,Ugro Capital Limited,,2,81.07,0.97,189.95,80.29,182.43,80.29,-57.32,83.86,109.59,False,33.61,-2.093,-2.146,0.053,2.3,1,257
SONACOMS,Sona BLW Precision Forgings Ltd.,Automobile and Auto Components,1,815.65,0.96,833.0,402.77,833.0,441.73,-2.08,804.14,645.65,True,54.99,7.876,6.802,1.074,1.99,1,259
BESTAGRO,Best Agrolife Limited,,2,17.86,0.96,29.95,12.23,29.95,12.23,-40.37,18.35,18.58,False,44.41,-0.07,0.068,-0.137,0.5,1,259
PIGL,Power & Instrumentation (Gujarat) Limited,,2,96.92,0.96,180.86,90.18,134.21,90.18,-46.41,100.5,114.34,False,41.26,-1.42,-1.298,-0.122,0.63,1,258
SRHHYPOLTD,Sree Rayalaseema Hi-Strength Hypo Limited,,2,575.5,0.96,627.7,381.77,627.7,381.77,-8.32,548.85,507.83,True,58.94,25.104,21.008,4.096,0.67,1,257
SUVEN,Suven Life Sciences Limited,,2,324.75,0.96,392.05,126.65,392.05,126.65,-17.17,343.1,270.47,True,39.75,-6.17,-2.137,-4.033,2.02,1,259
CARTRADE,Cartrade Tech Ltd.,Consumer Services,1,2907.5,0.95,3268.0,1623.4,3179.9,1623.4,-11.03,2969.76,2544.49,True,46.09,-1.504,16.985,-18.489,0.76,1,259
ORIENTHOT,Oriental Hotels Limited,,2,139.34,0.95,145.84,81.62,145.84,81.62,-4.46,140.07,123.11,True,50.04,1.142,1.746,-0.604,1.57,1,259
PDMJEPAPER,Pudumjee Paper Products Limited,,2,94.67,0.95,123.64,64.77,102.41,64.77,-23.43,96.03,92.03,True,48.25,0.725,1.505,-0.78,0.29,1,258
SURANAT&P,Surana Telecom and Power Limited,,2,15.87,0.95,23.32,15.72,21.1,15.72,-31.95,16.1,18.29,False,42.18,-0.216,-0.234,0.018,0.58,1,256
FCL,Fineotex Chemical Limited,,2,57.94,0.94,60.48,19.22,60.48,19.22,-4.2,55.15,37.26,True,59.72,2.671,2.884,-0.213,0.74,1,259
INOXINDIA,INOX India Limited,,2,2070.4,0.94,2295.8,1072.11,2295.8,1072.11,-9.82,2100.51,1686.06,True,48.69,10.523,24.416,-13.894,1.09,1,258
SGFIN,SG Finserve Limited,,2,595.3,0.94,709.85,334.75,709.85,334.75,-16.14,632.78,560.82,True,30.83,-19.671,-14.421,-5.25,1.58,1,259
ALPA,Alpa Laboratories Limited,,2,59.76,0.93,93.18,46.46,80.95,46.46,-35.87,60.92,69.3,False,41.31,-1.224,-1.208,-0.016,0.21,3,256
KAKATCEM,Kakatiya Cement Sugar & Industries Limited,,2,107.83,0.93,145.48,82.99,144.72,82.99,-25.88,109.19,118.78,False,43.76,-1.648,-1.601,-0.047,0.22,3,257
MANAKALUCO,Manaksia Aluminium Company Limited,,2,34.71,0.93,64.79,21.71,64.79,21.71,-46.43,36.2,34.77,False,39.69,-0.81,-0.625,-0.185,0.53,1,259
AJANTPHARM,Ajanta Pharmaceuticals Ltd.,Healthcare,1,3557.5,0.92,3718.2,2340.47,3718.2,2572.63,-4.32,3537.75,3142.42,True,53.23,5.917,5.987,-0.07,1.11,1,258
MAHLOG,Mahindra Logistics Limited,,2,425.7,0.92,439.85,277.75,439.85,277.75,-3.22,406.65,379.78,True,69.69,5.498,2.04,3.458,2.45,9,259
TATASTEEL,Tata Steel Ltd.,Metals & Mining,1,188.0,0.91,216.66,157.42,216.66,164.72,-13.23,186.31,188.28,False,53.29,0.361,-0.032,0.393,1.16,1,259
SUMIT,Sumit Woods Limited,,2,49.97,0.91,100.0,32.29,71.3,32.29,-50.03,50.04,54.24,False,48.71,-0.399,-0.432,0.033,1.03,2,257
DIFFNKG,Diffusion Engineers Limited,,2,448.15,0.9,485.5,236.27,485.5,236.27,-7.69,437.89,369.42,True,56.26,5.036,6.947,-1.912,0.37,3,256
JSFB,Jana Small Finance Bank Limited,,2,503.7,0.9,584.85,341.85,584.85,341.85,-13.88,526.03,481.95,True,42.25,-6.633,-5.237,-1.396,0.69,1,258
UFLEX,UFLEX Limited,,2,647.7,0.9,701.8,332.03,701.8,332.03,-7.71,648.09,511.24,True,53.41,15.164,22.367,-7.203,0.58,1,258
WILLAMAGOR,Williamson Magor & Company Limited,,2,22.31,0.9,35.49,21.75,31.29,21.75,-37.14,23.63,26.96,False,36.63,-0.618,-0.452,-0.167,1.27,1,256
TARIL,Transformers And Rectifiers (India) Ltd.,Capital Goods,1,272.85,0.89,496.6,229.37,358.62,229.37,-45.06,284.35,322.69,False,36.33,-6.717,-5.9,-0.817,1.28,1,259
AXTEL,Axtel Industries Limited,,2,443.65,0.89,450.35,388.85,450.35,388.85,-1.49,431.31,416.72,True,56.82,,,,0.62,1,30
HARIOMPIPE,Hariom Pipe Industries Limited,,2,345.1,0.88,494.97,269.59,440.83,269.59,-30.28,353.76,382.18,False,41.1,-4.356,-3.715,-0.641,0.91,1,259
MGEL,Mangalam Global Enterprise Limited,,2,16.11,0.88,17.98,9.77,16.89,9.77,-10.4,15.57,14.76,True,62.34,0.228,0.174,0.054,0.28,1,258
CHEMFAB,Chemfab Alkalis Limited,,2,343.5,0.87,651.8,291.89,469.23,291.89,-47.3,358.04,409.09,False,40.7,-5.053,-2.901,-2.152,0.62,1,256
JNPR,Juniper Green Energy Limited,,2,272.3,0.87,273.76,239.16,273.76,239.16,-0.53,264.53,260.02,True,56.43,2.387,1.845,0.542,1.29,3,39
KALYANKJIL,Kalyan Jewellers India Ltd.,Consumer Durables,1,568.85,0.86,632.02,329.46,632.02,329.46,-9.99,584.04,494.0,True,42.11,-4.645,-0.57,-4.075,1.43,1,259
AMARJOTHI,Amarjothi Spinning Mills Limited,,2,152.0,0.86,162.4,87.21,162.4,87.21,-6.4,149.02,105.27,True,68.89,3.789,5.877,-2.089,0.23,3,35
ARENTERP,Rajdarshan Industries Limited,,2,32.95,0.86,59.41,31.27,51.51,31.27,-44.54,34.41,39.15,False,41.38,-0.796,-0.876,0.08,0.48,1,256
ARIHANTCAP,Arihant Capital Markets Limited,,2,90.58,0.86,116.41,57.83,95.18,57.83,-22.19,84.52,79.68,True,65.52,3.941,2.892,1.049,0.27,1,258
ASIANENE,Asian Energy Services Limited,,2,478.25,0.86,552.15,233.36,552.15,233.36,-13.38,487.48,377.08,True,48.64,4.667,12.002,-7.335,0.53,1,259
GKB,GKB Ophthalmics Limited,,2,65.93,0.86,88.4,60.9,88.4,60.9,-25.42,67.45,82.18,False,40.9,-1.311,-1.919,0.608,0.53,1,36
DCMSRIND,DCM Shriram Industries Limited,,2,39.34,0.85,174.5,32.31,170.31,32.31,-77.46,40.56,59.47,False,40.97,-1.624,-1.582,-0.042,0.54,1,259
KIRLPNU,Kirloskar Pneumatic Company Limited,,2,684.4,0.85,1040.98,495.95,1040.98,505.82,-34.25,710.68,711.92,False,35.95,-16.334,-14.73,-1.605,0.94,1,258
KRBL,KRBL Limited,,2,386.2,0.85,442.31,275.78,442.31,275.78,-12.69,399.17,373.3,True,42.25,-2.812,0.606,-3.418,0.79,1,258
MUKANDLTD,Mukand Limited,,2,172.49,0.85,172.49,113.53,172.49,113.53,0.0,148.25,135.03,True,81.8,7.538,3.553,3.985,1.93,3,259
RUSTOMJEE,Keystone Realtors Limited,,2,362.95,0.85,623.8,338.35,546.2,338.35,-41.82,361.07,423.61,False,49.4,-3.591,-6.282,2.691,0.87,1,257
SMLT,Sarthak Metals Limited,,2,59.31,0.85,111.49,57.41,97.8,57.41,-46.8,61.83,73.86,False,34.84,-1.992,-1.934,-0.058,0.28,1,257
ALIVUS,Alivus Life Sciences Limited,,2,1356.8,0.84,1443.7,856.99,1443.7,858.24,-6.02,1372.15,1138.1,True,48.44,6.721,15.835,-9.114,1.73,1,258
APLLTD,Alembic Pharmaceuticals Limited,,2,861.5,0.84,946.62,637.08,863.75,637.08,-8.99,837.17,805.74,True,63.42,10.783,7.102,3.682,2.1,1,259
BVCL,Barak Valley Cements Limited,,2,40.87,0.84,54.26,32.08,51.87,32.08,-24.68,41.6,43.14,False,43.97,-0.357,-0.224,-0.133,0.18,1,257
ONWARDTEC,Onward Technologies Limited,,2,287.4,0.84,331.03,204.4,331.03,204.4,-13.18,286.77,277.21,True,51.06,0.656,0.621,0.036,0.85,1,256
RPEL,Raghav Productivity Enhancers Limited,,2,1718.1,0.83,1885.2,565.92,1885.2,565.92,-8.86,1688.66,1167.1,True,54.52,33.465,46.18,-12.715,0.34,3,258
SHIVALIK,Shivalik Rasayan Limited,,2,411.35,0.83,461.73,209.22,431.65,209.22,-10.91,374.56,307.97,True,66.28,32.101,31.363,0.738,0.47,1,259
HESTERBIO,Hester Biosciences Limited,,2,2165.0,0.82,2534.0,1253.66,2534.0,1253.66,-14.56,2234.31,2022.49,True,41.2,-45.6,-41.234,-4.367,0.4,1,257
MASFIN,MAS Financial Services Limited,,2,281.4,0.82,346.51,278.93,346.51,278.93,-18.79,289.04,307.51,False,38.08,-5.047,-4.35,-0.697,1.05,1,259
TECHNOCRAF,Technocraft Ventures Limited,,2,480.85,0.82,491.05,299.94,491.05,299.94,-2.08,436.63,336.56,True,76.4,,,,0.67,1,33
TINNARUBR,Tinna Rubber and Infrastructure Limited,,2,955.2,0.82,1186.08,534.28,1186.08,534.28,-19.47,1001.14,899.67,True,38.65,-17.288,-11.762,-5.526,0.75,1,257
AVANTIFEED,Avanti Feeds Limited,,2,747.5,0.81,1486.54,626.45,1486.54,738.28,-49.72,780.78,950.09,False,34.14,-28.106,-28.102,-0.004,2.16,1,258
EIHAHOTELS,EIH Associated Hotels Limited,,2,292.35,0.81,385.3,267.27,356.96,267.27,-24.12,294.51,319.04,False,46.93,-1.926,-2.158,0.232,0.66,1,258
STEELXIND,STEEL EXCHANGE INDIA LIMITED,,2,11.19,0.81,13.39,7.03,13.39,7.03,-16.43,11.35,10.62,True,47.89,0.028,0.076,-0.048,0.36,1,259
UDAYJEW,Uday Jewellery Industries Limited,,2,168.37,0.81,174.54,132.87,174.54,132.87,-3.54,157.28,146.56,True,62.25,,,,0.19,5,30
TATACONSUM,Tata Consumer Products Ltd.,Fast Moving Consumer Goods,1,967.7,0.8,1260.34,960.0,1260.34,960.0,-23.22,998.75,1092.69,False,34.4,-19.754,-19.057,-0.698,2.09,1,259
FUSION,Fusion Finance Limited,,2,173.3,0.8,237.14,138.24,237.14,138.24,-26.92,185.74,189.5,False,30.64,-6.763,-5.517,-1.246,2.49,1,258
GAEL,Gujarat Ambuja Exports Limited,,2,161.75,0.8,183.03,101.56,183.03,115.33,-11.63,163.23,150.95,True,46.99,-1.93,-2.044,0.113,0.77,1,259
SAREGAMA,Saregama India Ltd,Media Entertainment & Publication,1,493.45,0.79,557.25,311.1,557.25,311.1,-11.45,497.06,449.74,True,47.61,-1.922,-2.11,0.188,3.4,1,258
CANTABIL,Cantabil Retail India Limited,,2,232.5,0.79,309.23,210.19,309.23,210.19,-24.81,238.24,244.58,False,39.95,-1.366,-0.418,-0.948,0.64,1,256
INNOVISION,Innovision Limited,,2,253.7,0.79,376.7,247.25,376.7,247.25,-32.65,257.49,308.25,False,43.71,-4.141,-4.488,0.347,0.05,1,133
MIIL,Meghna Infracon Infrastructure Limited,,2,692.05,0.79,726.18,662.75,726.18,662.75,-4.7,697.43,705.91,False,47.5,,,,0.76,1,31
MOIL,MOIL Limited,,2,243.96,0.79,387.79,237.36,376.51,237.36,-37.09,246.86,290.18,False,43.11,-4.58,-5.455,0.875,0.91,2,259
PTL,PTL Enterprises Limited,,2,38.2,0.79,42.12,35.34,42.12,35.34,-9.31,38.3,38.54,False,45.73,-0.173,-0.194,0.021,0.9,1,258
HCC,Hindustan Construction Company Limited,,2,20.71,0.78,29.02,13.73,27.83,13.73,-28.64,21.82,22.32,False,38.74,-0.379,-0.178,-0.2,0.66,1,259
KSOLVES,Ksolves India Limited,,2,247.4,0.77,344.6,244.29,344.6,244.29,-28.21,257.05,282.0,False,36.9,-6.642,-5.979,-0.663,0.75,1,259
UNIPARTS,Uniparts India Limited,,2,843.55,0.77,902.1,378.57,902.1,400.11,-6.49,854.2,643.5,True,48.79,5.133,13.579,-8.446,0.35,1,258
GOACARBON,Goa Carbon Limited,,2,408.85,0.76,463.5,275.4,463.5,275.4,-11.79,394.42,390.23,True,57.52,6.758,6.144,0.613,0.12,2,258
PARAS,Paras Defence and Space Technologies Limited,,2,1325.0,0.76,1526.25,584.2,1526.25,584.2,-13.19,1375.31,1063.09,True,42.35,-16.104,-2.5,-13.604,0.78,1,259
PILANIINVS,Pilani Investment and Industries Corporation Limited,,2,4027.7,0.76,5797.66,3997.5,5352.07,3997.5,-30.53,4121.72,4542.43,False,37.06,-88.361,-81.241,-7.121,0.97,1,256
NTPC,NTPC Ltd.,Power,1,323.5,0.75,405.82,312.74,405.82,312.74,-20.28,328.07,346.55,False,40.1,-2.842,-2.526,-0.315,1.63,1,259
COCKERILL,John Cockerill India Limited,,2,7883.0,0.75,10290.5,5086.5,10290.5,5086.5,-23.4,8087.51,7260.55,True,42.54,-129.052,-128.835,-0.216,0.61,1,115
KTKBANK,The Karnataka Bank Limited,,2,324.25,0.75,343.05,168.19,343.05,176.04,-5.48,324.67,261.95,True,51.51,4.045,4.727,-0.681,0.66,1,259
MIDHANI,Mishra Dhatu Nigam Limited,,2,419.1,0.75,475.56,269.64,475.56,269.64,-11.87,418.9,397.83,True,49.75,-2.823,-1.374,-1.449,0.31,2,259
KANANIIND,Kanani Industries Limited,,2,1.36,0.74,1.98,1.06,1.76,1.06,-31.31,1.44,1.57,False,30.47,-0.034,-0.024,-0.01,0.42,1,257
MODIRUBBER,Modi Rubber Limited,,2,121.89,0.74,167.05,100.43,167.05,100.43,-27.03,123.3,124.24,False,46.77,-1.412,-1.123,-0.289,2.17,1,257
SHREERAMA,Shree Rama Multi-Tech Limited,,2,43.71,0.74,69.23,37.91,69.23,37.91,-36.86,44.08,47.35,False,49.36,0.296,0.498,-0.202,0.41,1,258
TEAMLEASE,Teamlease Services Limited,,2,1148.6,0.74,1798.8,1091.5,1607.7,1091.5,-36.15,1211.63,1374.03,False,25.61,-27.848,-19.727,-8.121,1.54,1,258
PFOCUS,Prime Focus Ltd.,Media Entertainment & Publication,1,317.5,0.73,357.45,162.71,357.45,200.89,-11.18,319.04,267.81,True,51.63,8.224,10.831,-2.607,1.32,1,258
GEMAROMA,Gem Aromatics Limited,,2,157.76,0.73,259.15,134.63,210.66,138.06,-39.12,159.42,180.92,False,44.0,-4.264,-5.123,0.859,0.55,1,257
PREMCO,Premco Global Limited,,2,398.3,0.73,402.3,375.65,402.3,375.65,-0.99,393.79,379.57,True,59.95,,,,0.38,2,30
SIMPLEXINF,Simplex Infrastructures Limited,,2,242.85,0.73,310.15,140.3,282.0,140.3,-21.7,252.07,248.91,False,41.17,-2.421,-0.964,-1.457,0.7,1,257
VGL,VARVEE GLOBAL LIMITED,,2,64.73,0.73,84.18,47.0,77.68,47.0,-23.11,64.06,65.38,False,53.48,2.003,1.918,0.085,0.14,1,259
BALAJEE,Shree Tirupati Balajee Agro Trading Company Limited,,2,25.43,0.71,54.04,21.28,41.95,21.28,-52.94,25.57,31.38,False,44.93,-0.341,-0.436,0.095,0.95,1,257
MLKFOOD,Milkfood Limited,,2,84.24,0.71,91.88,75.59,91.88,75.59,-8.32,82.5,79.19,True,59.23,,,,2.17,2,30
RELTD,Ravindra Energy Limited,,2,149.12,0.71,183.08,119.75,183.08,119.75,-18.55,151.68,154.93,False,44.06,-3.5,-3.758,0.258,0.76,1,258
NUVAMA,Nuvama Wealth Management Ltd.,Financial Services,1,1652.1,0.7,1980.1,1100.08,1980.1,1100.08,-16.56,1710.23,1578.62,True,38.59,-28.849,-20.738,-8.112,0.93,1,259
IRMENERGY,IRM Energy Limited,,2,267.25,0.7,366.58,175.12,355.18,175.12,-27.1,272.49,277.08,False,42.03,-3.259,-2.424,-0.835,1.77,1,259
AMAGI,Amagi Media Labs Limited,,2,563.85,0.69,674.7,316.7,674.7,316.7,-16.43,573.78,484.55,True,44.98,-5.743,-5.796,0.054,1.8,1,174
BRAHMINFRA,Brahmaputra Infrastructure Limited,,2,149.26,0.69,176.78,147.8,176.78,147.8,-15.57,156.48,172.01,False,33.5,,,,1.96,2,30
YATHARTH,Yatharth Hospital & Trauma Care Services Limited,,2,1108.0,0.69,1162.2,550.47,1162.2,550.47,-4.66,1054.85,843.35,True,64.77,55.794,52.702,3.092,0.38,1,259
CLEANMAX,Clean Max Enviro Energy Solutions Limited,,2,1382.4,0.68,1494.0,769.7,1494.0,769.7,-7.47,1354.0,1158.07,True,54.6,21.99,19.634,2.356,1.56,1,146
IDEA,Vodafone Idea Ltd.,Telecommunication,1,13.56,0.67,15.6,8.13,15.6,8.53,-13.08,14.23,12.47,True,40.68,-0.121,0.028,-0.149,2.56,1,259
CCCL,Consolidated Construction Consortium Limited,,2,13.47,0.67,25.97,12.85,19.63,12.85,-48.13,13.86,16.7,False,33.87,-0.436,-0.445,0.009,1.37,4,256
GKWLIMITED,GKW Limited,,2,1542.0,0.67,1849.7,1407.4,1849.7,1407.4,-16.64,1573.28,1658.48,False,43.01,-15.334,-13.872,-1.462,0.22,1,256
RHL,Robust Hotels Limited,,2,164.99,0.67,251.95,163.21,236.11,163.21,-34.51,170.76,186.22,False,42.65,-0.016,0.678,-0.693,0.32,1,257
RMC,RMC Switchgears Limited,,2,210.37,0.67,521.2,201.09,521.2,201.09,-59.64,224.5,326.3,False,39.15,-11.344,-12.788,1.443,0.3,1,126
JSWSTEEL,JSW Steel Ltd.,Metals & Mining,1,1272.4,0.66,1341.0,1073.14,1341.0,1073.14,-5.12,1278.42,1238.29,True,47.77,-5.788,-5.314,-0.474,1.92,1,259
ARMANFIN,Arman Financial Services Limited,,2,1711.4,0.66,2069.3,1339.2,2069.3,1339.2,-17.3,1913.41,1747.92,False,28.66,-44.533,-13.886,-30.646,1.7,1,258
EKC,Everest Kanto Cylinder Limited,,2,107.74,0.66,150.67,90.26,128.0,90.26,-28.49,105.65,114.21,False,53.56,0.167,-0.975,1.142,0.16,1,258
GUJENERGY,GUJARAT ENERGY LIMITED,,2,236.61,0.66,425.6,230.4,425.6,230.4,-44.41,241.82,319.93,False,40.31,-5.742,-5.897,0.156,1.37,1,258
MANINDS,Man Industries (India) Limited,,2,959.6,0.66,1020.35,310.55,1020.35,310.55,-5.95,866.63,577.49,True,65.02,70.93,64.281,6.65,0.49,1,259
TATAELXSI,Tata Elxsi Ltd.,Information Technology,1,3211.7,0.65,5749.89,3183.8,5749.89,3183.8,-44.14,3344.63,4130.12,False,29.89,-113.731,-103.508,-10.223,2.36,3,259
EPACKPEB,EPack Prefab Technologies Limited,,2,243.32,0.65,330.05,132.17,311.4,132.17,-26.28,238.63,225.09,True,53.91,2.446,0.846,1.6,0.71,1,248
SANDUMA,Sandur Manganese & Iron Ores Limited,,2,182.69,0.65,264.06,167.54,264.06,171.17,-30.81,188.46,200.94,False,38.86,-4.773,-4.61,-0.162,0.91,1,259
MMTC,MMTC Ltd.,Services,1,56.76,0.64,76.03,52.1,76.03,52.1,-25.35,60.15,63.67,False,29.54,-1.562,-1.146,-0.416,0.97,1,259
ADFFOODS,ADF Foods Limited,,2,268.3,0.64,319.7,157.54,319.7,157.54,-16.08,268.63,255.77,True,48.78,-1.329,-1.862,0.533,0.72,1,259
BENARAS,Benares Hotels Limited,,2,10215.0,0.64,11085.0,10122.0,11085.0,10122.0,-7.85,10382.91,10247.16,False,44.89,,,,1.2,1,30
HUHTAMAKI,Huhtamaki India Limited,,2,235.7,0.64,318.68,148.32,318.68,148.32,-26.04,248.74,224.33,True,36.4,-6.738,-5.705,-1.033,0.37,1,259
INNOVANA,Innovana Thinklabs Limited,,2,291.5,0.64,508.1,289.65,443.6,289.65,-42.63,302.85,361.18,False,40.04,-5.469,-4.507,-0.962,0.9,1,257
NELCO,NELCO Limited,,2,922.3,0.64,1081.5,505.36,1081.5,505.36,-14.72,960.52,840.73,True,44.0,3.32,7.597,-4.277,0.8,1,259
RELIABLE,Reliable Data Services Limited,,2,145.17,0.64,168.81,110.71,168.81,110.71,-14.0,141.8,139.1,True,57.56,1.388,0.356,1.032,1.8,1,256
RGL,Renaissance Global Limited,,2,164.27,0.64,170.48,86.18,170.48,86.18,-3.64,155.17,123.88,True,61.29,8.345,8.221,0.124,0.31,1,259
SAGARDEEP,Sagardeep Alloys Limited,,2,23.44,0.64,30.41,22.02,28.84,22.02,-22.92,23.65,24.72,False,46.06,-0.136,-0.122,-0.014,1.24,2,258
IKS,Inventurus Knowledge Solutions Ltd.,Information Technology,1,1779.4,0.62,1937.8,1274.9,1937.8,1274.9,-8.17,1797.02,1688.37,True,48.35,9.442,7.32,2.123,0.93,1,258
AETHER,Aether Industries Limited,,2,1749.9,0.62,1767.0,732.6,1767.0,832.65,-0.97,1664.97,1287.79,True,65.01,30.162,20.73,9.432,1.87,1,259
AURUM,Aurum PropTech Limited,,2,220.31,0.62,250.82,154.87,250.82,154.87,-12.16,222.44,201.31,True,45.96,-1.482,-1.307,-0.175,0.69,1,258
AUTOAXLES,Automotive Axles Limited,,2,1699.6,0.62,2073.21,1520.63,2073.21,1520.63,-18.02,1695.74,1751.68,False,49.14,-12.691,-19.023,6.331,1.31,1,257
BOROSCI,Borosil Scientific Limited,,2,114.84,0.62,173.52,100.97,173.52,100.97,-33.82,121.3,132.52,False,28.43,-4.942,-4.767,-0.175,2.07,1,258
EUROTEXIND,Eurotex Industries and Exports Limited,,2,13.0,0.62,23.58,11.65,22.34,11.65,-44.87,12.71,14.6,False,51.33,-0.368,-0.418,0.05,1.33,2,249
NICCOPAR,Nicco Parks & Resorts Limited,,2,81.0,0.62,90.23,75.01,90.23,75.01,-10.23,80.87,76.67,True,54.6,,,,0.06,1,30
GKSL,Gujarat Kidney And Super Speciality Limited,,2,175.89,0.61,183.21,99.36,183.21,99.36,-4.0,171.66,132.76,True,58.88,6.171,7.542,-1.371,0.95,1,189
KROSS,Kross Limited,,2,261.83,0.61,278.56,158.28,278.56,158.28,-6.01,243.94,204.8,True,64.63,15.066,12.91,2.155,0.51,1,259
IFCI,IFCI Ltd.,Financial Services,1,70.97,0.6,102.51,46.81,102.51,46.81,-30.77,78.67,70.28,True,37.17,-3.055,-1.552,-1.503,0.3,1,259
HCL-INSYS,HCL Infosystems Limited,,2,10.11,0.6,15.88,9.42,14.45,9.42,-36.34,10.42,12.15,False,40.63,-0.136,-0.174,0.038,0.37,1,259
NCLIND,NCL Industries Limited,,2,176.86,0.6,207.11,146.51,207.11,146.51,-14.61,175.5,181.8,False,53.47,0.397,0.011,0.386,1.26,1,257
COALINDIA,Coal India Ltd.,Oil Gas & Consumable Fuels,1,425.0,0.59,469.36,355.9,469.36,367.01,-9.45,419.43,415.18,True,56.51,3.664,3.526,0.139,0.81,1,259
FOSECOIND,Foseco India Limited,,2,6335.0,0.59,6846.5,4325.38,6846.5,4325.38,-7.47,6337.09,5432.25,True,53.66,164.889,215.676,-50.787,0.28,1,258
JAYKAY,Jaykay Enterprises Limited,,2,205.01,0.59,213.94,118.31,213.94,118.31,-4.17,180.71,172.59,True,68.81,12.539,8.313,4.226,0.45,3,208
BEL,Bharat Electronics Ltd.,Capital Goods,1,387.75,0.58,467.81,381.31,467.81,381.31,-17.11,396.7,411.88,False,39.68,-4.413,-3.39,-1.023,1.4,1,259
ICICIAMC,ICICI Prudential Asset Management Company Ltd.,Financial Services,1,3233.0,0.58,3524.81,2562.37,3524.81,2562.37,-8.28,3139.35,3050.8,True,62.44,28.368,9.922,18.446,1.88,3,196
AVROIND,AVRO INDIA LIMITED,,2,6.98,0.58,15.49,6.89,15.15,6.89,-54.94,7.74,10.51,False,29.57,-0.499,-0.41,-0.089,0.19,2,259
CARERATING,CARE Ratings Limited,,2,1637.8,0.58,1785.38,1400.72,1785.38,1400.72,-8.27,1653.8,1634.95,True,45.04,-16.813,-13.905,-2.909,1.17,3,258
NYKAA,FSN E-Commerce Ventures Ltd.,Consumer Services,1,327.35,0.57,349.55,231.35,349.55,234.7,-6.35,333.63,295.04,True,44.82,-0.674,0.641,-1.316,1.26,1,259
BIOCON,Biocon Ltd.,Healthcare,1,377.0,0.56,440.7,339.64,440.7,339.64,-14.45,389.95,397.6,False,36.73,-7.78,-7.662,-0.118,0.88,1,259
JINDALSAW,Jindal Saw Ltd.,Capital Goods,1,277.7,0.56,317.5,153.23,317.5,153.23,-12.54,290.22,243.72,True,41.69,-2.205,1.471,-3.676,0.55,1,259
OSWALSEEDS,ShreeOswal Seeds And Chemicals Limited,,2,12.52,0.56,19.68,9.99,19.68,9.99,-36.38,13.18,12.48,True,45.6,0.19,0.464,-0.274,0.24,1,258
PTC,PTC India Limited,,2,155.75,0.56,201.66,132.94,201.66,133.14,-22.77,155.49,156.77,False,49.7,-0.471,-0.808,0.337,1.15,1,259
SATIA,Satia Industries Limited,,2,68.48,0.56,82.63,50.86,74.01,50.86,-17.12,65.78,63.88,True,64.89,2.011,2.026,-0.014,0.72,2,257
GILLETTE,Gillette India Ltd.,Fast Moving Consumer Goods,1,6963.5,0.55,9327.56,6925.5,8730.08,6925.5,-25.34,7187.18,7849.95,False,32.57,-126.552,-105.1,-21.452,1.5,1,259
BHARATSE,Bharat Seats Limited,,2,213.61,0.55,252.99,134.45,252.99,134.45,-15.57,216.76,197.9,True,45.67,-2.382,-2.579,0.198,0.55,1,259
CCHHL,Country Club Hospitality & Holidays Limited,,2,12.9,0.55,17.77,10.58,15.64,10.58,-27.41,12.87,13.54,False,51.48,0.11,0.08,0.03,0.18,1,256
TPLPLASTEH,TPL Plastech Limited,,2,65.26,0.55,85.51,50.52,85.51,50.52,-23.68,67.19,69.74,False,38.68,-2.097,-2.336,0.239,0.82,1,259
BBL,Bharat Bijlee Limited,,2,2123.7,0.54,3275.72,2042.23,3174.94,2042.23,-35.17,2217.85,2565.34,False,31.37,-54.314,-51.853,-2.462,1.11,1,259
EMBDL,Embassy Developments Limited,,2,56.33,0.54,97.7,39.46,73.34,39.46,-42.34,57.86,64.67,False,44.09,-0.894,-1.118,0.225,0.47,1,259
HINDOILEXP,Hindustan Oil Exploration Company Limited,,2,173.91,0.54,195.83,118.33,195.83,118.33,-11.19,175.45,162.67,True,49.45,1.38,3.181,-1.801,0.14,1,259
MOL,Meghmani Organics Limited,,2,57.27,0.54,84.51,36.74,67.52,36.74,-32.23,60.55,58.61,False,39.75,-0.592,0.231,-0.823,0.51,1,259
NEXTMEDIA,Next Mediaworks Limited,,2,3.7,0.54,7.09,3.51,6.26,3.51,-47.81,3.82,4.5,False,44.59,-0.07,-0.05,-0.02,0.44,1,257
SUKHJITS,Sukhjit Starch & Chemicals Limited,,2,157.95,0.54,215.26,139.74,215.26,139.74,-26.62,160.12,167.58,False,43.76,-0.374,-0.174,-0.2,0.31,1,256
TNPETRO,Tamilnadu PetroProducts Limited,,2,125.67,0.54,137.55,78.96,137.55,78.96,-8.64,126.11,102.56,True,52.06,3.215,4.523,-1.308,0.4,1,259
LAOPALA,La Opala RG Limited,,2,156.71,0.53,242.14,155.88,204.29,155.88,-35.28,163.09,183.91,False,36.02,-4.418,-4.491,0.073,0.55,1,259
MONTECARLO,Monte Carlo Fashions Limited,,2,516.75,0.53,804.66,450.02,706.16,450.02,-35.78,525.69,548.82,False,44.53,-0.767,2.172,-2.939,0.52,1,257
CEWATER,Concord Enviro Systems Limited,,2,259.6,0.52,509.35,241.25,475.25,241.25,-49.03,269.59,326.58,False,41.62,-2.861,-1.82,-1.041,0.42,1,258
PARNAXLAB,Parnax Lab Limited,,2,113.37,0.52,140.78,112.78,140.78,112.78,-19.47,123.43,123.04,False,41.66,,,,3.73,1,30
HDFCBANK,HDFC Bank Ltd.,Financial Services,1,722.7,0.51,993.08,687.1,985.3,687.1,-27.23,723.13,796.96,False,49.4,1.051,-1.068,2.119,1.52,1,259
TORNTPHARM,Torrent Pharmaceuticals Ltd.,Healthcare,1,4894.0,0.51,5122.8,3483.84,5122.8,3726.49,-4.47,4923.91,4491.8,True,48.02,-3.568,-2.095,-1.473,2.17,1,259
CMSINFO,CMS Info Systems Limited,,2,229.17,0.51,380.83,222.91,348.38,222.91,-39.82,233.8,287.4,False,39.76,-4.64,-5.748,1.107,0.49,1,259
SMARTWORKS,Smartworks Coworking Spaces Limited,,2,514.25,0.51,606.65,372.45,552.65,372.45,-15.23,528.59,484.97,True,43.74,2.218,6.116,-3.898,2.49,1,258
SHYAMMETL,Shyam Metalics and Energy Ltd.,Capital Goods,1,1074.0,0.5,1105.8,758.11,1105.8,758.11,-2.88,1074.44,956.41,True,52.11,12.289,15.479,-3.19,0.46,1,259
BHARATWIRE,Bharat Wire Ropes Limited,,2,167.18,0.5,252.83,153.96,252.83,153.96,-33.88,172.25,189.69,False,37.49,-5.333,-5.587,0.254,1.2,2,259
DHANBANK,Dhanlaxmi Bank Limited,,2,28.37,0.5,36.22,19.64,36.22,19.64,-21.67,30.04,29.88,False,31.73,-0.928,-0.825,-0.103,0.69,1,259
HAPPSTMNDS,Happiest Minds Technologies Limited,,2,308.7,0.5,522.95,307.15,492.05,307.15,-40.97,332.81,394.25,False,26.81,-19.863,-19.26,-0.603,0.52,1,259
LGEINDIA,LG Electronics India Ltd.,Consumer Durables,1,1739.2,0.49,1739.2,1318.8,1739.2,1318.8,0.0,1678.01,1592.34,True,65.52,23.663,16.633,7.03,1.21,6,242
POLYMED,Poly Medicure Ltd.,Healthcare,1,1644.7,0.49,2059.18,1188.67,1869.87,1188.67,-20.13,1708.58,1664.69,False,38.09,-14.233,-5.814,-8.419,1.21,1,259
AEROPLANE,Amir Chand Jagdish Kumar (Exports) Limited,,2,202.08,0.49,209.47,117.45,209.47,117.45,-3.53,198.63,172.0,True,55.89,4.918,5.139,-0.221,0.81,1,127
LAXMIINDIA,Laxmi India Finance Limited,,2,118.84,0.49,157.55,71.65,139.25,71.65,-24.57,124.32,122.76,False,41.87,-1.887,-0.99,-0.897,0.62,1,257
RAYMOND,Raymond Limited,,2,1185.75,0.49,1203.85,321.85,1203.85,321.85,-1.5,1000.02,620.97,True,82.01,131.804,115.402,16.402,0.22,1,259
GALLANTT,Gallantt Ispat Ltd.,Capital Goods,1,539.1,0.48,923.7,514.71,923.7,515.01,-41.64,549.72,621.26,False,40.96,-9.99,-11.51,1.52,0.56,1,258
ORTINGLOBE,ORTIN GLOBAL LIMITED,,2,14.72,0.48,19.92,11.19,19.92,12.03,-26.1,15.43,15.1,False,43.32,-0.2,-0.034,-0.166,1.47,1,256
PODDARMENT,Poddar Pigments Limited,,2,259.05,0.48,307.29,200.19,307.29,200.19,-15.7,270.68,255.14,True,44.53,2.887,6.023,-3.136,0.46,1,256
RSWM,RSWM Limited,,2,212.37,0.48,235.26,120.73,235.26,120.73,-9.73,215.83,184.81,True,48.14,2.559,3.533,-0.974,0.77,1,256
TGVSL,TGV Sraac Limited,,2,122.47,0.48,124.78,102.37,124.78,102.37,-1.85,110.58,105.91,True,74.63,,,,1.14,1,31
INDHOTEL,Indian Hotels Co. Ltd.,Consumer Services,1,714.35,0.47,752.3,568.42,752.3,568.42,-5.04,724.93,706.84,True,44.55,-0.411,0.581,-0.992,9.19,1,259
IGPL,IG Petrochemicals Limited,,2,584.3,0.47,593.15,325.45,593.15,325.45,-1.49,559.37,454.0,True,61.74,20.171,19.555,0.616,0.46,1,257
EMPIND,Empire Industries Limited,,2,1046.2,0.46,1221.8,1026.9,1221.8,1026.9,-14.37,1082.08,1117.85,False,42.44,,,,0.13,2,30
EUREKAFORB,Eureka Forbes Limited,,2,362.95,0.46,652.8,361.3,651.4,361.3,-44.4,389.27,471.47,False,21.81,-16.263,-14.449,-1.814,3.26,1,259
IDEAFORGE,Ideaforge Technology Limited,,2,719.7,0.46,964.9,371.75,964.9,371.75,-25.41,743.72,697.5,True,40.05,-21.478,-23.386,1.908,0.5,1,259
PRABHA,Prabha Energy Limited,,2,224.41,0.46,253.55,139.86,253.55,139.86,-11.49,226.03,183.56,True,52.25,7.164,11.082,-3.919,0.09,1,258
PSPPROJECT,PSP Projects Limited,,2,782.65,0.46,1099.0,575.5,1099.0,575.5,-28.79,833.28,863.39,False,28.06,-31.2,-29.619,-1.581,1.28,1,257
KIMS,Krishna Institute of Medical Sciences Ltd.,Healthcare,1,769.9,0.45,850.65,582.1,850.65,582.1,-9.49,779.95,748.85,True,45.34,0.053,-0.044,0.097,0.96,1,259
AJMERA,Ajmera Realty & Infra India Limited,,2,120.16,0.45,212.55,99.11,198.73,99.11,-43.47,118.05,135.37,False,57.23,0.496,-0.259,0.756,0.75,1,259
ASHIANA,Ashiana Housing Limited,,2,390.55,0.45,404.05,271.17,404.05,278.02,-3.34,372.78,348.47,True,62.24,7.036,2.425,4.611,0.48,1,259
DENORA,De Nora India Limited,,2,741.35,0.45,944.53,564.96,944.53,564.96,-21.51,790.22,788.16,False,30.86,-19.221,-14.786,-4.434,2.55,1,257
GREENPOWER,Orient Green Power Company Limited,,2,8.85,0.45,14.34,8.04,12.74,8.04,-38.28,9.11,10.58,False,32.95,-0.167,-0.158,-0.009,0.48,1,259
TCI,Transport Corporation of India Limited,,2,868.7,0.45,1216.35,807.25,1110.81,807.25,-28.58,855.89,956.53,False,52.23,-10.183,-16.16,5.977,1.26,1,258
BLEL,Behari Lal Engineering Limited,,2,447.05,0.44,504.25,428.4,504.25,428.4,-11.34,452.98,489.93,False,43.35,,,,0.27,1,30
TRANSRAILL,Transrail Lighting Limited,,2,451.65,0.44,751.76,404.9,606.39,404.9,-39.92,442.99,520.23,False,52.92,2.278,-4.085,6.364,0.36,1,259
LALPATHLAB,Dr. Lal Path Labs Ltd.,Healthcare,1,1950.4,0.43,1968.4,1300.98,1968.4,1300.98,-0.91,1922.86,1682.8,True,58.76,15.279,13.49,1.79,1.29,1,259
BAJEL,Bajel Projects Limited,,2,170.2,0.43,208.48,136.8,206.88,136.8,-18.36,175.93,182.59,False,38.26,-3.953,-3.571,-0.382,1.07,1,259
YUKEN,Yuken India Limited,,2,1130.7,0.43,1139.2,592.99,1139.2,592.99,-0.75,1078.2,846.94,True,70.15,59.195,65.426,-6.232,0.56,1,257
JMFINANCIL,JM Financial Ltd.,Financial Services,1,125.78,0.42,173.55,111.89,147.83,111.89,-27.53,126.39,132.45,False,48.01,-0.398,-0.467,0.069,1.07,1,259
DOLPHIN,Dolphin Offshore Enterprises (India) Limited,,2,650.75,0.42,724.3,332.9,724.3,360.75,-10.15,656.45,470.03,True,52.33,28.23,37.351,-9.121,0.51,1,259
LINCOLN,Lincoln Pharmaceuticals Limited,,2,584.3,0.42,756.0,442.94,756.0,442.94,-22.71,602.09,594.54,False,39.23,-6.272,-2.658,-3.614,0.43,1,256
TEMBO,Tembo Global Industries Limited,,2,57.99,0.42,81.2,46.74,78.14,46.74,-28.58,57.68,58.23,False,51.56,0.098,-0.086,0.184,0.36,1,259
AAATECH,AAA Technologies Limited,,2,99.94,0.41,124.1,76.18,123.43,83.67,-19.47,93.55,92.76,True,62.23,1.579,0.382,1.198,2.55,1,257
AKG,Akg Exim Limited,,2,9.8,0.41,14.64,8.43,14.64,8.43,-33.06,9.87,10.87,False,49.46,0.09,0.163,-0.073,0.15,2,257
EIMCOELECO,Eimco Elecon (India) Limited,,2,2278.3,0.41,2325.5,1425.06,2325.5,1425.06,-2.03,2247.82,1872.94,True,58.08,51.156,63.337,-12.18,0.62,1,256
GPPL,Gujarat Pipavav Port Limited,,2,160.54,0.41,187.88,138.18,187.88,138.18,-14.55,161.47,155.63,True,49.74,1.277,1.903,-0.627,0.84,1,259
TAJGVK,Taj GVK Hotels & Resorts Limited,,2,316.55,0.41,431.02,283.25,430.02,283.25,-26.56,329.63,350.62,False,36.41,-5.99,-4.919,-1.071,0.56,1,258
SBILIFE,SBI Life Insurance Company Ltd.,Financial Services,1,1735.0,0.4,2106.67,1654.1,2106.67,1654.1,-17.64,1738.55,1835.23,False,48.02,-7.435,-13.611,6.177,1.56,1,259
DHUNINV,Dhunseri Investments Limited,,2,972.35,0.4,1459.78,679.35,1340.65,679.35,-33.39,988.22,999.35,False,46.85,-0.424,4.885,-5.31,0.41,1,256
RBA,Restaurant Brands Asia Limited,,2,91.98,0.4,106.45,57.26,106.45,57.26,-13.59,94.65,78.83,True,44.39,-0.562,0.445,-1.007,0.57,1,258
SIKA,Sika Interplant Systems Limited,,2,1025.45,0.4,1085.55,974.75,1085.55,974.75,-5.54,1035.51,1029.16,False,47.48,,,,0.38,1,31
SPMLINFRA,SPML Infra Limited,,2,162.07,0.4,247.46,153.73,221.8,153.73,-34.51,170.75,195.85,False,31.33,-5.712,-5.442,-0.27,0.61,1,259
SRTL,Shree Ram Twistex Limited,,2,37.35,0.4,71.4,36.72,71.4,36.72,-47.69,38.06,48.47,False,42.48,-0.301,-0.36,0.058,0.34,1,146
VRAJ,Vraj Iron and Steel Limited,,2,125.16,0.4,152.82,94.67,146.15,94.67,-18.1,125.17,127.29,False,50.52,0.569,0.56,0.009,0.7,1,258
VEDL,Vedanta Ltd.,Metals & Mining,1,260.0,0.39,787.5,253.05,787.5,253.05,-66.98,265.55,386.81,False,43.64,-2.712,-2.634,-0.078,1.43,1,259
AAREYDRUGS,Aarey Drugs & Pharmaceuticals Limited,,2,99.92,0.39,102.63,50.75,102.63,50.75,-2.64,97.66,82.66,True,60.52,3.736,4.257,-0.52,0.54,1,256
EBGNG,GNG Electronics Limited,,2,674.8,0.39,715.15,242.55,715.15,242.55,-5.64,663.68,498.78,True,55.34,20.213,23.745,-3.532,0.63,2,258
FREDUN,Fredun Pharmaceuticals Limited,,2,1392.4,0.39,1505.8,1221.6,1505.8,1221.6,-7.53,1383.8,1429.28,False,50.78,,,,1.3,2,30
INFOMEDIA,Infomedia Press Limited,,2,5.19,0.39,8.05,4.58,6.62,4.58,-35.53,5.31,5.68,False,45.51,-0.012,0.0,-0.012,0.6,1,257
PICCADIL,Piccadily Agro Industries Limited,,2,602.85,0.39,783.19,516.49,783.19,516.49,-23.03,614.33,633.47,False,42.72,-15.039,-19.13,4.091,0.57,1,259
TARC,TARC Limited,,2,127.02,0.39,182.57,111.59,182.57,111.59,-30.43,128.17,135.38,False,48.38,0.715,1.022,-0.307,0.55,1,257
ZENITHSTL,Zenith Steel Pipes & Industries Limited,,2,5.19,0.39,9.88,4.6,7.45,4.6,-47.47,5.45,5.98,False,36.08,-0.098,-0.039,-0.06,0.61,1,258
SCHNEIDER,Schneider Electric Infrastructure Ltd.,Capital Goods,1,1192.7,0.38,1501.0,579.2,1501.0,579.2,-20.54,1215.41,1137.98,True,44.66,-12.433,-14.856,2.423,0.77,1,259
DJML,DJ Mediaprint & Logistics Limited,,2,71.62,0.38,121.72,53.82,121.72,53.82,-41.16,77.41,92.99,False,33.7,-4.944,-5.391,0.447,0.35,1,257
FMNL,Future Market Networks Limited,,2,7.97,0.38,12.66,6.92,12.52,6.92,-37.05,8.79,9.78,False,34.14,-0.419,-0.274,-0.146,0.97,1,256
HONAUT,Honeywell Automation India Ltd.,Capital Goods,1,33980.0,0.37,40105.0,26250.78,40105.0,26250.78,-15.27,34630.02,35032.83,False,40.87,-674.934,-712.331,37.397,6.4,1,256
MANINFRA,Man Infraconstruction Limited,,2,127.9,0.37,148.61,77.97,133.94,77.97,-13.94,124.34,117.14,True,62.1,3.012,3.436,-0.425,1.15,1,258
MSTCLTD,Mstc Limited,,2,713.05,0.37,776.6,361.64,776.6,361.64,-8.18,721.96,578.03,True,49.52,10.732,15.915,-5.182,0.55,1,259
STEELCITY,Steel City Securities Limited,,2,82.18,0.37,98.01,70.29,93.66,70.29,-16.15,84.07,82.93,False,45.25,-0.001,0.77,-0.771,0.21,2,257
IGIL,International Gemological Institute Ltd.,Services,1,324.3,0.36,378.4,286.61,378.4,286.61,-14.3,325.56,340.1,False,47.4,-2.482,-4.123,1.641,1.1,1,259
JSWINFRA,JSW Infrastructure Ltd.,Services,1,350.0,0.36,367.6,233.61,367.6,233.61,-4.79,346.39,309.2,True,54.24,5.68,4.581,1.099,0.53,1,259
IIFLCAPS,IIFL Capital Services Limited,,2,344.95,0.36,391.85,244.15,391.85,244.15,-11.97,342.24,328.19,True,56.28,2.514,2.049,0.465,0.85,1,259
PRUDMOULI,Prudential Sugar Corporation Limited,,2,13.98,0.36,33.44,11.26,23.46,11.26,-58.19,14.7,17.61,False,39.1,-0.37,-0.13,-0.24,0.22,1,254
SHIVAAGRO,Shiva Global Agro Industries Limited,,2,39.13,0.36,42.96,37.9,42.96,37.9,-8.92,40.13,40.31,False,46.86,,,,1.08,1,30
SIRCA,Sirca Paints India Limited,,2,408.05,0.36,531.97,389.08,501.17,389.08,-23.29,416.61,434.68,False,38.82,-6.246,-5.136,-1.111,0.7,1,259
BHEL,Bharat Heavy Electricals Ltd.,Capital Goods,1,413.35,0.35,442.65,230.2,442.65,241.72,-6.62,422.07,361.78,True,44.8,-1.129,1.08,-2.209,1.12,1,259
AARVI,Aarvi Encon Limited,,2,136.21,0.35,159.67,115.76,159.67,115.76,-14.69,140.07,136.47,False,36.74,-3.055,-2.874,-0.181,0.86,1,257
CYIENTDLM,Cyient DLM Limited,,2,921.15,0.35,976.25,272.3,976.25,272.3,-5.64,892.78,577.52,True,58.48,39.995,47.131,-7.136,0.69,1,259
MOHITIND,Mohit Industries Limited,,2,22.97,0.35,33.96,18.81,29.04,18.81,-32.36,23.44,25.11,False,44.74,-0.227,-0.182,-0.044,1.23,1,256
QUESS,Quess Corp Limited,,2,342.1,0.35,381.75,165.88,381.75,165.88,-10.39,349.33,271.38,True,46.63,1.599,4.382,-2.783,0.34,1,259
SFL,Sheela Foam Limited,,2,631.5,0.35,808.95,464.42,808.95,464.42,-21.94,654.42,651.58,False,36.36,-12.401,-10.133,-2.268,0.51,1,259
LEMONTREE,Lemon Tree Hotels Ltd.,Consumer Services,1,104.17,0.34,173.24,100.42,163.7,100.42,-39.87,105.92,120.85,False,41.62,-0.766,-0.883,0.117,0.87,1,259
TRENT,Trent Ltd.,Consumer Services,1,2635.0,0.34,4824.87,2193.96,4283.27,2193.96,-45.39,2768.09,3129.37,False,28.25,-62.332,-49.63,-12.701,2.23,1,259
ARVIND,Arvind Limited,,2,545.45,0.34,582.44,277.38,582.44,290.33,-6.35,550.57,463.29,True,48.27,0.033,2.077,-2.043,0.46,1,259
DIGIDRIVE,Digidrive Distributors Limited,,2,17.81,0.34,30.66,16.85,27.3,16.85,-41.91,17.72,20.98,False,51.4,0.039,-0.02,0.059,1.77,1,258
KOLTEPATIL,Kolte - Patil Developers Limited,,2,427.05,0.34,516.6,295.9,516.6,295.9,-17.33,434.98,403.48,True,44.85,-2.882,-1.454,-1.429,0.37,1,257
SHRADHA,Shradha Realty Limited,,2,29.58,0.34,49.07,26.56,41.02,26.56,-39.72,30.75,35.63,False,37.15,-0.727,-0.677,-0.05,0.04,1,256
VISHAL,Vishal Fabrics Limited,,2,17.92,0.34,22.05,17.86,22.05,17.86,-18.73,18.39,21.07,False,27.16,-0.461,-0.524,0.064,0.19,1,35
ASTRAL,Astral Ltd.,Capital Goods,1,1375.0,0.33,1743.56,1315.03,1743.56,1315.03,-21.14,1419.5,1481.42,False,36.37,-27.918,-23.559,-4.359,1.53,1,259
HARDWYN,Hardwyn India Limited,,2,9.26,0.33,19.49,8.62,19.49,8.93,-52.49,9.29,12.58,False,40.06,-0.258,-0.388,0.13,0.2,1,258
PRECAM,Precision Camshafts Limited,,2,117.16,0.33,201.22,104.34,171.18,104.34,-41.78,120.09,146.19,False,38.6,-3.027,-3.858,0.831,0.42,1,259
RADIOCITY,Music Broadcast Limited,,2,6.01,0.33,8.62,4.62,6.94,4.62,-30.28,6.15,6.49,False,39.43,-0.124,-0.122,-0.002,2.49,1,257
UNIECOM,Unicommerce Esolutions Limited,,2,82.45,0.33,145.24,79.08,121.34,79.08,-43.23,83.86,96.81,False,45.69,-0.87,-0.825,-0.045,0.17,1,259
GRAPHITE,Graphite India Ltd.,Capital Goods,1,801.55,0.32,844.65,520.44,844.65,520.63,-5.1,791.62,676.54,True,55.66,24.16,28.085,-3.924,0.28,1,259
AARON,Aaron Industries Limited,,2,122.01,0.32,217.74,108.88,182.32,108.88,-43.97,124.87,140.75,False,44.71,-2.844,-2.636,-0.208,0.39,1,257
FMGOETZE,Federal-Mogul Goetze (India) Limited.,,2,460.1,0.32,529.14,305.62,529.14,305.62,-13.05,458.3,411.0,True,51.88,4.156,5.506,-1.35,0.2,1,257
SCI,Shipping Corporation of India Ltd.,Services,1,272.9,0.31,343.53,198.44,343.53,198.44,-20.56,279.28,273.11,False,40.06,-4.053,-3.67,-0.383,0.97,1,259
ENRIN,Siemens Energy India Ltd.,Capital Goods,1,3199.0,0.31,3872.1,2121.97,3872.1,2121.97,-17.38,3212.24,3242.56,False,47.67,-22.792,-40.223,17.431,0.98,1,259
FINEORG,Fine Organic Industries Limited,,2,5140.0,0.31,5322.07,3878.03,5322.07,3878.03,-3.42,5140.74,4843.73,True,50.32,-2.606,9.065,-11.671,0.61,3,258
HLVLTD,HLV LIMITED,,2,6.39,0.31,11.72,5.72,9.96,5.72,-45.48,6.53,7.98,False,43.5,-0.069,-0.078,0.01,0.33,1,258
JISLJALEQS,Jain Irrigation Systems Limited,,2,28.97,0.31,53.27,26.49,42.14,26.49,-45.62,29.35,34.35,False,46.88,-0.139,-0.014,-0.125,0.33,3,259
MODINATUR,Modi Naturals Limited,,2,339.65,0.31,484.75,272.25,484.75,272.25,-29.93,347.32,374.87,False,43.97,-6.826,-7.99,1.164,0.42,1,199
WOCKPHARMA,Wockhardt Ltd.,Healthcare,1,2194.2,0.3,2329.7,1100.3,2329.7,1100.3,-5.82,2144.64,1760.32,True,56.36,67.638,66.396,1.241,0.93,1,259
AIROLAM,Airo Lam limited,,2,89.06,0.3,111.81,78.84,103.66,78.84,-20.35,88.34,91.09,False,51.88,0.428,0.072,0.357,0.04,1,256
AJAXENGG,Ajax Engineering Limited,,2,591.65,0.3,682.5,404.1,615.2,404.1,-13.31,579.65,568.72,True,56.08,2.748,0.828,1.92,0.53,1,258
APCL,Anjani Portland Cement Limited,,2,94.92,0.3,144.91,93.99,144.91,93.99,-34.5,97.4,112.58,False,37.8,-1.883,-1.729,-0.154,0.69,1,257
BRIGHTBR,Bright Brothers Limited,,2,248.85,0.3,261.77,240.35,261.77,240.35,-4.94,250.12,252.8,False,48.42,,,,0.24,2,30
PACEDIGITK,Pace Digitek Limited,,2,162.3,0.3,227.93,141.72,216.2,141.72,-28.79,164.23,185.14,False,44.07,-3.333,-5.05,1.717,0.21,1,248
SURYAROSNI,Surya Roshni Limited,,2,220.75,0.3,299.21,185.93,276.95,185.93,-26.22,217.35,239.08,False,53.37,-1.015,-2.844,1.829,0.91,1,259
XCHANGING,Xchanging Solutions Limited,,2,60.22,0.3,92.56,46.34,80.65,46.34,-34.94,61.63,66.22,False,43.05,-0.543,-0.323,-0.22,0.36,1,258
DOMS,DOMS Industries Ltd.,Fast Moving Consumer Goods,1,2052.4,0.29,2669.47,2046.5,2669.47,2046.5,-23.12,2126.43,2294.63,False,33.05,-38.661,-32.64,-6.021,1.63,1,257
GESHIP,Great Eastern Shipping Co. Ltd.,Services,1,1537.8,0.29,1701.3,946.08,1701.3,1055.97,-9.61,1440.56,1336.12,True,74.04,44.198,31.978,12.221,2.32,3,259
JKIPL,Jinkushal Industries Limited,,2,97.69,0.29,122.67,47.49,117.34,47.49,-20.36,98.5,95.99,True,47.77,-0.707,-0.717,0.01,0.19,2,248
OMPOWER,Om Power Transmission Limited,,2,163.18,0.29,203.04,159.16,203.04,159.16,-19.63,168.15,180.1,False,42.15,-1.115,-0.432,-0.684,0.92,1,117
SBIN,State Bank of India,Financial Services,1,964.7,0.28,1206.06,843.05,1206.06,939.4,-20.01,995.01,1006.79,False,35.06,-16.467,-14.641,-1.826,3.21,1,259
KIRIINDUS,Kiri Industries Limited,,2,543.45,0.28,725.3,338.3,725.3,338.3,-25.07,535.33,470.61,True,55.08,17.256,20.833,-3.577,0.33,1,259
STEELCAS,Steelcast Limited,,2,371.8,0.28,376.5,181.45,376.5,181.45,-1.25,342.71,288.06,True,65.46,9.311,3.118,6.194,0.86,1,258
TARMAT,Tarmat Limited,,2,57.03,0.28,71.14,47.48,71.14,47.48,-19.83,56.97,53.79,True,50.41,-0.267,0.164,-0.431,0.41,3,258
LUMAXIND,Lumax Industries Limited,,2,5691.5,0.27,6639.42,4547.15,6639.42,4587.57,-14.28,5835.08,5406.18,True,42.65,-45.587,-6.902,-38.685,1.73,1,258
MADHAVIPL,Madhav Infra Projects Limited,,2,7.41,0.27,8.21,7.02,8.21,7.02,-9.74,7.64,7.36,True,46.64,,,,0.56,1,30
RALLIS,Rallis India Limited,,2,199.96,0.27,307.76,199.42,291.61,199.42,-35.03,203.55,239.35,False,32.65,-3.078,-3.207,0.129,1.25,1,259
RAMAPHO,Rama Phosphates Limited,,2,120.33,0.27,210.57,104.03,185.08,104.03,-42.86,121.51,131.31,False,46.01,-0.704,-0.785,0.082,0.59,1,258
SUBROS,Subros Limited,,2,702.2,0.27,1189.17,632.58,905.72,632.58,-40.95,713.56,788.31,False,43.37,-7.155,-10.063,2.908,1.27,1,258
ANTELOPUS,Antelopus Selan Energy Limited,,2,1162.5,0.26,1261.7,359.5,1261.7,359.5,-7.86,1089.55,772.4,True,59.17,75.082,75.853,-0.772,0.32,1,259
MANORG,Mangalam Organics Limited,,2,447.7,0.26,619.95,367.05,619.95,367.05,-27.78,463.79,494.03,False,39.73,-9.391,-8.134,-1.257,0.44,1,257
RELAXO,Relaxo Footwears Limited,,2,291.5,0.26,443.5,235.25,435.04,235.25,-34.27,313.37,362.08,False,26.7,-19.34,-19.597,0.257,0.45,1,258
TIMETECHNO,Time Technoplast Limited,,2,183.92,0.26,221.72,153.98,214.56,153.98,-17.05,182.26,189.27,False,51.07,-1.85,-2.841,0.99,1.81,3,259
ANUHPHR,Anuh Pharma Limited,,2,89.68,0.25,96.74,65.75,96.74,65.75,-7.3,89.58,80.63,True,53.28,2.319,3.079,-0.76,0.36,1,258
DHATRE,Dhatre Udyog Limited,,2,3.97,0.25,4.69,3.96,4.69,3.96,-15.35,4.22,4.5,False,36.58,,,,1.13,1,31
BANCOINDIA,Banco Products (I) Limited,,2,595.65,0.24,844.24,497.92,691.86,497.92,-29.45,605.7,638.6,False,41.92,-6.211,-5.999,-0.212,0.77,1,258
DODLA,Dodla Dairy Limited,,2,1011.1,0.24,1355.01,966.89,1245.38,966.89,-25.38,1057.15,1127.01,False,33.29,-15.536,-8.692,-6.844,1.02,1,256
SHAILY,Shaily Engineering Plastics Limited,,2,3040.8,0.24,3454.83,1819.98,3454.83,1819.98,-11.98,3182.36,2775.61,True,40.02,-40.796,-14.843,-25.953,0.68,1,259
CELLO,Cello World Limited,,2,333.35,0.23,657.69,320.3,568.78,320.3,-49.32,335.23,413.26,False,45.69,-5.52,-7.134,1.614,0.67,1,257
SINTERCOM,Sintercom India Limited,,2,76.96,0.23,123.89,69.67,112.3,69.67,-37.88,78.1,85.74,False,46.86,-0.865,-0.907,0.042,0.13,1,256
SURYALAXMI,Suryalakshmi Cotton Mills Limited,,2,56.63,0.23,65.36,43.11,63.36,43.11,-13.36,57.63,58.74,False,44.76,-0.409,-0.304,-0.105,0.14,1,256
UNIDT,United Drilling Tools Limited,,2,229.83,0.23,259.76,145.97,259.76,145.97,-11.52,229.26,213.69,True,50.83,2.818,1.858,0.959,0.38,1,257
BFINVEST,BF Investment Limited,,2,436.15,0.22,535.25,310.8,535.25,310.8,-18.51,444.42,434.18,True,41.42,-4.28,-3.786,-0.493,0.72,1,258
PRIMESECU,Prime Securities Limited,,2,302.5,0.22,320.25,258.35,306.45,258.35,-5.54,291.92,282.41,True,62.39,4.92,3.159,1.761,0.43,1,256
SHIVAUM,Shiv Aum Steels Limited,,2,545.4,0.22,545.4,275.0,545.4,275.0,0.0,488.39,381.6,True,86.28,23.725,16.859,6.867,0.14,2,256
SRM,SRM Contractors Limited,,2,408.25,0.22,634.1,373.7,569.8,373.7,-35.62,431.78,483.51,False,28.14,-16.236,-15.511,-0.725,0.67,1,258
BCPL,BCPL Railway Infrastructure Limited,,2,68.12,0.21,88.44,64.2,88.44,64.2,-22.98,68.85,71.53,False,45.67,-0.46,-0.399,-0.061,0.19,2,130
HINDADH,Hindustan Adhesives Limited,,2,385.25,0.21,389.3,346.1,389.3,346.1,-1.04,376.9,381.15,True,53.72,,,,0.23,1,30
TMB,Tamilnad Mercantile Bank Limited,,2,863.55,0.21,942.45,415.08,942.45,496.68,-8.37,890.49,730.82,True,43.57,-1.414,5.621,-7.036,1.18,1,258
KRITIKA,Kritika Wires Limited,,2,5.01,0.2,9.12,4.56,7.47,4.56,-45.07,5.19,6.19,False,29.74,-0.136,-0.122,-0.013,1.55,1,256
SWSOLAR,Sterling and Wilson Renewable Energy Limited,,2,171.08,0.2,249.99,148.88,249.15,148.88,-31.57,180.21,206.93,False,31.9,-5.966,-6.122,0.156,0.64,1,259
ARTEMISMED,Artemis Medicare Services Limited,,2,366.6,0.19,366.6,205.16,366.6,205.16,0.0,340.81,280.46,True,68.21,10.411,8.584,1.827,0.36,3,254
BPL,BPL Limited,,2,46.5,0.19,81.06,38.17,68.46,38.17,-42.64,46.88,56.01,False,42.04,-1.332,-1.498,0.166,1.62,3,259
HEXATRADEX,Hexa Tradex Limited,,2,155.3,0.19,178.72,155.0,171.17,155.0,-13.1,157.42,162.32,False,41.77,-0.586,-0.41,-0.176,2.82,1,256
MALLCOM,Mallcom (India) Limited,,2,939.65,0.19,1482.99,909.12,1212.43,909.12,-36.64,959.26,1065.47,False,43.86,-11.179,-10.386,-0.793,0.11,1,256
PIXTRANS,Pix Transmissions Limited,,2,1728.1,0.19,1986.5,1262.64,1986.5,1262.64,-13.01,1748.59,1630.73,True,43.86,-16.348,-17.503,1.156,1.13,1,257
AXISBANK,Axis Bank Ltd.,Financial Services,1,1212.1,0.18,1401.92,1130.73,1401.92,1160.41,-13.54,1234.73,1262.1,False,42.63,-10.341,-6.608,-3.733,1.54,1,259
BMWVENTLTD,BMW Ventures Limited,,2,51.49,0.18,72.31,48.67,65.63,48.67,-28.79,52.91,58.79,False,38.91,-1.334,-1.381,0.047,0.69,1,250
GREENPLY,Greenply Industries Limited,,2,280.25,0.18,329.08,180.0,329.08,180.0,-14.84,289.62,278.94,True,41.66,-1.5,-0.35,-1.15,1.13,1,259
SANDESH,The Sandesh Limited,,2,1029.6,0.17,1190.05,817.98,1182.23,817.98,-13.48,1031.85,1031.09,False,49.22,-1.513,-0.781,-0.732,0.3,1,257
VARDMNPOLY,Vardhman Polytex Limited,,2,5.81,0.17,8.93,5.34,8.79,5.34,-34.94,5.88,6.74,False,42.52,-0.074,-0.084,0.01,2.38,1,258
VENTIVE,Ventive Hospitality Limited,,2,559.85,0.17,779.15,548.9,779.15,548.9,-28.15,571.54,639.89,False,39.88,-7.417,-7.784,0.368,0.6,1,258
MGL,Mahanagar Gas Ltd.,Oil Gas & Consumable Fuels,1,1050.5,0.16,1279.21,893.92,1225.64,893.92,-17.88,1077.41,1110.28,False,40.27,-9.176,-6.623,-2.553,0.88,1,258
AUTOIND,Autoline Industries Limited,,2,81.99,0.16,103.44,49.04,103.44,49.04,-20.74,83.9,80.79,True,45.07,-1.557,-1.797,0.239,0.26,2,258
LAMBODHARA,Lambodhara Textiles Limited,,2,135.41,0.16,144.57,82.81,144.57,82.81,-6.34,129.8,117.95,True,55.69,2.222,1.606,0.617,0.22,1,257
ORISSAMINE,The Orissa Minerals Development Company Limited,,2,3673.3,0.16,5800.0,3125.5,5162.0,3125.5,-36.67,3935.59,4229.69,False,28.11,-163.373,-138.643,-24.731,1.1,1,259
RATEGAIN,Rategain Travel Technologies Limited,,2,830.0,0.16,990.05,438.15,990.05,438.15,-16.17,858.72,774.29,True,38.2,-20.976,-19.063,-1.913,0.68,3,258
REDINGTON,Redington Ltd.,Services,1,405.45,0.15,410.35,195.65,410.35,195.65,-1.19,389.8,294.13,True,63.77,15.295,16.029,-0.733,0.49,1,259
MEDPLUS,Medplus Health Services Limited,,2,654.0,0.15,953.9,649.3,953.9,649.3,-31.44,661.32,774.72,False,41.26,-8.322,-9.821,1.499,0.91,1,257
RTNPOWER,RattanIndia Power Limited,,2,6.87,0.15,11.66,6.86,10.29,6.86,-41.08,7.2,8.9,False,25.86,-0.257,-0.277,0.02,0.96,1,259
SKFINDIA,SKF India Limited,,2,1514.0,0.15,4889.0,1380.0,1853.63,1380.0,-69.03,1533.63,1879.38,False,43.96,-7.997,-6.605,-1.392,2.97,1,259
LINDEINDIA,Linde India Ltd.,Chemicals,1,6199.5,0.14,7834.21,5685.86,7834.21,5823.12,-20.87,6280.67,6681.07,False,39.66,-102.737,-120.797,18.06,1.45,2,258
BLSE,BLS E-Services Limited,,2,321.1,0.14,328.1,128.38,328.1,128.38,-2.13,319.2,246.23,True,54.59,3.311,3.667,-0.355,0.83,1,259
MAKERSL,Makers Laboratories Limited,,2,181.38,0.14,220.86,159.83,220.86,159.83,-17.88,184.34,167.02,True,52.88,,,,0.43,1,30
SOUTHBANK,The South Indian Bank Limited,,2,48.71,0.14,49.95,28.36,49.95,33.27,-2.48,47.04,42.25,True,61.1,0.723,0.372,0.351,0.82,1,259
INTLCONV,International Conveyors Limited,,2,80.0,0.13,110.0,59.71,92.47,59.71,-27.27,78.3,80.0,True,56.63,0.803,0.479,0.323,0.8,1,259
SUNCLAY,Sundaram Clayton Limited,,2,1231.5,0.13,1696.72,1130.08,1527.8,1130.08,-27.42,1259.17,1345.23,False,36.48,-13.153,-9.146,-4.007,1.21,1,258
ANDREWYU,Andrew Yule & Company Limited,,2,25.84,0.12,31.35,25.65,31.35,25.65,-17.58,26.84,30.12,False,37.31,-0.551,-0.626,0.075,0.94,1,36
BRNL,Bharat Road Network Limited,,2,16.45,0.12,25.62,16.1,23.2,16.1,-35.79,16.7,19.06,False,39.34,-0.221,-0.248,0.028,1.3,1,257
CINELINE,Cineline India Limited,,2,88.13,0.12,97.37,74.26,97.37,74.26,-9.49,89.72,84.33,True,46.51,0.245,0.924,-0.679,0.56,1,257
SESHAPAPER,Seshasayee Paper and Boards Limited,,2,242.53,0.12,276.92,213.86,276.92,213.86,-12.42,242.58,240.81,True,52.33,3.177,3.936,-0.759,0.14,1,257
ABANSENT,Abans Enterprises Limited,,2,26.87,0.11,30.3,26.07,30.3,26.07,-11.32,27.4,29.57,False,38.66,,,,0.63,1,31
CENTEXT,Century Extrusions Limited,,2,18.16,0.11,33.95,16.52,23.93,16.52,-46.51,19.48,21.11,False,33.99,-0.718,-0.562,-0.156,0.19,1,258
KOKUYOCMLN,Kokuyo Camlin Limited,,2,74.72,0.11,110.03,71.04,96.16,71.04,-32.09,77.27,86.64,False,35.21,-1.576,-1.51,-0.066,0.72,1,258
MPSLTD,MPS Limited,,2,2634.7,0.11,2931.2,1366.7,2931.2,1366.7,-10.12,2647.23,2206.27,True,49.26,-6.346,-4.859,-1.487,0.99,1,257
SBCL,Shivalik Bimetal Controls Limited,,2,1111.3,0.1,1156.0,374.5,1156.0,374.5,-3.87,1097.17,751.63,True,55.2,35.011,40.823,-5.812,0.5,1,258
SHANKARA,Shankara Building Products Limited,,2,127.47,0.1,230.15,99.97,149.83,99.97,-44.61,141.3,196.37,False,19.39,-3.148,-0.451,-2.697,0.23,1,257
SUBEXLTD,Subex Limited,,2,20.35,0.1,22.08,6.68,22.08,6.68,-7.84,19.62,13.46,True,57.17,1.108,1.223,-0.115,0.54,1,259
UFO,UFO Moviez India Limited,,2,58.93,0.1,86.83,55.05,86.83,55.05,-32.13,61.66,69.77,False,25.74,-1.778,-1.606,-0.171,2.29,1,258
WALCHANNAG,Walchandnagar Industries Limited,,2,203.24,0.1,312.05,131.65,312.05,131.65,-34.87,208.32,215.7,False,42.91,-4.497,-5.432,0.934,0.71,1,259
BANKINDIA,Bank of India,Financial Services,1,130.11,0.09,171.59,115.01,171.59,129.99,-24.17,138.06,140.09,False,29.17,-2.323,-1.411,-0.912,1.87,1,259
TITAGARH,Titagarh Rail Systems Ltd.,Capital Goods,1,819.35,0.09,931.48,574.16,931.48,574.16,-12.04,833.09,827.73,False,44.15,-5.621,-3.2,-2.421,0.48,1,259
CPCAP,CP Capital Limited,,2,150.35,0.09,156.9,75.4,156.9,75.4,-4.17,142.19,115.23,True,65.38,8.2,7.686,0.514,0.29,1,258
MENONBE,Menon Bearings Limited,,2,291.1,0.09,321.4,101.72,321.4,101.72,-9.43,294.58,190.2,True,51.06,7.71,12.096,-4.387,2.14,1,251
NIBE,NIBE Limited,,2,1238.5,0.09,1833.56,816.43,1833.56,816.43,-32.45,1307.71,1316.34,False,37.82,-34.952,-34.602,-0.35,0.7,1,258
REGAAL,Regaal Resources Limited,,2,88.64,0.09,99.22,58.5,99.22,58.5,-10.66,87.96,83.61,True,51.55,0.55,0.058,0.492,0.26,1,258
VOEPL,Virtuoso Optoelectronics Limited,,2,497.95,0.09,579.55,435.4,579.55,435.4,-14.08,509.63,467.63,True,46.15,-4.884,-2.27,-2.614,0.66,1,65
ADANIPOWER,Adani Power Ltd.,Power,1,196.3,0.08,248.91,132.96,248.91,132.96,-21.14,204.19,192.63,True,38.02,-2.546,-1.521,-1.024,2.08,1,259
BANKBARODA,Bank of Baroda,Financial Services,1,227.68,0.08,314.28,227.5,314.28,227.5,-27.56,235.11,255.32,False,34.95,-3.167,-2.831,-0.335,1.13,1,259
JSWCEMENT,JSW Cement Ltd.,Construction Materials,1,112.58,0.08,142.29,107.62,142.29,109.78,-20.88,118.26,127.51,False,24.53,-3.306,-3.099,-0.207,0.86,1,259
KAJARIACER,Kajaria Ceramics Ltd.,Consumer Durables,1,1190.5,0.08,1254.81,879.24,1254.81,879.24,-5.13,1210.52,1146.38,True,43.78,-4.46,-1.444,-3.016,9.08,1,258
GROWW,Billionbrains Garage Ventures Ltd.,Financial Services,1,183.52,0.07,221.56,131.33,221.56,142.92,-17.17,190.33,182.95,True,36.14,-2.762,-1.792,-0.97,0.9,1,223
BORANA,Borana Weaves Limited,,2,296.4,0.07,415.4,216.15,415.4,269.6,-28.65,301.78,310.81,False,42.82,-5.978,-5.233,-0.745,0.95,2,257
FINKURVE,Finkurve Financial Services Limited,,2,69.37,0.07,123.73,51.07,105.95,51.07,-43.93,70.73,75.98,False,46.41,-0.074,0.418,-0.492,0.39,2,246
SPLIL,SPL Industries Limited,,2,29.89,0.07,44.09,21.5,37.98,21.5,-32.21,30.44,31.96,False,45.7,-0.327,-0.322,-0.005,0.19,1,256
STCINDIA,The State Trading Corporation of India Limited,,2,106.98,0.07,145.09,97.82,145.09,97.82,-26.27,111.77,118.82,False,25.38,-2.392,-2.042,-0.351,0.74,1,258
ADVENTHTL,Advent Hotels International Limited,,2,124.7,0.06,328.65,120.9,245.06,120.9,-62.06,129.44,171.51,False,37.58,-3.249,-3.277,0.028,1.04,1,222
BORORENEW,BOROSIL RENEWABLES LIMITED,,2,452.5,0.06,699.3,377.0,651.65,377.0,-35.29,478.43,531.63,False,30.2,-20.269,-20.616,0.346,0.93,1,259
ISTLTD,I S T Limited,,2,640.0,0.06,683.9,636.1,683.9,636.1,-6.42,656.23,653.71,False,44.92,,,,0.24,1,30
RATNAVEER,Ratnaveer Precision Engineering Limited,,2,331.15,0.06,334.55,131.3,334.55,131.3,-1.02,308.23,202.92,True,66.72,19.449,19.472,-0.023,0.75,1,258
NATIONSTD,National Standard (India) Limited,,2,114.54,0.05,134.0,103.07,134.0,103.07,-14.52,113.97,128.47,False,43.87,,,,0.21,1,31
NDLVENTURE,NDL Ventures Limited,,2,121.49,0.05,133.85,81.27,133.85,87.01,-9.23,122.26,116.34,True,47.86,-0.47,-0.446,-0.025,0.38,2,257
TRUALT,TruAlt Bioenergy Limited,,2,458.4,0.05,531.95,319.65,531.95,319.65,-13.83,433.69,447.96,True,63.37,1.589,-3.926,5.516,0.96,3,248
HOMEFIRST,Home First Finance Company India Ltd.,Financial Services,1,1094.4,0.04,1280.1,900.59,1280.1,900.59,-14.51,1174.16,1162.09,False,32.81,-17.054,-3.884,-13.169,0.72,1,258
AGROPHOS,Agro Phos India Limited,,2,23.96,0.04,44.49,21.72,42.6,21.72,-46.15,24.38,30.84,False,41.87,-0.662,-0.86,0.198,0.15,1,257
SASKEN,Sasken Technologies Limited,,2,1658.8,0.04,2629.13,996.29,2629.13,996.29,-36.91,1759.19,1705.2,False,35.19,-54.51,-48.073,-6.437,1.21,1,258
SHINDL,Sharat Industries Limited,,2,160.1,0.04,165.38,159.21,165.38,159.21,-3.19,161.73,159.99,True,47.42,,,,0.49,1,30
BIOFILCHEM,Biofil Chemicals & Pharmaceuticals Limited,,2,31.52,0.03,46.34,25.79,46.34,25.79,-31.98,32.53,34.22,False,42.08,-0.166,0.033,-0.199,0.16,1,258
DHOOTTRANS,Dhoot Transmission Limited,,2,1504.6,0.03,1728.7,1187.05,1728.7,1187.05,-12.96,1553.21,1283.67,True,52.05,,,,0.25,1,32
IRISDOREME,Iris Clothings Limited,,2,62.8,0.03,66.26,27.83,66.26,27.83,-5.22,62.34,44.58,True,55.42,2.105,2.321,-0.215,0.55,1,256
KUANTUM,Kuantum Papers Limited,,2,76.73,0.03,110.96,63.81,94.53,63.81,-30.85,77.8,80.85,False,48.18,0.974,1.004,-0.03,0.74,1,257
PARIN,Parin Enterprises Limited,,2,720.35,0.03,736.8,504.5,736.8,555.0,-2.23,711.57,668.06,True,53.93,1.827,-0.56,2.386,1.38,1,252
SUPRIYA,Supriya Lifescience Limited,,2,985.05,0.03,1051.25,552.69,1051.25,552.69,-6.3,923.72,805.13,True,65.28,36.49,28.459,8.03,1.43,1,258
NSLNISP,NMDC Steel Ltd.,Metals & Mining,1,41.79,0.02,52.55,33.2,52.55,33.2,-20.48,42.87,43.19,False,43.35,-0.436,-0.269,-0.167,1.19,1,259
ADOR,Ador Welding Limited,,2,1612.0,0.02,1730.3,837.42,1730.3,837.42,-6.84,1603.2,1271.48,True,53.02,11.478,15.328,-3.85,0.9,1,258
AFSL,Abans Financial Services Limited,,2,201.04,0.02,216.74,201.0,213.82,201.0,-7.24,202.32,203.41,False,45.31,-0.62,-0.527,-0.093,0.65,1,256
IMAGICAA,Imagicaaworld Entertainment Limited,,2,51.3,0.02,60.21,37.46,60.21,37.46,-14.8,52.22,49.03,True,47.26,0.08,0.445,-0.365,1.61,1,258
MBAPL,Madhya Bharat Agro Products Limited,,2,166.84,0.02,169.52,75.67,169.52,78.86,-1.58,163.71,125.28,True,56.4,1.81,1.487,0.322,1.75,1,259
SALZERELEC,Salzer Electronics Limited,,2,535.65,0.02,912.71,488.86,768.52,488.86,-41.31,546.66,622.24,False,39.6,-6.44,-6.415,-0.026,0.87,1,259
ACMESOLAR,ACME Solar Holdings Ltd.,Power,1,437.95,0.01,458.65,198.78,458.65,198.78,-4.51,426.12,337.82,True,60.25,14.339,13.794,0.545,0.38,1,259
AUROPHARMA,Aurobindo Pharma Ltd.,Healthcare,1,1697.7,0.01,1734.0,1070.8,1734.0,1121.7,-2.09,1686.76,1462.13,True,54.6,19.415,20.84,-1.425,1.57,1,258
BBTCL,B&B Triplewall Containers Limited,,2,228.15,0.01,247.06,159.06,247.06,159.06,-7.65,229.51,211.11,True,48.73,0.236,0.533,-0.298,0.86,1,256
PRIVISCL,Privi Speciality Chemicals Limited,,2,3605.5,0.01,3740.3,2352.6,3740.3,2608.78,-3.6,3515.7,3260.01,True,59.99,23.57,4.438,19.132,3.96,4,257
VENKEYS,Venky's (India) Limited,,2,1633.0,0.01,1787.2,1163.94,1787.2,1163.94,-8.63,1653.76,1511.56,True,48.43,15.202,27.928,-12.726,0.39,1,258
ONGC,Oil & Natural Gas Corporation Ltd.,Oil Gas & Consumable Fuels,1,230.0,0.0,300.12,225.14,300.12,225.14,-23.36,234.56,247.23,False,40.29,-0.895,-0.702,-0.193,1.37,0,259
VBL,Varun Beverages Ltd.,Fast Moving Consumer Goods,1,430.0,0.0,543.45,380.94,543.45,380.94,-20.88,424.17,459.52,False,54.1,0.988,-2.264,3.252,1.51,0,259
ADVIKCA,Advik Capital Limited,,2,0.97,0.0,1.23,0.95,1.23,0.95,-21.14,1.02,1.19,False,26.31,,,,0.62,0,31
AJOONI,Ajooni Biotech Limited,,2,3.14,0.0,5.29,3.14,5.15,3.14,-40.64,3.36,4.11,False,29.6,-0.157,-0.145,-0.012,0.31,0,258
AKSHAR,Akshar Spintex Limited,,2,0.41,0.0,0.73,0.37,0.54,0.37,-43.84,0.41,0.46,False,46.13,-0.002,-0.001,-0.0,2.43,0,257
ASSAMENT,Assam Entrade Limited,,2,780.0,0.0,831.0,741.0,831.0,741.0,-6.14,791.32,803.41,False,43.37,,,,0.0,0,30
BHANDARI,Bhandari Hosiery Exports Limited,,2,2.9,0.0,4.88,2.02,4.27,2.02,-40.57,2.96,3.31,False,37.03,-0.013,-0.001,-0.012,1.19,0,258
BONLON,Bonlon Industries Limited,,2,40.16,0.0,55.7,36.01,55.7,36.01,-27.9,40.14,43.0,False,49.52,-0.078,-0.253,0.175,0.41,0,151
DBEIL,Deepak Builders & Engineers India Limited,,2,6.54,0.0,17.35,5.36,12.16,5.36,-62.31,6.8,8.73,False,40.88,-0.078,-0.045,-0.033,0.37,0,259
FILATFASH,Filatex Fashions Limited,,2,0.18,0.0,0.55,0.14,0.4,0.14,-67.27,0.18,0.25,False,53.99,-0.001,-0.001,0.001,0.86,0,259
GAYAHWS,Gayatri Highways Limited,,2,1.84,0.0,4.54,1.81,3.26,1.81,-59.47,1.89,2.23,False,38.54,-0.024,-0.019,-0.005,0.69,0,258
HRYNSHP,Hariyana Ship Breakers Limited,,2,96.01,0.0,102.67,96.01,102.67,96.01,-6.49,98.76,101.21,False,40.42,,,,0.56,0,30
INNOVACAP,Innova Captab Limited,,2,1271.2,0.0,1297.6,642.85,1297.6,642.85,-2.03,1195.01,930.72,True,71.86,56.621,49.873,6.748,1.23,0,258
KANCOTEA,Kanco Tea & Industries Limited,,2,54.55,0.0,56.85,48.48,56.85,48.48,-4.05,54.44,50.15,True,55.35,,,,0.65,0,31
MFML,Mahalaxmi Fabric Mills Limited,,2,18.46,0.0,31.18,18.15,26.99,18.15,-40.8,18.74,22.48,False,46.57,-0.087,-0.085,-0.002,0.29,0,256
PRISMX,Prismx Global Ventures Limited,,2,0.53,0.0,0.59,0.51,0.59,0.51,-10.17,0.54,0.54,False,46.07,,,,0.84,0,30
SHREYANIND,Shreyans Industries Limited,,2,129.0,0.0,228.45,122.49,178.81,122.49,-43.53,129.81,152.17,False,47.42,-0.535,-0.67,0.135,0.8,0,256
SIEL,Superior Industrial Enterprises Limited,,2,30.5,0.0,42.42,29.03,42.42,29.03,-28.1,31.14,36.93,False,41.1,,,,0.02,0,30
TEAMGTY,Team India Guaranty Limited,,2,235.0,-0.0,312.0,215.32,300.3,215.32,-24.68,237.45,243.5,False,47.72,1.383,2.05,-0.667,1.32,-3,256
VAKRANGEE,Vakrangee Limited,,2,5.18,0.0,9.14,4.68,8.04,4.68,-43.33,5.41,6.5,False,30.16,-0.167,-0.163,-0.004,0.77,0,258
VIVIDHA,Visagar Polytex Limited,,2,0.52,0.0,0.82,0.43,0.71,0.43,-36.59,0.52,0.58,False,49.95,0.001,-0.001,0.001,1.5,0,257
WHBRADY,WH Brady & Company Limited,,2,491.0,0.0,534.5,464.4,534.5,464.4,-8.14,488.97,503.1,False,49.64,,,,0.02,0,31
BHARTIARTL,Bharti Airtel Ltd.,Telecommunication,1,1771.2,-0.01,2135.82,1734.97,2120.91,1734.97,-17.07,1829.43,1887.29,False,36.32,-28.131,-23.194,-4.936,1.91,-4,259
ALLDIGI,Alldigi Tech Limited,,2,775.8,-0.01,917.01,678.53,917.01,678.53,-15.4,788.98,800.14,False,38.26,-8.403,-6.607,-1.796,1.1,-2,256
POKARNA,Pokarna Limited,,2,718.05,-0.01,1131.7,704.06,1131.7,715.11,-36.55,768.97,879.38,False,24.7,-41.794,-42.299,0.504,0.4,-4,259
NESTLEIND,Nestle India Ltd.,Fast Moving Consumer Goods,1,1345.7,-0.02,1540.0,1140.83,1540.0,1161.22,-12.62,1384.79,1369.14,False,36.37,-25.324,-24.275,-1.049,1.68,-2,259
MANCREDIT,Mangal Credit and Fincorp Limited,,2,217.36,-0.02,256.48,156.94,256.48,156.94,-15.25,222.41,204.77,True,43.26,-2.23,-2.225,-0.004,1.46,-4,257
MASTERTR,Master Trust Limited,,2,83.11,-0.02,161.91,56.34,121.6,56.34,-48.67,86.0,91.43,False,43.67,0.118,0.971,-0.853,0.12,-4,258
RAIN,Rain Industries Limited,,2,215.41,-0.02,241.86,101.01,241.86,102.38,-10.94,212.99,177.76,True,52.86,2.05,1.302,0.748,0.68,-2,259
UDS,Updater Services Limited,,2,207.79,-0.02,257.56,126.84,239.03,126.84,-19.32,206.7,195.12,True,50.34,-2.396,-2.666,0.27,0.17,-2,257
VIKRAMSOLR,Vikram Solar Limited,,2,160.05,-0.02,348.35,156.8,246.3,156.8,-54.05,164.4,206.24,False,37.43,-3.065,-2.88,-0.184,2.71,-4,259
AMJLAND,Amj Land Holdings Limited,,2,38.04,-0.03,56.45,31.46,52.51,31.46,-32.61,37.94,41.25,False,50.03,-0.229,-0.265,0.037,1.91,-1,257
ARSSBL,Anand Rathi Share and Stock Brokers Limited,,2,500.45,-0.03,767.12,414.41,660.22,414.41,-34.76,501.98,524.11,False,47.67,-3.439,-4.251,0.812,0.85,-1,251
BANG,Bang Overseas Limited,,2,31.68,-0.03,59.28,27.23,49.33,27.23,-46.56,32.68,36.86,False,44.7,-0.116,0.252,-0.369,0.25,-2,258
DEVX,Dev Accelerator Limited,,2,36.12,-0.03,53.45,30.82,45.25,30.82,-32.42,34.66,38.72,False,59.86,0.506,0.185,0.321,0.2,-1,258
HPIL,Hindprakash Industries Limited,,2,115.37,-0.03,144.25,109.83,144.25,109.83,-20.02,119.22,127.12,False,35.26,-2.475,-2.094,-0.381,0.61,-1,257
IPRINGLTD,IP Rings Limited,,2,136.13,-0.03,176.7,135.95,176.7,135.95,-22.96,142.87,142.77,False,42.5,-2.762,-1.684,-1.078,0.24,-3,35
LGBBROSLTD,LG Balakrishnan & Bros Limited,,2,1730.1,-0.03,1980.25,1327.33,1980.25,1438.09,-12.63,1712.23,1623.79,True,63.15,25.767,30.337,-4.57,1.08,-3,259
RAJPALAYAM,Rajapalayam Mills Limited,,2,757.8,-0.03,848.33,314.26,848.33,314.26,-10.67,776.37,651.38,True,42.54,-12.07,-12.047,-0.023,1.2,-4,118
SIGACHI,Sigachi Industries Limited,,2,28.76,-0.03,39.99,16.87,37.81,16.87,-28.08,31.05,27.94,True,41.17,-0.362,0.365,-0.727,0.74,-4,258
ITC,ITC Ltd.,Fast Moving Consumer Goods,1,265.1,-0.04,401.99,255.5,388.41,255.5,-34.05,265.94,299.71,False,47.27,-1.006,-1.997,0.992,1.34,-2,259
MINDACORP,Minda Corporation Ltd.,Automobile and Auto Components,1,672.75,-0.04,745.25,480.31,745.25,480.31,-9.73,688.97,630.99,True,39.91,-8.216,-6.509,-1.707,3.16,-4,258
TATACOMM,Tata Communications Ltd.,Telecommunication,1,1654.7,-0.04,2061.7,1335.75,2061.7,1335.75,-19.74,1713.86,1729.23,False,36.52,-18.977,-7.633,-11.344,0.93,-4,259
HEALTHX,Health X Platform Limited,,2,285.05,-0.04,337.6,256.95,337.6,256.95,-15.57,295.0,300.94,False,37.9,-3.854,-2.454,-1.4,3.3,-4,256
KNACK,Knack Packaging Limited,,2,176.58,-0.04,215.32,176.58,215.32,176.58,-17.99,184.08,187.29,False,35.83,-3.837,-3.675,-0.163,0.81,-5,60
SPENCERS,Spencer's Retail Limited,,2,27.4,-0.04,59.09,24.58,42.2,24.58,-53.63,28.63,35.75,False,34.48,-0.704,-0.758,0.054,0.61,-4,259
INDIGO,InterGlobe Aviation Ltd.,Services,1,4872.0,-0.05,5934.0,3943.5,5450.0,3943.5,-17.9,4960.36,5015.86,False,41.92,-58.934,-64.885,5.951,0.68,-2,258
BIL,Bhartiya International Limited,,2,1000.7,-0.05,1108.2,613.15,1108.2,613.15,-9.7,989.36,820.43,True,57.3,39.51,49.779,-10.269,0.31,-2,257
IMPAL,India Motor Parts and Accessories Limited,,2,1042.6,-0.05,1181.76,932.23,1181.76,932.23,-11.78,1076.94,1058.15,False,39.57,-13.196,-7.532,-5.663,0.58,-2,257
LMW,LMW Limited,,2,16957.0,-0.05,20047.0,11970.71,20047.0,11970.71,-15.41,17627.71,16170.43,True,37.87,-320.933,-185.015,-135.918,0.58,-3,256
PNGJL,P N Gadgil Jewellers Limited,,2,585.05,-0.05,727.9,509.95,727.9,509.95,-19.62,601.79,601.87,False,40.43,-4.985,-3.116,-1.869,0.81,-2,259
JAGRAN,Jagran Prakashan Limited,,2,62.01,-0.06,68.2,52.2,68.2,52.2,-9.08,62.22,61.44,True,47.81,0.085,0.036,0.049,0.9,-4,258
RAYMONDREL,Raymond Realty Limited,,2,672.55,-0.06,722.75,356.22,722.75,356.22,-6.95,620.55,575.23,True,63.45,24.776,10.453,14.322,0.4,-2,259
ELECON,Elecon Engineering Co. Ltd.,Capital Goods,1,480.4,-0.07,617.32,353.74,561.05,353.74,-22.18,440.82,473.89,True,68.31,9.056,1.006,8.05,0.51,-1,259
HINDALCO,Hindalco Industries Ltd.,Metals & Mining,1,955.2,-0.07,1143.73,749.89,1143.73,832.81,-16.48,987.01,962.95,False,38.47,-12.932,-10.058,-2.874,1.54,-4,259
20MICRONS,20 Microns Limited,,2,212.8,-0.07,224.8,132.33,224.8,132.33,-5.34,212.51,197.03,True,51.37,1.964,2.255,-0.291,0.39,-2,258
BROOKS,Brooks Laboratories Limited,,2,56.51,-0.07,135.5,37.11,98.04,37.11,-58.3,60.94,73.47,False,35.27,-1.644,-0.963,-0.681,0.7,-4,258
NDTV,New Delhi Television Limited,,2,69.06,-0.07,117.09,59.28,101.33,59.28,-41.02,71.4,82.0,False,35.03,-1.297,-1.208,-0.089,0.91,-2,259
UNIENTER,Uniphos Enterprises Limited,,2,89.01,-0.07,151.45,86.92,145.08,86.92,-41.23,91.42,106.68,False,35.06,-1.479,-1.46,-0.019,1.74,-6,258
VGUARD,V-Guard Industries Limited,,2,307.05,-0.07,380.74,289.42,350.28,289.42,-19.35,320.0,323.87,False,34.25,-5.015,-2.151,-2.863,0.71,-1,258
5PAISA,5Paisa Capital Limited,,2,304.9,-0.08,405.6,249.1,405.6,249.1,-24.83,324.24,341.28,False,29.37,-13.882,-13.278,-0.605,0.37,-2,258
CORDELIA,Waterways Leisure Tourism Limited,,2,102.56,-0.08,115.15,66.81,115.15,66.81,-10.93,106.46,80.37,True,46.92,2.489,4.352,-1.864,0.66,-4,65
GRINDWELL,Grindwell Norton Limited,,2,1916.7,-0.08,2382.3,1340.38,2382.3,1340.38,-19.54,1944.16,1848.61,True,44.26,-20.187,-29.577,9.39,0.89,-3,258
HINDWAREAP,Hindware Home Innovation Limited,,2,170.2,-0.08,380.85,170.2,276.75,170.2,-55.31,178.19,229.79,False,34.77,-6.853,-7.508,0.654,0.93,-2,258
NRBBEARING,NRB Bearing Limited,,2,541.05,-0.08,541.5,214.73,541.5,214.73,-0.08,508.96,383.91,True,64.2,19.656,16.464,3.192,0.35,-1,258
WINDMACHIN,Windsor Machines Limited,,2,300.0,-0.08,328.45,205.55,328.45,205.55,-8.66,300.83,291.47,True,48.55,-1.257,-1.162,-0.095,1.81,-1,258
DWARKESH,Dwarikesh Sugar Industries Limited,,2,43.33,-0.09,55.38,32.44,55.38,32.44,-21.76,43.94,43.22,True,46.66,-1.105,-1.085,-0.02,0.47,-2,258
MANORAMA,Manorama Industries Limited,,2,1863.5,-0.09,2132.08,1075.39,2132.08,1075.39,-12.6,1917.94,1598.51,True,44.74,5.929,31.592,-25.663,0.74,-4,259
NECLIFE,Nectar Lifesciences Limited,,2,10.71,-0.09,22.25,9.3,22.25,9.3,-51.87,11.17,12.44,False,38.69,-0.194,-0.09,-0.103,0.67,-4,259
CEMPRO,Cemindia Projects Ltd.,Construction,1,1223.3,-0.1,1639.6,508.4,1639.6,508.4,-25.39,1263.12,1070.76,True,42.11,-11.286,-10.641,-0.646,0.54,-5,259
TVSMOTOR,TVS Motor Company Ltd.,Automobile and Auto Components,1,4091.1,-0.1,4466.2,3283.4,4466.2,3283.4,-8.4,4145.12,3816.67,True,43.82,-26.023,-22.595,-3.428,1.15,-2,259
AUSOMENT,Ausom Enterprise Limited,,2,143.75,-0.1,163.87,93.69,163.87,93.69,-12.28,147.6,127.36,True,41.74,-0.354,1.096,-1.451,0.56,-1,258
GREENPANEL,Greenpanel Industries Limited,,2,159.05,-0.1,309.4,151.24,239.2,151.24,-48.59,161.97,200.73,False,43.95,-1.589,-2.704,1.116,0.37,-5,259
GSS,GSS Infotech Limited,,2,10.25,-0.1,26.25,8.72,18.03,8.72,-60.95,10.78,14.48,False,36.2,-0.46,-0.527,0.066,0.43,-2,258
MAFATIND,Mafatlal Industries Limited,,2,115.29,-0.1,148.62,115.29,148.62,115.29,-22.43,120.27,131.28,False,32.44,-2.06,-1.66,-0.4,0.56,-4,113
PLATIND,Platinum Industries Limited,,2,205.7,-0.1,300.2,185.26,267.25,185.26,-31.48,216.12,233.69,False,35.44,-4.127,-2.675,-1.451,0.81,-4,259
REPL,Rudrabhishek Enterprises Limited,,2,61.14,-0.1,150.6,57.47,128.43,57.47,-59.4,60.65,80.66,False,50.05,-0.808,-1.178,0.37,0.16,-2,256
TIIL,Technocraft Industries (India) Limited,,2,2926.4,-0.1,3454.9,1891.45,3454.9,1891.45,-15.3,3062.21,2644.12,True,37.49,-29.396,6.996,-36.392,0.74,-3,257
HARSHA,Harsha Engineers International Limited,,2,465.05,-0.11,467.9,313.12,467.9,313.12,-0.61,452.04,411.81,True,60.33,7.66,6.552,1.108,0.52,-1,258
IMFA,Indian Metals & Ferro Alloys Limited,,2,1206.5,-0.11,1644.93,1068.3,1644.93,1085.08,-26.65,1264.22,1326.54,False,33.52,-35.746,-35.169,-0.577,1.03,-4,259
JYOTIRES,Jyoti Resins & Adhesives Limited,,2,840.95,-0.11,894.34,833.0,894.34,833.0,-5.97,848.05,851.67,False,46.41,,,,0.97,-2,30
LAXMIDENTL,Laxmi Dental Limited,,2,192.49,-0.11,341.55,158.25,274.75,158.25,-43.64,197.23,224.62,False,40.1,-2.287,-2.254,-0.033,0.57,-2,259
PROZONER,Prozone Realty Limited,,2,56.2,-0.11,72.77,41.04,64.65,41.04,-22.77,51.85,49.28,True,74.16,2.78,2.485,0.295,1.86,-2,257
ASIANTILES,Asian Granito India Limited,,2,50.1,-0.12,77.88,43.42,77.88,43.42,-35.67,50.2,57.53,False,49.17,0.097,0.05,0.046,0.88,-2,259
DIAMINESQ,Diamines & Chemicals Limited,,2,239.88,-0.12,359.7,212.37,283.8,212.37,-33.31,248.58,261.25,False,39.03,-0.484,1.164,-1.647,0.31,-2,257
NORTHARC,Northern Arc Capital Limited,,2,290.75,-0.12,325.3,206.85,325.3,206.85,-10.62,302.17,282.5,True,42.06,0.86,3.21,-2.35,1.13,-6,259
SWARAJENG,Swaraj Engines Limited,,2,3548.2,-0.12,4244.19,3220.2,3993.5,3220.2,-16.4,3565.78,3692.03,False,45.47,-11.529,-11.086,-0.443,0.76,-1,257
POWERGRID,Power Grid Corporation of India Ltd.,Power,1,261.5,-0.13,319.41,250.06,319.41,250.06,-18.13,266.42,280.14,False,41.93,-1.419,-1.358,-0.061,2.65,-2,259
DCM,DCM  Limited,,2,75.0,-0.13,100.06,55.37,100.06,55.37,-25.04,76.64,85.18,False,36.48,-1.674,-1.926,0.252,0.1,-1,256
PALREDTEC,Palred Technologies Limited,,2,45.99,-0.13,67.94,27.49,60.2,27.49,-32.31,48.9,47.01,False,39.06,-1.743,-1.288,-0.455,0.79,-2,257
ATUL,Atul Ltd.,Chemicals,1,5982.5,-0.14,7073.12,5636.71,7073.12,5636.71,-15.42,6192.08,6418.66,False,33.28,-120.658,-110.416,-10.243,1.17,-3,259
TEJASNET,Tejas Networks Ltd.,Telecommunication,1,490.4,-0.14,632.35,296.15,632.35,296.15,-22.45,522.99,514.1,False,35.59,-11.352,-5.276,-6.076,0.37,-4,259
GENUSPOWER,Genus Power Infrastructures Limited,,2,293.65,-0.14,353.87,214.55,349.12,214.55,-17.02,311.63,309.27,False,32.44,-6.826,-4.233,-2.593,1.21,-6,259
MBEL,M & B Engineering Limited,,2,251.5,-0.14,512.31,225.6,389.87,225.6,-50.91,259.81,309.68,False,36.53,-5.33,-5.98,0.65,0.69,-3,259
MWL,Mangalam Worldwide Limited,,2,43.4,-0.14,44.63,21.41,44.63,24.9,-2.76,41.64,34.65,True,61.54,1.108,0.801,0.307,0.19,-1,259
RADIANTCMS,Radiant Cash Management Services Limited,,2,35.65,-0.14,53.29,30.73,49.9,30.73,-33.1,36.06,39.1,False,47.13,-0.16,0.018,-0.178,0.38,-1,259
ULTRAMAR,Ultramarine & Pigments Limited,,2,418.5,-0.14,442.85,360.25,442.85,360.25,-5.5,423.59,402.57,True,48.55,2.846,4.832,-1.986,0.35,-4,114
WSI,W S Industries (I) Limited,,2,55.62,-0.14,92.65,55.62,92.65,55.62,-39.97,58.11,67.26,False,38.51,-1.224,-0.94,-0.284,0.2,-5,256
AIAENG,AIA Engineering Ltd.,Capital Goods,1,3835.7,-0.15,5062.37,3041.87,5062.37,3303.48,-24.23,4027.7,4095.69,False,31.3,-128.313,-125.877,-2.436,0.58,-4,256
AGL,Allcargo Global Limited,,2,13.19,-0.15,20.9,12.19,20.9,12.19,-36.89,13.95,17.73,False,38.45,-0.209,-0.08,-0.129,0.21,-2,63
CSM,CSM Technologies Limited,,2,98.16,-0.15,109.34,83.05,109.34,83.05,-10.22,98.82,103.07,False,49.25,1.137,0.681,0.457,0.08,-2,64
ESABINDIA,Esab India Limited,,2,5510.0,-0.15,7119.61,4697.85,7119.61,4934.09,-22.61,5717.88,5745.08,False,30.98,-124.433,-93.824,-30.609,0.59,-5,257
GOKUL,Gokul Refoils and Solvent Limited,,2,39.41,-0.15,44.98,31.72,44.98,31.72,-12.38,40.54,40.62,False,40.59,-0.473,-0.249,-0.224,0.9,-4,256
NIPPOBATRY,Indo-National Limited,,2,322.7,-0.15,457.82,256.21,439.78,256.21,-29.51,321.61,351.53,False,50.73,-0.205,-0.977,0.771,0.32,-1,257
GCSL,Gretex Corporate Services Limited,,2,666.25,-0.16,667.35,220.2,667.35,281.27,-0.16,614.38,444.25,True,75.1,31.524,28.252,3.271,0.54,-1,256
GNA,GNA Axles Limited,,2,593.75,-0.16,620.45,296.03,620.45,296.03,-4.3,569.63,452.89,True,60.93,16.306,11.134,5.172,0.57,-3,259
GOCOLORS,Go Fashion (India) Limited,,2,304.3,-0.16,703.15,238.4,474.0,238.4,-56.72,315.81,378.29,False,38.8,-5.906,-5.698,-0.209,1.06,-3,258
PDSL,PDS Limited,,2,348.95,-0.16,405.51,252.68,382.25,252.68,-13.95,353.86,338.45,True,45.02,-1.525,-2.161,0.635,4.37,-5,257
SURAJLTD,Suraj Limited,,2,193.14,-0.16,342.86,193.14,268.8,193.14,-43.67,200.3,233.07,False,38.47,-3.854,-3.876,0.021,0.86,-3,257
EPACK,EPACK Durable Limited,,2,177.93,-0.17,357.35,177.7,302.7,177.7,-50.21,184.84,241.27,False,30.85,-6.572,-7.572,1.001,0.82,-2,259
POLYPLEX,Polyplex Corporation Limited,,2,1061.3,-0.17,1228.56,747.17,1228.56,747.17,-13.61,1109.64,1013.16,True,36.65,-20.136,-13.916,-6.22,1.21,-4,259
TERAI,Terai Tea Company Limited,,2,115.8,-0.17,133.98,111.36,133.98,111.36,-13.57,120.06,123.63,False,43.89,,,,0.0,-2,30
TRIGYN,Trigyn Technologies Limited,,2,53.03,-0.17,89.61,38.65,69.73,38.65,-40.82,55.57,58.44,False,42.14,-0.669,-0.345,-0.324,0.58,-2,258
SOBHA,Sobha Ltd.,Realty,1,1216.5,-0.18,1694.26,1152.08,1570.46,1152.08,-28.2,1233.29,1376.36,False,40.78,-19.303,-24.683,5.38,1.32,-4,258
MINDTECK,Mindteck (India) Limited,,2,153.34,-0.18,294.67,145.75,240.4,145.75,-47.96,160.34,193.75,False,31.26,-5.643,-6.093,0.449,0.75,-2,258
FIRSTCRY,Brainbees Solutions Ltd.,Consumer Services,1,184.37,-0.19,377.9,168.83,299.5,168.83,-51.21,179.49,234.35,False,54.14,-2.768,-5.563,2.795,0.88,-1,259
NAVA,Nava Ltd.,Power,1,545.95,-0.19,723.64,501.32,723.64,525.84,-24.56,553.82,589.1,False,43.16,-3.927,-4.003,0.077,1.15,-3,259
SARDAEN,Sarda Energy and Minerals Ltd.,Metals & Mining,1,500.35,-0.19,610.36,460.63,610.36,460.63,-18.02,505.74,521.6,False,46.28,-2.746,-1.193,-1.553,0.42,-1,258
DREAMFOLKS,Dreamfolks Services Limited,,2,61.91,-0.19,150.38,57.19,113.91,57.19,-58.83,64.73,79.66,False,33.98,-1.3,-0.996,-0.304,0.62,-3,258
KOVAI,Kovai Medical Center & Hospital Limited,,2,6013.5,-0.19,6292.0,2570.22,6292.0,2570.22,-4.43,6090.81,4841.27,True,45.82,16.268,37.276,-21.008,0.75,-4,119
SUDARSCHEM,Sudarshan Chemical Industries Limited,,2,1197.3,-0.19,1393.38,744.28,1270.8,744.28,-14.07,1217.77,1063.42,True,47.72,10.724,21.088,-10.363,0.77,-2,258
CAPITALSFB,Capital Small Finance Bank Limited,,2,279.65,-0.2,305.25,215.23,305.25,215.23,-8.39,280.61,276.43,True,47.4,-1.13,-1.984,0.854,1.57,-2,256
GMMPFAUDLR,GMM Pfaudler Limited,,2,1477.1,-0.2,1507.2,737.31,1507.2,737.31,-2.0,1351.94,1009.06,True,73.7,116.011,114.781,1.23,0.83,-2,258
HITECH,Hi-Tech Pipes Limited,,2,73.19,-0.2,121.88,70.93,95.48,70.93,-39.95,75.53,87.37,False,38.68,-1.621,-1.678,0.057,0.71,-4,259
SHAREINDIA,Share India Securities Limited,,2,205.68,-0.2,228.15,116.7,228.15,116.7,-9.85,201.79,161.85,True,57.96,9.927,10.496,-0.57,0.15,-7,259
ASIANPAINT,Asian Paints Ltd.,Consumer Durables,1,2415.0,-0.21,2942.97,2103.05,2871.49,2103.05,-17.94,2473.69,2561.71,False,36.25,-50.967,-54.209,3.243,1.8,-2,259
IRCTC,Indian Railway Catering And Tourism Corporation Ltd.,Consumer Services,1,452.55,-0.21,720.65,452.47,700.83,452.47,-37.2,466.28,543.1,False,33.78,-7.772,-7.657,-0.116,1.01,-7,259
GOODYEAR,Goodyear India Limited,,2,702.55,-0.21,1234.96,697.04,1234.96,697.04,-43.11,719.05,899.52,False,28.87,-14.138,-14.938,0.8,0.77,-2,120
HERITGFOOD,Heritage Foods Limited,,2,401.2,-0.21,495.9,291.75,469.26,291.75,-19.1,400.49,377.97,True,53.17,10.581,12.74,-2.159,0.22,-4,259
NIITMTS,NIIT Learning Systems Limited,,2,204.96,-0.21,430.99,204.6,430.99,204.6,-52.44,219.6,267.45,False,31.12,-5.58,-3.942,-1.637,0.3,-4,258
PRAXIS,Praxis Home Retail Limited,,2,4.83,-0.21,13.76,4.09,10.41,4.09,-64.9,4.65,7.29,False,50.67,-0.231,-0.367,0.136,0.73,-1,258
SURYODAY,Suryoday Small Finance Bank Limited,,2,144.68,-0.21,194.31,115.5,194.31,115.5,-25.54,148.83,152.81,False,40.15,-3.065,-3.379,0.313,0.75,-2,258
AURUS,AURUS GEM CORPORATION LIMITED,,2,4.57,-0.22,6.76,4.22,6.04,4.22,-32.4,4.72,5.07,False,42.07,-0.024,0.009,-0.033,1.35,-2,258
THYROCARE,Thyrocare Technologies Limited,,2,547.1,-0.22,649.35,345.06,649.35,345.06,-15.75,564.79,502.21,True,40.58,-6.044,-5.582,-0.462,0.47,-2,259
JENBURPH,Jenburkt Pharmaceuticals Limited,,2,924.0,-0.23,1051.2,924.0,1051.2,924.0,-12.1,978.69,1019.89,False,25.86,,,,1.68,-3,31
MARKOLINES,Markolines Pavement Technologies Limited,,2,167.82,-0.23,188.47,133.68,188.47,133.68,-10.96,170.34,168.02,False,44.11,-1.337,-1.139,-0.199,0.35,-2,239
TASTYBITE,Tasty Bite Eatables Limited,,2,9611.0,-0.23,10392.0,6446.56,10392.0,6446.56,-7.52,9880.09,8741.53,True,42.93,-3.475,61.196,-64.671,0.44,-4,258
TOUCHWOOD,Touchwood Entertainment Limited,,2,59.99,-0.23,107.31,58.13,105.98,58.13,-44.1,61.24,74.56,False,39.79,-0.636,-0.688,0.051,1.52,-4,258
AARTIDRUGS,Aarti Drugs Limited,,2,428.6,-0.24,521.8,319.75,439.35,319.75,-17.86,427.96,410.68,True,51.81,3.196,3.725,-0.53,2.83,-1,259
JSWHL,JSW Holdings Limited,,2,11000.0,-0.24,22165.0,10655.0,22165.0,10655.0,-50.37,11249.78,13479.41,False,41.3,-130.837,-110.983,-19.854,0.27,-4,258
MAANALU,Maan Aluminium Limited,,2,100.62,-0.24,170.98,100.18,170.98,100.18,-41.15,107.21,125.49,False,27.04,-4.614,-4.152,-0.462,0.39,-1,258
ABLBL,Aditya Birla Lifestyle Brands Ltd.,Consumer Services,1,76.98,-0.25,147.12,76.98,127.96,76.98,-47.68,81.61,100.97,False,20.31,-2.611,-2.3,-0.311,14.69,-2,259
BEEKAY,Beekay Steel Industries Limited,,2,433.3,-0.25,443.02,395.93,443.02,395.93,-2.19,426.88,423.58,True,54.81,,,,0.9,-1,31
FIEMIND,Fiem Industries Limited,,2,1921.1,-0.25,2645.9,1874.6,2645.9,1878.43,-27.39,1984.56,2155.1,False,37.48,-67.475,-76.019,8.544,0.64,-2,259
JAIBALAJI,Jai Balaji Industries Limited,,2,63.35,-0.25,100.35,54.14,86.18,54.14,-36.87,65.42,71.02,False,42.41,-0.816,-0.574,-0.242,0.53,-4,259
MCLEODRUSS,Mcleod Russel India Limited,,2,43.56,-0.25,78.41,28.97,78.41,28.97,-44.45,44.97,50.12,False,43.03,-1.153,-1.345,0.192,0.65,-1,257
NAVNETEDUL,Navneet Education Limited,,2,121.42,-0.25,161.58,120.93,160.57,120.93,-24.85,126.38,139.51,False,27.66,-3.126,-2.845,-0.281,0.83,-4,258
PGHH,Procter & Gamble Hygiene and Health Care Limited,,2,6871.5,-0.25,14040.13,6871.5,12734.73,6871.5,-51.06,7413.59,9561.23,False,12.75,-295.155,-254.368,-40.787,1.28,-8,258
VASWANI,Vaswani Industries Limited,,2,44.51,-0.25,67.87,44.51,63.0,44.51,-34.42,46.03,53.25,False,37.38,-1.092,-1.167,0.075,1.03,-2,256
AMRUTANJAN,Amrutanjan Health Care Limited,,2,505.25,-0.26,734.94,485.38,691.75,485.38,-31.25,502.01,560.46,False,52.22,-0.456,-2.634,2.178,0.44,-1,259
CEIGALL,Ceigall India Limited,,2,377.55,-0.26,395.43,226.09,395.43,227.61,-4.52,372.48,327.78,True,57.56,9.901,11.199,-1.298,0.8,-2,258
PREMEXPLN,Premier Explosives Limited,,2,675.3,-0.26,807.9,381.22,807.9,381.22,-16.41,671.64,622.6,True,55.2,2.888,1.878,1.01,0.72,-3,259
RAMCOIND,Ramco Industries Limited,,2,310.1,-0.26,375.89,232.99,375.89,232.99,-17.5,323.03,320.24,False,36.67,-5.09,-4.493,-0.597,1.0,-4,259
TFL,Transwarranty Finance Limited,,2,11.64,-0.26,17.29,10.41,17.29,10.41,-32.68,11.83,12.58,False,46.49,-0.007,0.056,-0.062,0.4,-2,256
DCXINDIA,DCX Systems Limited,,2,158.81,-0.27,248.19,154.23,222.85,154.23,-36.01,165.29,190.27,False,33.52,-4.003,-3.845,-0.158,0.79,-4,259
RUPA,Rupa & Company Limited,,2,132.39,-0.27,203.27,108.32,171.78,108.32,-34.87,138.05,153.74,False,33.21,-3.408,-3.635,0.227,0.99,-2,258
CRAFTSMAN,Craftsman Automation Ltd.,Automobile and Auto Components,1,10505.0,-0.28,11851.0,6416.17,11851.0,6538.52,-11.36,10904.21,9049.88,True,41.86,-34.078,95.244,-129.322,0.55,-2,257
DEVYANI,Devyani International Ltd.,Consumer Services,1,130.72,-0.28,171.74,94.59,149.9,94.59,-23.88,137.31,130.53,True,38.11,-0.407,0.924,-1.331,1.29,-5,259
MRF,MRF Ltd.,Automobile and Auto Components,1,123080.0,-0.28,162005.81,122381.4,153628.81,122381.4,-24.03,126387.87,134389.28,False,26.35,-2132.678,-1915.131,-217.547,0.87,-2,258
TMPV,Tata Motors Passenger Vehicles Ltd.,Automobile and Auto Components,1,280.95,-0.28,712.44,280.95,397.65,280.95,-60.57,300.73,370.25,False,26.04,-8.852,-7.47,-1.382,1.91,-4,259
ASAL,Automotive Stampings and Assemblies Limited,,2,428.0,-0.28,601.7,377.4,556.6,377.4,-28.87,453.97,487.44,False,23.23,-14.495,-13.115,-1.381,0.48,-4,259
BSL,BSL Limited,,2,118.16,-0.28,203.29,102.79,164.67,102.79,-41.88,121.36,132.39,False,40.17,-0.842,-0.634,-0.208,0.32,-6,256
BANSWRAS,Banswara Syntex Limited,,2,107.31,-0.29,136.73,95.35,136.73,95.35,-21.52,111.91,119.36,False,34.39,-2.743,-2.599,-0.143,0.34,-5,257
DCI,Dc Infotech And Communication Limited,,2,325.7,-0.29,413.7,213.95,413.7,213.95,-21.27,305.53,295.51,True,55.76,-8.545,-14.396,5.851,0.22,-1,257
DYCL,Dynamic Cables Limited,,2,433.9,-0.29,544.3,240.57,544.3,240.57,-20.28,455.43,387.85,True,43.36,-1.168,2.743,-3.911,0.78,-4,259
ICRA,ICRA Limited,,2,4297.9,-0.29,6397.26,4297.9,6198.42,4297.9,-32.82,4601.12,5260.19,False,22.33,-154.325,-123.567,-30.758,0.59,-5,257
LIBERTSHOE,Liberty Shoes Limited,,2,225.54,-0.29,344.15,213.11,287.65,213.11,-34.46,230.1,261.35,False,43.4,-3.821,-5.286,1.465,0.6,-3,258
MAHEPC,Mahindra EPC Irrigation Limited,,2,96.78,-0.29,153.24,92.71,135.77,92.71,-36.84,100.86,116.56,False,31.05,-2.179,-1.929,-0.25,0.77,-2,259
ROSSELLIND,Rossell India Limited,,2,51.03,-0.29,64.24,40.88,61.98,40.88,-20.56,53.83,55.28,False,32.31,-1.584,-1.2,-0.384,0.48,-4,257
NEULANDLAB,Neuland Laboratories Ltd.,Healthcare,1,21375.0,-0.3,23995.0,11533.68,23995.0,11533.68,-10.92,22424.35,18415.29,True,36.3,-174.605,89.077,-263.683,1.89,-7,259
NEWGEN,Newgen Software Technologies Ltd.,Information Technology,1,473.0,-0.3,985.52,397.85,852.75,397.85,-52.01,499.26,566.88,False,33.12,-11.738,-9.505,-2.232,3.43,-4,259
EMAMIREAL,Emami Realty Limited,,2,66.94,-0.3,110.91,52.76,109.83,52.76,-39.64,68.59,79.87,False,42.33,-1.171,-1.422,0.251,0.18,-4,257
FINPIPE,Finolex Industries Limited,,2,151.15,-0.3,208.42,147.32,188.57,147.32,-27.48,153.87,169.12,False,39.27,-1.412,-1.507,0.095,1.12,-2,257
GNRL,Gujarat Natural Resources Limited,,2,98.16,-0.3,113.96,94.84,113.96,94.84,-13.86,100.36,103.43,False,41.41,,,,0.15,-2,31
HPL,HPL Electric & Power Limited,,2,270.15,-0.3,466.96,256.18,411.76,256.18,-42.15,286.19,346.86,False,27.78,-10.617,-10.296,-0.321,0.98,-2,259
LEMERITE,Le Merite Exports Limited,,2,19.95,-0.3,103.25,18.35,102.61,18.35,-80.68,20.3,49.1,False,44.56,-0.571,-0.745,0.175,2.54,-2,259
MUFTI,Credo Brands Marketing Limited,,2,69.28,-0.3,112.49,62.42,104.42,62.42,-38.41,72.88,83.91,False,30.11,-1.486,-1.33,-0.156,0.55,-5,258
NAVKARCORP,Navkar Corporation Limited,,2,86.6,-0.3,128.37,74.63,116.25,74.63,-32.54,90.67,100.84,False,30.17,-2.878,-2.747,-0.131,0.72,-2,259
SCODATUBES,Scoda Tubes Limited,,2,130.14,-0.3,177.4,116.68,163.73,116.68,-26.64,131.14,142.33,False,47.79,-0.378,-1.11,0.732,0.67,-2,259
SHREDIGCEM,Shree Digvijay Cement Co.Ltd,,2,66.41,-0.3,90.94,54.72,90.23,54.72,-26.97,68.58,73.83,False,40.25,-1.276,-1.165,-0.111,0.33,-2,259
SONAL,Sonal Mercantile Limited,,2,91.72,-0.3,92.0,83.12,92.0,83.12,-0.3,87.82,90.05,True,57.66,,,,3.63,-1,30
YATRA,Yatra Online Limited,,2,101.37,-0.3,191.34,90.38,179.75,90.38,-47.02,107.43,119.36,False,37.56,-2.414,-1.564,-0.85,0.73,-5,259
BCLIND,Bcl Industries Limited,,2,32.42,-0.31,41.36,25.41,37.93,25.41,-21.62,33.92,34.53,False,34.73,-0.759,-0.681,-0.078,0.65,-2,258
DEEDEV,DEE Development Engineers Limited,,2,653.5,-0.31,737.53,184.48,737.53,184.48,-11.39,659.31,516.56,True,49.16,5.994,5.699,0.294,0.55,-4,258
KELLTONTEC,Kellton Tech Solutions Limited,,2,13.05,-0.31,23.99,13.05,19.96,13.05,-45.6,13.59,16.28,False,33.9,-0.189,-0.144,-0.045,0.94,-4,259
KRYSTAL,Krystal Integrated Services Limited,,2,619.75,-0.31,679.71,503.89,679.71,503.89,-8.82,635.98,607.45,True,44.78,-0.404,3.051,-3.456,0.12,-4,257
CIPLA,Cipla Ltd.,Healthcare,1,1379.3,-0.32,1648.14,1181.32,1516.57,1181.32,-16.31,1389.28,1407.35,False,44.35,-7.865,-11.157,3.292,1.59,-2,259
EMMVEE,Emmvee Photovoltaic Power Ltd.,Capital Goods,1,314.55,-0.32,364.23,172.4,364.23,172.4,-13.64,326.18,286.49,True,41.81,-1.525,0.675,-2.2,0.69,-2,219
CCAVENUE,AvenuesAI Limited,,2,15.36,-0.32,20.12,13.15,19.28,13.15,-23.66,15.76,15.84,False,43.86,-0.011,0.02,-0.031,0.75,-5,259
CSLFINANCE,CSL Finance Limited,,2,211.4,-0.32,308.35,202.25,308.35,202.25,-31.44,218.24,231.54,False,40.95,-1.872,-0.207,-1.665,0.51,-2,257
JTEKTINDIA,Jtekt India Limited,,2,115.84,-0.32,165.53,115.37,158.86,115.37,-30.02,119.73,135.55,False,34.21,-2.968,-3.233,0.265,0.46,-4,259
SVPGLOB,SVP GLOBAL TEXTILES LIMITED,,2,3.15,-0.32,6.89,2.24,4.56,2.24,-54.28,3.41,3.64,False,28.15,-0.134,-0.115,-0.019,1.5,-4,256
SHBAJRG,Shri Bajrang Alliance Limited,,2,169.16,-0.33,177.13,151.35,177.13,151.35,-4.5,161.74,173.23,False,55.1,,,,3.71,-1,30
SHRIRAMPPS,Shriram Properties Limited,,2,69.86,-0.33,96.89,61.13,96.89,61.13,-27.9,72.66,82.23,False,35.0,-2.112,-2.259,0.147,0.68,-2,259
TGBHOTELS,TGB Banquets And Hotels Limited,,2,9.13,-0.33,12.37,7.56,10.07,7.56,-26.19,9.46,9.63,False,42.12,-0.028,0.029,-0.057,0.79,-2,257
UTLSOLAR,Fujiyama Power Systems Limited,,2,407.7,-0.33,483.95,174.83,483.95,174.83,-15.76,426.49,325.1,True,42.94,-2.232,1.165,-3.397,1.15,-4,217
ANNAPURNA,Annapurna Swadisht Limited,,2,127.22,-0.34,278.15,123.4,225.15,123.4,-54.26,135.01,163.89,False,34.63,-4.028,-3.237,-0.791,0.43,-2,257
MEDIASSIST,Medi Assist Healthcare Services Limited,,2,306.7,-0.34,567.61,294.91,466.34,294.91,-45.97,324.23,376.67,False,35.92,-6.825,-6.109,-0.716,0.95,-4,258
METROBRAND,Metro Brands Limited,,2,872.15,-0.34,1282.4,872.15,1199.71,872.15,-31.99,917.44,1025.55,False,28.14,-17.6,-11.567,-6.034,0.17,-8,257
HSCL,Himadri Speciality Chemical Ltd.,Chemicals,1,667.6,-0.35,800.9,421.43,800.9,437.56,-16.64,672.74,611.25,True,45.74,-6.95,-10.408,3.458,0.63,-2,259
RAINBOW,Rainbow Childrens Medicare Ltd.,Healthcare,1,1367.8,-0.35,1598.6,1101.21,1598.6,1101.21,-14.44,1426.08,1384.78,False,31.71,-21.062,-12.792,-8.27,1.85,-3,257
ADVENZYMES,Advanced Enzyme Technologies Limited,,2,282.15,-0.35,390.42,254.2,390.42,254.2,-27.73,292.72,316.24,False,34.32,-4.305,-4.027,-0.278,0.98,-4,259
AVALON,Avalon Technologies Limited,,2,2302.0,-0.35,2537.7,793.85,2537.7,793.85,-9.29,2300.38,1602.83,True,52.51,63.684,80.363,-16.679,0.31,-2,259
BHAGCHEM,Bhagiradha Chemicals & Industries Limited,,2,240.25,-0.35,301.08,171.37,301.08,171.37,-20.2,253.17,254.39,False,29.88,-8.777,-8.208,-0.568,0.89,-2,256
DEN,Den Networks Limited,,2,25.91,-0.35,35.23,22.98,33.08,22.98,-26.45,26.75,28.8,False,32.97,-0.41,-0.342,-0.068,0.87,-4,257
NIRLON,Nirlon Limited,,2,605.85,-0.35,634.8,532.79,634.8,532.79,-4.56,608.7,581.84,True,46.7,-3.023,-2.886,-0.137,0.88,-1,112
ARFIN,Arfin India Limited,,2,88.16,-0.36,99.64,46.85,99.64,63.91,-11.52,88.16,81.27,True,50.55,0.696,0.609,0.087,1.05,-2,257
DHAMPURSUG,Dhampur Sugar Mills Limited,,2,171.8,-0.36,189.76,108.96,189.76,108.96,-9.46,166.49,146.46,True,55.75,1.187,0.289,0.898,0.57,-2,259
GIPCL,Gujarat Industries Power Company Limited,,2,181.56,-0.36,203.8,118.34,203.8,118.34,-10.91,187.66,165.39,True,43.36,0.56,2.873,-2.313,0.56,-4,259
MUNJALAU,Munjal Auto Industries Limited,,2,106.48,-0.36,119.48,67.19,119.48,67.19,-10.88,107.53,95.61,True,47.5,-0.869,-0.794,-0.075,0.48,-2,258
TARACHAND,Tara Chand InfraLogistic Solutions Limited,,2,47.27,-0.36,94.44,45.97,79.63,45.97,-49.95,47.47,57.87,False,46.34,-0.581,-0.812,0.231,1.29,-2,258
NLCINDIA,NLC India Ltd.,Power,1,255.75,-0.37,370.55,232.7,370.55,234.03,-30.98,265.43,282.9,False,34.22,-4.84,-4.764,-0.076,1.72,-4,259
BNAGROCHEM,BN Agrochem Limited,,2,207.24,-0.37,239.95,200.08,239.95,200.08,-13.63,211.63,228.02,False,39.95,,,,0.26,-2,30
ECORECO,Eco Recycling Limited,,2,403.3,-0.37,470.87,403.3,470.87,403.3,-14.35,430.05,460.03,False,24.25,,,,2.46,-5,30
JUSTDIAL,Just Dial Limited,,2,656.5,-0.37,860.95,490.7,804.05,490.7,-23.75,674.7,654.65,True,41.34,-3.612,-1.545,-2.067,0.8,-4,259
PROSTARM,Prostarm Info Systems Limited,,2,135.83,-0.37,205.93,115.41,182.26,115.41,-34.04,134.29,148.36,False,52.36,0.566,-0.205,0.771,0.48,-2,258
APLAPOLLO,APL Apollo Tubes Ltd.,Capital Goods,1,2188.6,-0.38,2272.05,1679.63,2272.05,1726.25,-3.67,2174.78,1957.38,True,54.14,27.867,34.3,-6.433,1.06,-2,259
GMBREW,GM Breweries Limited,,2,962.95,-0.38,1251.89,695.56,1235.65,863.7,-23.08,938.86,926.33,True,63.44,17.682,13.479,4.203,0.93,-2,259
HISARMETAL,Hisar Metal Industries Limited,,2,151.39,-0.38,185.43,124.39,175.88,124.39,-18.36,154.72,157.24,False,42.77,-0.293,0.562,-0.856,0.57,-2,256
JUNIPER,Juniper Hotels Limited,,2,213.95,-0.38,286.3,189.94,261.22,189.94,-25.27,216.5,219.25,False,48.37,2.289,3.606,-1.318,0.49,-7,259
NETWORK18,Network18 Media & Investments Limited,,2,25.88,-0.38,52.4,25.88,44.21,25.88,-50.61,27.0,33.96,False,35.77,-0.622,-0.642,0.021,0.81,-4,259
PARKHOSPS,Park Medi World Limited,,2,275.45,-0.38,299.3,143.92,299.3,143.92,-7.97,281.67,242.62,True,41.12,-0.511,-0.09,-0.421,1.68,-2,198
VSTL,Vibhor Steel Tubes Limited,,2,110.81,-0.38,157.07,102.25,136.63,102.25,-29.45,113.9,120.85,False,41.74,-0.22,0.614,-0.834,0.3,-2,257
SADBHIN,Sadbhav Infrastructure Project Limited,,2,2.56,-0.39,4.31,2.14,4.31,2.14,-40.6,2.57,2.94,False,48.4,-0.009,-0.017,0.008,0.8,-2,257
SUZLON,Suzlon Energy Ltd.,Capital Goods,1,39.5,-0.4,59.99,39.5,59.31,39.5,-34.16,42.98,50.13,False,20.46,-1.83,-1.567,-0.263,1.2,-2,259
MATRIMONY,Matrimony.Com Limited,,2,519.25,-0.4,562.85,374.9,562.85,374.9,-7.75,526.51,472.17,True,48.79,7.455,10.072,-2.617,0.82,-5,257
REGENCERAM,Regency Ceramics Limited,,2,32.51,-0.4,49.94,31.02,49.67,31.02,-34.9,33.84,39.58,False,44.57,-0.505,-0.413,-0.092,16.35,-4,257
ACCELYA,Accelya Solutions India Limited,,2,1095.4,-0.41,1413.18,1024.6,1332.1,1024.6,-22.49,1117.93,1174.52,False,28.87,-6.78,-4.804,-1.976,1.67,-4,259
ANDHRAPAP,ANDHRA PAPER LIMITED,,2,72.32,-0.41,84.62,57.96,74.62,57.96,-14.54,70.51,65.92,True,58.3,2.533,2.76,-0.228,0.06,-2,258
ASTRAZEN,AstraZeneca Pharma India Limited,,2,6254.5,-0.41,9783.79,6254.5,9127.23,6254.5,-36.07,6728.06,8035.9,False,17.32,-252.123,-240.442,-11.681,1.47,-5,258
ATULAUTO,Atul Auto Limited,,2,438.75,-0.41,577.07,379.65,577.07,379.65,-23.97,452.47,473.03,False,36.5,-9.518,-10.573,1.055,0.65,-2,259
DENTA,Denta Water and Infra Solutions Limited,,2,266.6,-0.41,463.42,222.42,360.95,222.42,-42.47,277.33,308.04,False,37.48,-6.207,-6.487,0.281,0.56,-2,259
JAICORPLTD,Jai Corp Limited,,2,91.8,-0.41,169.42,88.29,131.82,88.29,-45.82,95.23,112.53,False,34.55,-1.88,-1.899,0.018,0.97,-4,259
NIBL,NRB Industrial Bearings Limited,,2,31.52,-0.41,37.84,25.93,37.84,25.93,-16.7,31.81,31.52,True,48.03,0.05,-0.069,0.119,0.3,-2,259
CHOLAFIN,Cholamandalam Investment and Finance Company Ltd.,Financial Services,1,1627.3,-0.42,1940.0,1354.17,1940.0,1354.17,-16.12,1757.47,1708.8,False,26.34,-48.667,-29.138,-19.529,1.04,-4,259
GULFOILLUB,Gulf Oil Lubricants India Limited,,2,1105.8,-0.42,1207.9,846.73,1172.02,846.73,-8.45,1085.28,1051.38,True,57.13,2.761,-2.667,5.427,0.56,-1,259
MAMATA,Mamata Machinery Limited,,2,399.5,-0.42,474.88,298.86,437.43,298.86,-15.87,406.05,408.53,False,46.27,-0.87,-0.465,-0.405,0.63,-2,258
STYL,Seshaasai Technologies Limited,,2,368.8,-0.42,426.56,211.79,414.63,211.79,-13.54,373.19,332.7,True,46.95,-4.019,-4.012,-0.007,1.91,-2,251
DOLATALGO,Dolat Algotech Limited,,2,65.51,-0.43,93.55,65.51,93.55,65.51,-29.97,68.37,74.43,False,35.5,-1.302,-1.023,-0.279,0.59,-2,257
GOKULAGRO,Gokul Agro Resources Limited,,2,215.23,-0.43,252.85,152.82,252.85,152.82,-14.88,224.53,213.24,True,35.2,-3.679,-2.74,-0.939,0.88,-4,259
MURUDCERA,Murudeshwar Ceramics Limited,,2,28.0,-0.43,45.43,25.29,35.38,25.29,-38.37,29.09,32.64,False,35.96,-0.545,-0.486,-0.059,1.9,-2,258
INFOBEAN,InfoBeans Technologies Limited,,2,143.78,-0.44,249.74,117.61,249.74,122.79,-42.43,151.87,161.36,False,29.31,-3.548,-2.766,-0.782,0.71,-4,259
JARO,Jaro Institute of Technology Management and Research Limited,,2,421.55,-0.44,782.42,384.95,596.45,384.95,-46.12,451.78,504.24,False,33.32,-5.521,-1.803,-3.718,0.76,-4,249
PGIL,Pearl Global Industries Limited,,2,1290.4,-0.44,1329.1,604.09,1329.1,673.38,-2.91,1215.9,950.11,True,60.98,37.697,24.652,13.045,0.63,-2,259
TAINWALCHM,Tainwala Chemical and Plastic (I) Limited,,2,205.36,-0.44,228.58,155.86,228.58,155.86,-10.16,210.89,201.08,True,44.01,0.222,1.022,-0.799,0.41,-3,256
DECCANCE,Deccan Cements Limited,,2,540.1,-0.45,1120.61,540.1,778.01,540.1,-51.8,559.91,657.17,False,31.09,-4.343,-1.076,-3.266,0.32,-9,257
GLOBAL,Global Education Limited,,2,133.01,-0.45,141.0,55.58,141.0,76.82,-5.67,127.53,102.03,True,63.57,6.287,6.255,0.033,0.3,-3,258
HINDCOMPOS,Hindustan Composites Limited,,2,377.5,-0.45,489.21,346.61,489.21,346.61,-22.83,384.83,420.23,False,40.97,-6.566,-8.069,1.504,0.54,-2,257
MAXESTATES,Max Estates Limited,,2,569.25,-0.45,616.8,308.75,616.8,308.75,-7.71,565.4,456.86,True,56.18,25.187,29.223,-4.036,0.4,-3,257
LT,Larsen & Toubro Ltd.,Construction,1,3749.1,-0.46,4375.36,3310.07,4375.36,3310.07,-14.31,3888.55,3927.26,False,34.22,-49.463,-37.526,-11.936,1.8,-2,259
SHRJAGP,Shri Jagdamba Polymers Limited,,2,634.35,-0.46,708.09,614.58,708.09,614.58,-10.41,645.88,686.84,False,39.8,,,,0.57,-2,31
DIVGIITTS,Divgi Torqtransfer Systems Limited,,2,1212.9,-0.47,1297.35,580.1,1297.35,580.1,-6.51,1166.68,895.98,True,58.49,9.345,6.837,2.507,1.14,-1,257
GPTINFRA,GPT Infraprojects Limited,,2,115.72,-0.47,135.56,95.95,135.56,95.95,-14.64,114.57,114.94,True,53.17,0.478,0.096,0.382,0.63,-1,258
JUBLCPL,Jubilant Agri and Consumer Products Limited,,2,2107.4,-0.47,2645.2,1483.0,2413.0,1483.0,-20.33,2133.46,2056.5,True,48.55,4.251,7.802,-3.551,0.72,-2,257
SECURKLOUD,SECUREKLOUD TECHNOLOGIES LIMITED,,2,17.06,-0.47,31.08,16.36,26.35,16.51,-45.11,17.09,20.06,False,46.69,-0.215,-0.283,0.068,1.13,-1,257
VSSL,Vardhman Special Steels Limited,,2,405.85,-0.47,413.6,206.36,413.6,206.36,-1.87,392.06,303.9,True,64.4,16.85,17.837,-0.987,0.11,-2,258
EICHERMOT,Eicher Motors Ltd.,Automobile and Auto Components,1,7179.0,-0.48,8105.12,6517.75,8105.12,6517.75,-11.43,7508.88,7381.11,False,25.42,-146.023,-112.125,-33.897,1.56,-2,259
LUPIN,Lupin Ltd.,Healthcare,1,2052.1,-0.48,2514.8,1891.88,2514.8,2045.0,-18.4,2110.12,2219.65,False,34.22,-36.246,-41.034,4.788,1.49,-5,259
POONAWALLA,Poonawalla Fincorp Ltd.,Financial Services,1,443.0,-0.48,542.5,368.4,502.7,368.4,-18.34,459.15,453.74,False,41.27,-3.573,-3.547,-0.026,0.85,-4,259
BAJAJHCARE,Bajaj Healthcare Limited,,2,335.0,-0.48,488.04,273.71,424.23,273.71,-31.36,334.48,343.61,False,51.49,3.63,2.797,0.832,0.87,-4,259
CEINSYS,Ceinsys Tech Limited,,2,681.85,-0.48,1222.91,669.61,1222.91,669.61,-44.24,699.67,884.76,False,40.47,-16.896,-21.641,4.745,0.74,-4,154
PITTIENG,Pitti Engineering Limited,,2,1131.4,-0.48,1173.69,683.59,1173.69,683.59,-3.6,1128.35,970.73,True,53.46,22.327,27.875,-5.548,0.28,-2,256
SHRIRAMFIN,Shriram Finance Ltd.,Financial Services,1,971.5,-0.49,1141.0,604.67,1141.0,843.63,-14.86,1014.9,972.89,False,32.61,-23.818,-21.508,-2.31,1.54,-2,259
KAMOPAINTS,Kamdhenu Ventures Limited,,2,4.1,-0.49,9.0,3.64,7.25,3.64,-54.44,4.3,5.35,False,32.64,-0.097,-0.08,-0.017,0.67,-4,257
KITEX,Kitex Garments Limited,,2,115.56,-0.49,221.9,115.56,215.18,115.56,-47.92,121.2,156.12,False,33.23,-3.849,-3.919,0.069,0.74,-4,259
SAICAPI,Sai Capital Limited,,2,155.09,-0.49,158.99,140.0,158.99,140.0,-2.45,153.36,151.43,True,51.48,,,,0.23,-2,30
SANATHAN,Sanathan Textiles Limited,,2,515.0,-0.49,529.25,365.9,529.25,365.9,-2.69,486.64,456.44,True,62.81,14.545,8.697,5.848,0.5,-3,257
CUB,City Union Bank Ltd.,Financial Services,1,214.91,-0.5,238.48,156.15,238.48,172.01,-9.88,225.23,204.76,True,40.19,-0.822,1.401,-2.222,0.72,-2,259
BUTTERFLY,Butterfly Gandhimathi Appliances Limited,,2,561.25,-0.5,780.2,561.25,780.2,561.25,-28.06,588.53,653.72,False,25.98,-22.66,-23.261,0.602,0.4,-3,258
PRICOLLTD,Pricol Limited,,2,749.35,-0.5,806.55,505.33,806.55,510.9,-7.09,759.0,647.85,True,46.98,0.981,3.43,-2.449,1.03,-3,258
AFIL,Akme Fintrade (India) Limited,,2,7.85,-0.51,10.91,4.88,10.91,4.88,-28.05,8.55,8.71,False,25.24,-0.38,-0.304,-0.076,2.28,-2,257
INTENTECH,Intense Technologies Limited,,2,82.63,-0.51,141.08,70.12,121.04,70.12,-41.43,81.45,95.29,False,52.63,0.078,-0.672,0.751,0.28,-2,256
MAHAPEXLTD,Maha Rashtra Apex Corporation Limited,,2,50.82,-0.51,111.44,43.53,111.44,43.53,-54.4,53.31,62.58,False,41.13,-0.497,0.127,-0.624,0.36,-8,257
MOTOGENFIN,The Motor & General Finance Limited,,2,25.57,-0.51,31.37,18.26,31.37,18.26,-18.49,26.21,25.89,False,43.59,-0.353,-0.294,-0.059,0.19,-2,258
VSTIND,VST Industries Limited,,2,202.96,-0.51,256.24,191.01,256.24,191.01,-20.79,206.77,229.39,False,37.07,-2.566,-3.022,0.456,0.88,-4,259
RAMCOCEM,The Ramco Cements Ltd.,Construction Materials,1,844.25,-0.52,1201.62,844.25,1201.62,844.25,-29.74,872.79,945.84,False,35.35,-10.482,-9.649,-0.833,1.61,-4,257
GFLLIMITED,GFL Limited,,2,55.7,-0.52,77.13,37.54,62.81,37.54,-27.78,56.22,51.71,True,49.88,0.591,1.057,-0.466,0.44,-2,256
TRAVELFOOD,Travel Food Services Ltd.,Consumer Services,1,1196.6,-0.53,1417.3,1035.44,1417.3,1035.44,-15.57,1240.8,1257.4,False,34.02,-24.594,-21.265,-3.329,7.65,-5,259
KRIDHANINF,Kridhan Infra Limited,,2,1.88,-0.53,4.52,1.82,4.52,1.82,-58.41,1.93,2.75,False,35.12,-0.08,-0.092,0.012,0.33,-1,257
GULPOLY,Gulshan Polyols Limited,,2,165.15,-0.54,213.28,124.35,213.28,124.35,-22.57,174.45,175.16,False,30.91,-5.392,-4.997,-0.395,0.62,-2,258
SUPERHOUSE,Superhouse Limited,,2,159.9,-0.54,180.05,129.65,180.05,129.65,-11.19,166.88,161.33,False,38.99,-1.162,0.211,-1.373,0.17,-6,257
TFCILTD,Tourism Finance Corporation of India Limited,,2,138.92,-0.54,146.71,54.95,146.71,54.95,-5.31,138.64,94.43,True,56.11,3.406,4.933,-1.527,1.64,-1,259
BAJAJFINSV,Bajaj Finserv Ltd.,Financial Services,1,1742.4,-0.55,2174.74,1630.41,2105.0,1630.41,-19.88,1855.64,1906.34,False,25.36,-55.386,-41.19,-14.196,1.32,-2,259
BALAMINES,Balaji Amines Limited,,2,2142.1,-0.55,2566.8,972.38,2566.8,972.38,-16.55,2223.36,1828.54,True,43.29,-28.239,-13.01,-15.229,0.5,-4,259
BALMLAWRIE,Balmer Lawrie & Company Limited,,2,161.59,-0.55,200.78,145.44,191.97,145.44,-19.52,166.56,174.7,False,34.51,-2.099,-1.619,-0.481,0.58,-4,259
CARRARO,Carraro India Limited,,2,520.8,-0.55,600.92,417.83,600.92,417.83,-13.33,532.25,522.14,False,44.57,0.199,1.179,-0.98,0.39,-4,257
EFCIL,EFC (I) Limited,,2,174.28,-0.55,314.2,173.82,308.0,173.82,-44.53,182.87,213.49,False,35.16,-4.037,-3.206,-0.831,0.69,-4,259
LXCHEM,Laxmi Organic Industries Limited,,2,176.49,-0.55,214.48,107.93,200.51,107.93,-17.71,177.05,167.88,True,50.09,1.594,1.373,0.221,0.72,-2,259
PRAKASHSTL,Prakash Steelage Limited,,2,3.59,-0.55,6.0,3.56,6.0,3.56,-40.17,3.72,4.32,False,37.3,-0.07,-0.067,-0.004,0.62,-4,259
SAMHI,Samhi Hotels Limited,,2,149.34,-0.55,206.85,128.15,200.55,128.15,-27.8,157.04,168.82,False,37.35,-1.762,-1.459,-0.303,0.5,-2,259
NMDC,NMDC Ltd.,Metals & Mining,1,77.0,-0.56,96.04,70.4,96.04,74.05,-19.83,81.26,82.94,False,32.45,-1.709,-1.297,-0.412,1.61,-4,259
DONEAR,Donear Industries Limited,,2,81.12,-0.56,106.27,78.53,101.49,78.53,-23.67,83.47,88.52,False,39.02,-1.05,-0.79,-0.261,0.4,-2,258
DYNAMATECH,Dynamatic Technologies Limited,,2,13065.0,-0.56,13153.0,6748.21,13153.0,7889.81,-0.67,12262.87,10419.79,True,73.2,425.961,330.142,95.818,1.52,-2,258
NOVARTIND,Novartis India Limited,,2,1924.1,-0.56,2428.2,672.25,2428.2,672.25,-20.76,1943.3,1304.52,True,51.47,74.72,108.613,-33.893,0.09,-4,119
VEEDOL,Veedol Corporation Limited,,2,1356.5,-0.56,1858.87,1227.28,1641.64,1227.28,-27.03,1400.79,1476.22,False,35.06,-27.23,-23.918,-3.312,0.82,-2,259
WAAREERTL,Waaree Renewable Technologies Limited,,2,821.4,-0.56,1330.5,782.3,1116.1,782.3,-38.26,835.89,942.43,False,39.46,-14.887,-18.568,3.681,0.78,-2,259
APOLSINHOT,Apollo Sindoori Hotels Limited,,2,1166.2,-0.57,1375.0,950.45,1375.0,950.45,-15.19,1204.43,1228.37,False,38.17,-6.567,-2.159,-4.408,0.81,-3,256
GUJRAFFIA,Gujarat Raffia Industries Limited,,2,40.21,-0.57,86.18,35.45,60.3,35.45,-53.34,40.46,41.52,False,48.1,-0.155,-0.109,-0.046,0.2,-2,254
ORIENTCER,ORIENT CERATECH LIMITED,,2,45.6,-0.57,54.64,34.19,54.64,34.19,-16.54,45.86,41.71,True,50.79,0.839,0.958,-0.12,0.47,-2,258
SCILAL,Shipping Corporation of India Land and Assets Limited,,2,36.69,-0.57,52.21,34.44,52.21,34.44,-29.73,38.02,42.92,False,34.39,-0.708,-0.646,-0.062,0.66,-5,258
WINDLAS,Windlas Biotech Limited,,2,1096.25,-0.57,1154.75,700.46,1154.75,700.46,-5.07,1086.72,902.0,True,56.05,26.542,36.48,-9.938,0.57,-1,258
MAHLIFE,Mahindra Lifespace Developers Limited,,2,361.0,-0.58,417.73,291.48,399.9,291.48,-13.58,360.91,362.08,False,48.68,-2.936,-3.981,1.045,0.99,-1,259
MAWANASUG,Mawana Sugars Limited,,2,145.05,-0.58,152.54,73.4,152.54,73.4,-4.91,136.4,108.22,True,59.85,2.416,1.498,0.918,0.8,-2,259
ACE,Action Construction Equipment Ltd.,Capital Goods,1,1205.8,-0.59,1253.9,747.58,1253.9,747.58,-3.84,1185.19,1025.77,True,58.78,31.202,29.047,2.155,0.69,-4,259
UBL,United Breweries Ltd.,Fast Moving Consumer Goods,1,1210.2,-0.59,1827.3,1210.2,1745.78,1210.2,-33.77,1255.98,1430.63,False,36.13,-26.999,-28.37,1.372,0.79,-3,259
KHAICHEM,Khaitan Chemicals & Fertilizers Limited,,2,49.22,-0.59,127.25,43.2,83.26,43.2,-61.32,51.16,63.23,False,36.28,-1.165,-0.894,-0.271,0.57,-2,258
STUDDS,Studds Accessories Limited,,2,395.65,-0.59,570.77,395.65,552.25,395.65,-30.68,415.9,468.88,False,33.06,-8.405,-7.24,-1.165,0.32,-6,226
CASTROLIND,Castrol India Ltd.,Oil Gas & Consumable Fuels,1,199.83,-0.6,201.67,167.91,201.67,167.91,-0.91,193.2,182.73,True,67.4,3.525,2.611,0.913,1.62,-2,259
SUMICHEM,Sumitomo Chemical India Ltd.,Chemicals,1,431.15,-0.6,564.95,363.57,564.95,363.57,-23.68,466.77,481.14,False,24.72,-19.576,-17.386,-2.19,0.81,-4,259
GATEWAY,Gateway Distriparks Limited,,2,51.57,-0.6,61.36,47.44,61.36,47.44,-15.96,52.87,55.98,False,34.76,-0.68,-0.643,-0.036,1.26,-2,259
SAHYADRI,Sahyadri Industries Limited,,2,349.2,-0.6,394.55,201.28,394.55,201.28,-11.49,363.07,298.42,True,44.1,1.449,5.751,-4.302,0.19,-4,257
SEIL,Shanti Educational Initiatives Limited,,2,188.92,-0.6,211.66,184.79,211.66,184.79,-10.74,194.47,203.71,False,40.45,,,,0.51,-4,31
SVGLOBAL,S V Global Mill Limited,,2,143.2,-0.6,163.62,118.0,163.62,118.0,-12.48,143.1,134.6,True,51.04,,,,0.05,-6,30
CAMPUS,Campus Activewear Limited,,2,209.76,-0.61,283.46,209.76,280.58,209.76,-26.0,213.93,237.06,False,33.18,-3.097,-2.965,-0.132,0.74,-1,259
EMIL,Electronics Mart India Limited,,2,191.71,-0.61,200.22,85.58,200.22,85.58,-4.25,187.76,141.36,True,56.28,5.479,5.859,-0.38,0.71,-2,259
INDOUS,Indo Us Biotech Limited,,2,77.42,-0.62,150.72,77.16,150.72,77.16,-48.63,78.82,99.56,False,40.9,-1.082,-1.182,0.1,0.41,-1,257
KOTIC,Kothari Industrial Corporation Limited,,2,150.12,-0.62,155.55,126.62,155.55,126.62,-3.49,143.56,144.35,True,56.48,,,,0.12,-1,31
MERCURYEV,Mercury Ev-Tech Limited,,2,38.69,-0.62,41.86,30.77,41.86,30.77,-7.57,39.12,36.48,True,49.2,0.427,0.688,-0.261,0.2,-2,86
SHANTIGOLD,Shanti Gold International Limited,,2,306.85,-0.62,325.68,156.63,325.68,156.63,-5.78,272.28,226.77,True,66.08,15.243,9.517,5.726,0.78,-2,259
AEGISLOG,Aegis Logistics Ltd.,Oil Gas & Consumable Fuels,1,1299.8,-0.63,1486.0,584.83,1486.0,584.83,-12.53,1348.33,1030.33,True,45.58,12.973,20.642,-7.67,0.63,-6,258
PCBL,PCBL Chemical Ltd.,Chemicals,1,330.45,-0.63,376.56,228.95,360.66,228.95,-12.25,331.62,313.63,True,50.56,4.262,4.318,-0.055,0.39,-2,259
DALMIASUG,Dalmia Bharat Sugar and Industries Limited,,2,412.2,-0.63,508.1,259.44,508.1,259.44,-18.87,416.54,371.67,True,47.69,-7.084,-7.028,-0.056,0.68,-2,257
NIITLTD,NIIT Limited,,2,86.37,-0.63,108.28,49.83,106.17,49.83,-20.23,91.19,89.46,False,37.34,-2.319,-1.881,-0.438,0.76,-4,259
SOMICONVEY,Somi Conveyor Beltings Limited,,2,88.62,-0.63,159.45,83.09,132.78,83.09,-44.42,91.46,105.01,False,39.86,-0.874,-0.517,-0.357,0.31,-5,257
BOMDYEING,Bombay Dyeing & Mfg Company Limited,,2,106.7,-0.64,177.14,92.4,137.61,92.4,-39.77,110.49,125.21,False,36.79,-1.865,-1.822,-0.043,0.77,-2,259
CENTENKA,Century Enka Limited,,2,549.5,-0.64,616.65,365.77,616.65,365.77,-10.89,567.04,508.02,True,42.08,-2.898,-0.808,-2.09,0.03,-2,258
ELDEHSG,Eldeco Housing And Industries Limited,,2,751.75,-0.64,989.36,710.66,989.36,710.66,-24.02,771.33,800.1,False,39.67,-4.952,-2.501,-2.451,0.59,-2,257
INDTERRAIN,Indian Terrain Fashions Limited,,2,29.3,-0.64,40.77,24.87,37.41,24.87,-28.13,29.57,31.78,False,46.46,-0.232,-0.315,0.084,0.45,-2,257
JINDALPOLY,Jindal Poly Films Limited,,2,675.3,-0.64,1007.6,367.2,1007.6,367.2,-32.98,693.21,652.15,True,46.19,8.972,14.434,-5.462,0.18,-6,259
SRD,Shankar Lal Rampal Dye-Chem Limited,,2,38.78,-0.64,73.69,36.59,70.58,36.59,-47.37,39.46,46.35,False,45.58,0.004,0.085,-0.081,0.82,-4,256
TMCV,Tata Motors Ltd.,Capital Goods,1,430.15,-0.65,499.66,314.05,499.66,354.35,-13.91,442.6,416.72,True,41.51,-4.702,-3.757,-0.945,0.83,-2,223
ABCOTS,A B Cotspin India Limited,,2,198.84,-0.65,446.05,198.38,438.25,198.38,-55.42,204.82,278.34,False,39.58,-1.532,-0.598,-0.934,0.82,-2,257
MITCON,MITCON Consultancy & Engineering Services Limited,,2,82.66,-0.65,89.98,51.92,89.98,51.92,-8.14,81.59,74.41,True,54.43,1.578,1.274,0.305,2.63,-3,256
RAJMET,Rajnandini Metal Limited,,2,3.06,-0.65,4.88,2.9,4.88,2.9,-37.3,3.15,3.69,False,36.22,-0.045,-0.043,-0.003,0.81,-3,258
KRISHANA,Krishana Phoschem Limited,,2,185.19,-0.66,205.16,88.5,205.16,92.94,-9.73,184.92,145.29,True,51.46,0.786,0.821,-0.035,0.56,-2,259
ELGIEQUIP,Elgi Equipments Ltd.,Capital Goods,1,594.85,-0.67,642.4,413.62,642.4,413.62,-7.4,609.23,561.47,True,42.21,-2.877,-0.089,-2.788,0.65,-4,259
NATIONALUM,National Aluminium Co. Ltd.,Metals & Mining,1,346.65,-0.67,438.2,196.91,438.2,271.38,-20.89,360.8,351.52,False,38.29,-6.496,-5.511,-0.985,1.64,-2,259
MUTHOOTMF,Muthoot Microfin Limited,,2,177.64,-0.67,255.81,145.46,255.81,145.46,-30.56,191.16,195.17,False,26.23,-7.994,-7.396,-0.597,0.76,-4,258
PVSL,Popular Vehicles and Services Limited,,2,97.01,-0.67,155.24,84.88,127.36,84.88,-37.51,100.48,107.47,False,35.69,-2.17,-2.096,-0.074,1.03,-2,257
21STCENMGM,21st Century Management Services Limited,,2,39.37,-0.68,52.74,28.6,52.74,28.6,-25.35,39.56,39.01,True,47.6,-0.155,-0.266,0.111,0.85,-2,257
HIRECT,Hirect Limited,,2,1171.4,-0.68,1338.0,579.19,1338.0,579.19,-12.45,1222.59,1041.79,True,38.42,-12.396,-6.738,-5.658,0.49,-5,258
JLHL,Jupiter Life Line Hospitals Limited,,2,262.05,-0.68,332.4,239.8,332.4,239.8,-21.16,277.95,282.59,False,21.51,-9.219,-8.376,-0.844,8.94,-7,259
SHOPERSTOP,Shoppers Stop Limited,,2,418.95,-0.68,532.45,287.15,452.1,287.15,-21.32,399.31,390.29,True,60.26,4.976,1.078,3.897,0.31,-2,259
INOXWIND,Inox Wind Ltd.,Capital Goods,1,71.5,-0.69,157.25,69.5,128.04,69.5,-54.53,74.51,93.19,False,40.24,-0.52,-0.194,-0.326,0.69,-2,259
BYKE,The Byke Hospitality Ltd,,2,28.93,-0.69,69.49,27.09,59.0,27.09,-58.37,30.51,39.49,False,29.43,-0.727,-0.601,-0.126,1.69,-4,254
KCP,KCP Limited,,2,156.19,-0.69,202.47,124.8,184.14,124.8,-22.86,160.37,167.68,False,42.59,-1.328,-0.878,-0.45,0.57,-2,257
MALUPAPER,Malu Paper Mills Limited,,2,31.68,-0.69,41.48,27.14,36.46,27.14,-23.63,32.3,33.29,False,45.42,-0.102,0.032,-0.133,0.21,-2,257
WELENT,Welspun Enterprises Limited,,2,744.3,-0.69,823.35,413.71,823.35,413.71,-9.6,751.27,590.59,True,51.52,21.758,32.556,-10.798,0.58,-2,259
BATAINDIA,Bata India Ltd.,Consumer Durables,1,620.35,-0.7,1164.62,579.78,915.53,579.78,-46.73,644.33,744.33,False,29.06,-14.519,-13.074,-1.445,0.9,-2,259
ARVEE,Arvee Laboratories (India) Limited,,2,232.85,-0.7,290.78,133.86,290.78,133.86,-19.92,201.4,170.84,True,64.28,15.946,11.386,4.56,0.79,-1,257
BIMETAL,Bimetal Bearings Limited,,2,635.65,-0.7,701.35,462.01,701.35,462.01,-9.37,643.89,577.62,True,46.26,2.589,2.757,-0.168,0.85,-6,118
SHILCTECH,Shilchar Technologies Limited,,2,4032.7,-0.7,5296.82,2915.27,5296.82,2915.27,-23.87,4078.62,4162.92,False,46.28,-19.615,-22.666,3.051,2.59,-2,215
NAUKRI,Info Edge (India) Ltd.,Consumer Services,1,1245.0,-0.71,1388.85,923.1,1378.4,923.1,-10.36,1276.04,1190.42,True,43.43,-10.571,-5.055,-5.516,0.95,-2,258
ENIL,Entertainment Network (India) Limited,,2,95.33,-0.71,158.71,95.33,120.17,95.33,-39.93,99.01,110.56,False,35.79,-0.889,-0.632,-0.257,0.47,-4,258
FCSSOFT,FCS Software Solutions Limited,,2,1.39,-0.71,2.51,1.17,1.97,1.17,-44.62,1.41,1.64,False,45.15,-0.02,-0.021,0.001,1.68,-2,259
GOPAL,Gopal Snacks Limited,,2,253.0,-0.71,367.2,249.3,333.86,249.3,-31.1,260.88,288.92,False,37.2,-3.935,-3.985,0.05,0.71,-3,257
ISGEC,Isgec Heavy Engineering Limited,,2,880.1,-0.72,1086.59,689.2,1086.59,689.2,-19.0,823.93,876.28,True,64.5,23.344,10.82,12.524,0.56,-2,258
JINDALPHOT,Jindal Photo Limited,,2,1043.4,-0.72,1555.5,981.7,1539.3,981.7,-32.92,1063.44,1132.98,False,44.41,4.386,6.685,-2.299,0.17,-8,257
OMAXE,Omaxe Limited,,2,109.48,-0.72,136.38,64.09,136.38,64.09,-19.72,116.55,91.07,True,44.54,1.145,3.463,-2.318,0.16,-2,258
VHL,Vardhman Holdings Limited,,2,3305.3,-0.72,4227.86,2972.51,3726.8,2972.51,-21.82,3405.22,3497.34,False,34.53,-43.693,-31.069,-12.624,0.48,-4,258
HEGAM,HEG Advanced Materials Ltd.,Capital Goods,1,238.25,-0.73,739.25,215.05,739.25,215.05,-67.77,323.91,535.28,False,23.22,-96.123,-103.748,7.625,0.39,-2,256
ELIN,Elin Electronics Limited,,2,86.65,-0.73,214.93,86.65,170.59,86.65,-59.68,91.47,122.73,False,33.98,-2.929,-2.725,-0.204,0.38,-5,257
MHRIL,Mahindra Holidays & Resorts India Limited,,2,194.49,-0.73,352.8,192.4,316.15,192.4,-44.87,201.24,247.99,False,33.56,-4.605,-5.212,0.607,0.45,-2,259
KSE,KSE Limited,,2,177.99,-0.74,640.04,175.94,640.04,175.94,-72.19,199.85,517.39,False,7.06,-39.921,-54.119,14.198,0.49,-3,35
PRINCEPIPE,Prince Pipes And Fittings Limited,,2,255.85,-0.74,339.76,205.33,297.36,205.33,-24.7,267.49,273.49,False,35.45,-5.538,-4.188,-1.35,0.56,-2,258
SPANDANA,Spandana Sphoorty Financial Limited,,2,226.67,-0.74,310.55,184.15,310.55,184.15,-27.01,232.0,250.77,False,39.09,-5.259,-5.835,0.575,1.06,-1,259
BLS,BLS International Services Ltd.,Consumer Services,1,219.55,-0.75,348.13,219.55,324.45,219.55,-36.93,230.6,267.13,False,31.45,-6.096,-5.602,-0.494,1.06,-2,259
ICICIBANK,ICICI Bank Ltd.,Financial Services,1,1292.2,-0.75,1460.0,1195.82,1460.0,1195.82,-11.49,1355.81,1361.74,False,22.37,-27.709,-21.006,-6.703,1.74,-4,259
PNB,Punjab National Bank,Financial Services,1,111.75,-0.75,128.62,96.68,128.62,96.68,-13.12,115.76,111.9,False,36.78,-0.118,0.481,-0.599,1.98,-4,259
INGERRAND,Ingersoll Rand (India) Limited,,2,4195.0,-0.75,4883.5,3110.26,4883.5,3110.26,-14.1,4364.82,4193.75,True,35.14,-108.982,-82.756,-26.226,0.25,-3,259
ORCHASP,Orchasp Limited,,2,1.33,-0.75,3.99,1.29,3.09,1.29,-66.67,1.4,1.96,False,42.63,-0.031,-0.026,-0.005,0.28,-2,258
SHIPROCKET,Shiprocket Limited,,2,119.99,-0.75,143.45,119.99,143.45,119.99,-16.35,126.74,139.95,False,34.16,,,,0.39,-1,30
SUMEDHA,Sumedha Fiscal Services Limited,,2,43.63,-0.75,44.61,38.04,44.61,38.04,-2.2,42.31,39.88,True,60.29,,,,0.16,-1,30
CLEAN,Clean Science and Technology Ltd.,Chemicals,1,775.75,-0.76,1097.1,653.32,902.11,653.32,-29.29,818.5,831.34,False,36.12,-4.39,3.923,-8.312,1.04,-4,259
IRCON,IRCON International Ltd.,Construction,1,102.47,-0.76,180.0,102.47,176.67,102.47,-43.07,110.64,136.44,False,20.27,-4.531,-4.119,-0.412,1.19,-4,259
KPIL,Kalpataru Projects International Ltd.,Construction,1,1365.1,-0.76,1445.5,1010.01,1445.5,1010.01,-5.56,1398.27,1292.45,True,42.86,1.499,9.463,-7.963,1.29,-4,258
ARCHIDPLY,Archidply Industries Limited,,2,101.98,-0.76,114.33,63.55,114.33,63.55,-10.8,103.44,90.65,True,49.34,1.768,2.359,-0.592,0.61,-4,258
HERANBA,Heranba Industries Limited,,2,178.57,-0.76,317.7,157.52,256.95,157.52,-43.79,173.11,202.21,False,56.28,1.242,-0.346,1.588,0.44,-2,258
UNITECH,Unitech Limited,,2,3.92,-0.76,7.56,3.16,6.29,3.16,-48.15,4.09,4.84,False,42.91,-0.016,0.007,-0.022,0.52,-2,259
WENDT,Wendt (India) Limited,,2,8395.0,-0.76,9097.18,5916.89,8812.5,5916.89,-7.72,8503.24,7899.11,True,48.21,91.912,132.786,-40.875,0.55,-2,258
BHARATFORG,Bharat Forge Ltd.,Automobile and Auto Components,1,1942.0,-0.77,2265.2,1176.18,2265.2,1374.25,-14.27,1981.23,1863.65,True,42.18,-20.616,-27.578,6.963,1.2,-2,258
ANDHRSUGAR,The Andhra Sugars Limited,,2,94.4,-0.77,102.62,66.19,102.62,66.19,-8.01,94.92,85.45,True,49.01,0.003,0.225,-0.221,0.58,-2,259
AUSTENG,Austin Engineering Company  Limited,,2,158.0,-0.77,169.04,114.3,169.04,114.3,-6.53,142.72,119.5,True,69.58,,,,0.3,-3,31
LATTEYS,Latteys Industries Limited,,2,20.59,-0.77,34.53,15.8,26.63,15.8,-40.37,20.82,21.51,False,46.36,-0.227,-0.195,-0.033,0.69,-1,256
ANURAS,Anupam Rasayan India Ltd.,Chemicals,1,1177.8,-0.78,1374.25,1063.35,1374.25,1160.8,-14.3,1200.64,1238.34,False,41.31,-13.862,-12.444,-1.418,0.33,-2,258
ONIDA,Onida Electronics Limited,,2,31.75,-0.78,46.12,21.8,46.12,23.38,-31.16,33.77,34.47,False,35.86,-0.925,-0.932,0.007,0.57,-2,259
BHAGERIA,Bhageria Industries Limited,,2,377.85,-0.79,394.6,127.13,394.6,127.13,-4.24,328.3,213.59,True,70.6,35.4,31.845,3.555,0.43,-2,255
BHAGYANGR,Bhagyanagar India Limited,,2,408.1,-0.79,446.7,94.26,446.7,131.03,-8.64,415.96,298.98,True,48.74,8.897,11.184,-2.286,0.44,-4,259
EIEL,Enviro Infra Engineers Limited,,2,191.48,-0.79,254.04,137.14,244.49,137.14,-24.63,199.64,206.02,False,39.52,-1.978,-1.438,-0.54,0.29,-4,259
RUCHINFRA,Ruchi Infrastructure Limited,,2,5.05,-0.79,7.74,4.13,6.88,4.13,-34.75,5.32,6.09,False,36.37,-0.186,-0.166,-0.02,0.39,-1,257
CGPOWER,CG Power and Industrial Solutions Ltd.,Capital Goods,1,858.05,-0.8,976.5,529.48,976.5,529.48,-12.13,885.4,833.5,True,41.56,-3.973,-0.386,-3.587,0.98,-6,259
CANFINHOME,Can Fin Homes Ltd.,Financial Services,1,731.7,-0.8,941.59,731.7,941.59,731.7,-22.29,770.47,828.94,False,26.81,-18.693,-15.353,-3.34,0.72,-2,259
CGCL,Capri Global Capital Ltd.,Financial Services,1,246.9,-0.8,279.9,151.86,279.9,151.86,-11.79,258.29,216.82,True,42.37,1.555,4.846,-3.291,0.44,-4,259
TATAPOWER,Tata Power Co. Ltd.,Power,1,359.0,-0.8,458.96,343.12,458.96,343.12,-21.78,365.7,383.84,False,41.94,-1.757,-1.672,-0.085,2.66,-2,259
ARYAMAN,Aryaman Financial Services Limited,,2,620.0,-0.8,649.95,585.0,649.95,585.0,-4.61,620.76,605.52,True,51.81,,,,0.31,-1,30
ESTER,Ester Industries Limited,,2,84.55,-0.8,119.68,70.47,107.69,70.47,-29.35,88.42,94.76,False,33.69,-1.897,-1.547,-0.35,0.79,-4,258
BSOFT,Birlasoft Ltd.,Information Technology,1,269.05,-0.81,458.73,268.24,458.73,268.24,-41.35,281.74,327.89,False,33.05,-6.086,-5.416,-0.67,0.64,-6,259
KARURVYSYA,Karur Vysya Bank Ltd.,Financial Services,1,318.15,-0.81,354.35,207.57,354.35,243.21,-10.22,329.84,299.72,True,37.15,-4.166,-2.384,-1.782,1.89,-2,259
ELCIDIN,EL CID Investments Limited,,2,102665.0,-0.81,133749.12,102210.0,133749.12,102210.0,-23.24,105752.47,119181.07,False,37.28,-1475.623,-1311.579,-164.044,0.65,-4,113
ITDC,India Tourism Development Corporation Limited,,2,657.15,-0.81,790.51,368.92,790.51,368.92,-16.87,669.55,621.1,True,46.17,0.697,-0.573,1.27,0.12,-5,258
TOLINS,Tolins Tyres Limited,,2,86.21,-0.81,192.35,84.45,139.11,84.45,-55.18,90.09,113.01,False,31.37,-2.207,-2.3,0.093,1.03,-4,258
UNITEDTEA,The United Nilgiri Tea Estates Company Limited,,2,421.6,-0.81,563.31,416.36,563.31,421.6,-25.16,433.37,475.28,False,27.73,-7.883,-7.943,0.06,0.86,-3,257
WONDERLA,Wonderla Holidays Limited,,2,501.45,-0.81,618.34,459.7,558.69,459.7,-18.9,512.39,514.12,False,42.55,0.291,3.649,-3.358,0.87,-2,257
CRAMC,Canara Robeco Asset Management Company Limited,,2,223.55,-0.82,345.56,215.19,311.82,215.19,-35.31,235.82,257.18,False,28.8,-7.303,-6.668,-0.636,0.6,-2,240
INDOFARM,Indo Farm Equipment Limited,,2,133.17,-0.82,260.99,111.16,219.22,111.16,-48.98,138.62,158.16,False,41.62,-1.685,-1.647,-0.038,0.25,-4,258
OSWALGREEN,Oswal Greentech Limited,,2,19.41,-0.82,41.07,19.04,34.15,19.04,-52.74,19.94,25.37,False,39.68,-0.299,-0.337,0.038,0.88,-2,259
CREST,Crest Ventures Limited,,2,356.9,-0.83,403.34,308.35,403.34,308.35,-11.51,362.7,366.0,False,43.0,-1.239,-1.141,-0.098,0.21,-4,257
EPL,EPL Limited,,2,233.05,-0.83,270.1,180.12,270.1,180.12,-13.72,239.52,227.69,True,41.38,-2.457,-1.749,-0.708,0.22,-2,258
MAGADSUGAR,Magadh Sugar & Energy Limited,,2,536.7,-0.83,620.6,407.65,620.6,407.65,-13.52,532.9,503.33,True,50.62,-6.12,-6.806,0.686,0.3,-2,257
ORCHPHARMA,Orchid Pharma Limited,,2,1014.9,-0.83,1107.2,482.45,1107.2,482.45,-8.34,1023.71,861.11,True,49.67,17.43,14.214,3.216,1.21,-5,259
SINGERIND,Singer India Limited,,2,76.79,-0.83,91.3,60.54,91.3,60.54,-15.89,76.76,71.93,True,51.2,0.566,0.586,-0.02,0.65,-4,131
FLUOROCHEM,Gujarat Fluorochemicals Ltd.,Chemicals,1,4406.2,-0.84,4783.13,2978.43,4783.13,2978.43,-7.88,4545.64,4005.34,True,39.01,-41.942,-11.311,-30.631,0.48,-1,259
JINDALSTEL,Jindal Steel Ltd.,Metals & Mining,1,1130.0,-0.84,1286.5,984.24,1286.5,984.24,-12.16,1138.43,1121.66,True,48.51,4.944,5.187,-0.243,1.09,-2,259
MUTHOOTFIN,Muthoot Finance Ltd.,Financial Services,1,2736.8,-0.84,4057.39,2722.3,4057.39,2722.3,-32.55,2838.67,3136.84,False,37.62,-44.742,-42.822,-1.92,1.91,-2,259
GANECOS,Ganesha Ecosphere Limited,,2,1010.6,-0.84,1234.15,667.55,1233.7,667.55,-18.11,1021.14,1019.67,False,46.32,-9.96,-13.876,3.916,0.44,-2,258
MANBA,Manba Finance Limited,,2,136.52,-0.84,145.82,100.13,145.82,100.13,-6.38,134.72,128.64,True,56.6,1.914,1.299,0.615,1.29,-3,256
RAJSREESUG,Rajshree Sugars & Chemicals Limited,,2,30.58,-0.84,40.58,25.64,40.38,25.64,-24.64,32.7,33.6,False,35.56,-0.92,-0.613,-0.308,0.33,-2,258
VIVIANA,Viviana Power Tech Limited,,2,704.7,-0.84,1757.55,576.71,983.36,576.71,-59.9,725.64,833.29,False,43.35,-6.484,-2.797,-3.687,0.73,-2,257
VMART,V-Mart Retail Limited,,2,760.05,-0.84,880.17,476.56,862.15,476.56,-13.65,793.96,734.16,True,34.57,-12.229,-5.942,-6.287,0.91,-1,258
PINELABS,Pine Labs Ltd.,Financial Services,1,171.55,-0.85,250.89,137.94,242.94,137.94,-31.62,179.03,181.72,False,46.03,3.686,6.354,-2.668,0.37,-5,221
AGRITECH,Agri-Tech (India) Limited,,2,93.19,-0.85,173.01,93.19,173.01,93.19,-46.14,98.09,114.9,False,30.45,-2.461,-2.268,-0.193,1.01,-2,256
ORIENTCEM,Orient Cement Limited,,2,118.42,-0.85,224.14,118.42,174.36,118.42,-47.17,124.29,146.9,False,29.88,-2.748,-2.482,-0.267,1.37,-4,258
SGLRES,SGL Resources Limited,,2,2.33,-0.85,2.52,2.32,2.52,2.32,-7.54,2.41,2.46,False,43.8,,,,0.5,-2,31
V2RETAIL,V2 Retail Limited,,2,209.43,-0.85,256.4,181.06,256.4,181.06,-18.32,214.76,215.38,False,38.84,-2.158,-1.886,-0.271,0.82,-2,259
DALBHARAT,Dalmia Bharat Ltd.,Construction Materials,1,1637.4,-0.86,2242.9,1605.49,2225.88,1605.49,-27.0,1729.56,1888.93,False,31.66,-33.054,-26.514,-6.54,0.6,-4,258
INDOSTAR,IndoStar Capital Finance Limited,,2,209.04,-0.86,274.7,182.51,274.7,182.51,-23.9,232.32,239.61,False,28.95,-9.759,-6.692,-3.067,1.79,-2,259
OSWALPUMPS,Oswal Pumps Limited,,2,266.25,-0.86,774.85,266.25,566.6,266.25,-65.64,279.87,401.83,False,34.01,-8.81,-9.99,1.18,0.53,-4,259
ARVINDFASN,Arvind Fashions Limited,,2,410.15,-0.87,554.16,377.23,515.5,377.23,-25.99,428.75,462.13,False,35.68,-9.3,-7.275,-2.024,2.02,-2,258
EASTWEST,East West Freight Carriers Limited,,2,2.27,-0.87,2.51,2.21,2.51,2.21,-9.56,2.34,2.33,False,46.26,,,,0.59,-2,30
HEMIPROP,Hemisphere Properties India Limited,,2,114.94,-0.87,184.0,111.72,156.66,111.72,-37.53,121.21,136.18,False,29.58,-3.317,-3.249,-0.068,2.72,-2,259
HUBTOWN,Hubtown Limited,,2,166.41,-0.87,333.25,166.41,258.56,166.41,-50.06,176.98,212.72,False,33.25,-4.612,-3.651,-0.961,0.64,-4,259
MOSCHIP,Moschip Technologies Limited,,2,198.47,-0.87,283.78,148.26,247.98,148.26,-30.06,206.38,212.66,False,37.89,-2.765,-2.002,-0.763,0.87,-2,259
SHALBY,Shalby Limited,,2,142.01,-0.87,266.25,126.8,203.93,126.8,-46.66,144.82,169.42,False,42.45,-3.195,-3.977,0.782,0.48,-2,259
TIGERLOGS,Tiger Logistics (India) Limited,,2,26.17,-0.87,47.95,23.9,47.14,23.9,-45.42,27.03,33.18,False,39.59,-0.662,-0.654,-0.009,0.98,-1,259
TUTIALKA,Tuticorin Alkali Chemicals & Fertilizers Limited,,2,54.74,-0.87,61.55,53.02,61.55,53.02,-11.06,56.74,56.59,False,41.32,,,,0.75,-4,30
BIRLAMONEY,Aditya Birla Money Limited,,2,114.29,-0.88,175.85,96.73,157.8,96.73,-35.01,120.83,136.95,False,26.63,-3.25,-2.985,-0.265,1.04,-2,258
EXCELSOFT,Excelsoft Technologies Limited,,2,83.39,-0.88,125.97,66.72,99.09,66.72,-33.8,79.53,85.79,False,60.14,2.625,1.927,0.698,0.36,-2,213
HEIDELBERG,HeidelbergCement India Limited,,2,130.29,-0.88,194.26,130.29,168.15,130.29,-32.93,142.66,155.52,False,21.82,-4.593,-2.875,-1.717,0.85,-4,259
HNDFDS,Hindustan Foods Limited,,2,596.85,-0.88,658.2,446.1,658.2,446.1,-9.32,615.0,558.71,True,41.49,-1.349,2.106,-3.455,1.94,-5,258
TEXINFRA,Texmaco Infrastructure & Holdings Limited,,2,115.54,-0.88,123.47,83.87,123.47,83.87,-6.42,115.81,105.54,True,50.71,1.268,1.314,-0.047,0.11,-4,258
JKTYRE,JK Tyre & Industries Ltd.,Automobile and Auto Components,1,334.8,-0.89,598.87,334.8,598.87,334.8,-44.09,353.11,398.21,False,28.33,-9.867,-9.421,-0.446,1.14,-4,259
EVEREADY,Eveready Industries India Limited,,2,318.9,-0.89,392.22,260.8,370.18,260.8,-18.69,332.64,342.76,False,37.53,-6.103,-4.326,-1.777,0.32,-5,258
NOVAAGRI,Nova Agritech Limited,,2,22.28,-0.89,48.22,18.42,40.09,18.42,-53.8,23.06,29.0,False,36.9,-0.351,-0.333,-0.018,0.77,-4,257
REPCOHOME,Repco Home Finance Limited,,2,343.65,-0.89,444.33,333.81,429.76,333.81,-22.66,352.71,378.59,False,38.14,-4.126,-4.241,0.116,0.71,-6,259
ACC,ACC Ltd.,Construction Materials,1,1202.6,-0.9,1902.69,1202.6,1772.25,1202.6,-36.79,1248.74,1433.54,False,30.98,-21.822,-20.929,-0.893,5.12,-2,259
INDIANB,Indian Bank,Financial Services,1,795.25,-0.9,970.87,709.49,970.87,757.02,-18.09,840.66,835.88,False,23.23,-14.304,-8.866,-5.438,1.42,-2,259
SCHAEFFLER,Schaeffler India Ltd.,Automobile and Auto Components,1,3920.0,-0.9,4355.0,3534.22,4355.0,3534.22,-9.99,4006.2,4035.85,False,42.29,-9.49,-6.481,-3.009,1.85,-4,259
SWIGGY,Swiggy Ltd.,Consumer Services,1,253.7,-0.9,448.4,238.75,413.4,238.75,-43.42,271.46,299.1,False,34.13,-4.032,-1.577,-2.454,0.51,-5,259
AWHCL,Antony Waste Handling Cell Limited,,2,364.35,-0.9,592.34,345.5,592.34,345.5,-38.49,373.1,451.22,False,43.45,-5.261,-7.388,2.127,0.15,-4,259
DREDGECORP,Dredging Corporation of India Limited,,2,932.9,-0.9,1232.5,597.45,1232.5,768.55,-24.31,1009.93,992.52,False,28.45,-32.453,-26.035,-6.418,1.18,-4,259
LINC,Linc Limited,,2,88.84,-0.9,128.64,85.25,120.25,85.25,-30.94,92.96,103.05,False,35.68,-1.537,-1.314,-0.223,4.42,-2,257
NITTAGELA,Nitta Gelatin India Limited,,2,1702.8,-0.9,2024.0,919.29,2024.0,919.29,-15.87,1692.24,1402.97,True,52.55,15.111,12.987,2.123,0.48,-1,114
NSIL,Nalwa Sons Investments Limited,,2,5350.0,-0.9,8373.0,4730.5,6725.0,4730.5,-36.1,5521.57,5840.92,False,36.19,-48.804,-29.39,-19.414,0.62,-4,257
RICOAUTO,Rico Auto Industries Limited,,2,126.22,-0.9,155.15,80.02,155.15,100.06,-18.65,129.69,124.46,True,43.28,-1.026,-0.979,-0.047,0.72,-2,259
NIACL,The New India Assurance Company Ltd.,Financial Services,1,168.29,-0.91,231.2,116.86,231.2,116.86,-27.21,186.2,173.76,False,37.21,-4.014,-0.348,-3.665,0.33,-4,259
GSFC,Gujarat State Fertilizers & Chemicals Limited,,2,151.65,-0.91,193.21,134.88,179.14,134.88,-21.51,153.84,163.06,False,43.84,-0.431,-0.444,0.013,0.49,-2,259
SHIVAMILLS,Shiva Mills Limited,,2,60.0,-0.91,72.05,44.99,68.0,44.99,-16.72,60.61,61.55,False,47.57,-0.341,-0.25,-0.091,1.99,-1,256
GTLINFRA,GTL Infrastructure Limited,,2,1.08,-0.92,1.61,0.97,1.61,0.97,-32.92,1.14,1.27,False,32.58,-0.028,-0.025,-0.003,1.0,-2,259
HMAAGRO,HMA Agro Industries Limited,,2,23.8,-0.92,31.99,19.98,30.12,19.98,-25.6,22.7,24.24,False,63.99,0.703,0.49,0.213,0.14,-1,258
ANANTRAJ,Anant Raj Ltd.,Realty,1,602.3,-0.93,734.39,405.03,638.25,405.03,-17.99,609.21,568.95,True,47.39,0.616,0.234,0.381,0.41,-4,259
IRB,IRB Infrastructure Developers Ltd.,Construction,1,16.98,-0.93,22.73,16.98,22.73,16.98,-25.3,18.42,20.3,False,22.57,-0.555,-0.358,-0.197,0.85,-4,259
DYNPRO,Dynemic Products Limited,,2,222.6,-0.93,349.72,191.56,270.92,191.56,-36.35,230.35,246.17,False,37.74,-2.119,-1.716,-0.402,1.16,-4,258
HBSL,HB Stockholdings Limited,,2,55.28,-0.93,100.42,42.63,75.24,42.63,-44.95,54.3,58.56,False,54.86,0.467,0.201,0.266,1.89,-2,257
CANBK,Canara Bank,Financial Services,1,119.51,-0.94,153.85,116.63,153.85,119.51,-22.32,124.14,128.78,False,32.62,-1.292,-1.072,-0.22,1.78,-4,259
ETERNAL,Eternal Ltd.,Consumer Services,1,327.85,-0.94,354.35,215.68,342.65,215.68,-7.48,328.31,293.45,True,52.18,4.286,4.464,-0.178,1.72,-4,259
LODHA,Lodha Developers Ltd.,Realty,1,1106.6,-0.94,1311.74,674.63,1311.74,674.63,-15.64,1152.23,1079.99,True,40.17,-18.864,-18.337,-0.528,4.28,-2,259
UNOMINDA,UNO Minda Ltd.,Automobile and Auto Components,1,1162.0,-0.94,1363.19,1011.63,1333.56,1011.63,-14.76,1216.42,1189.41,False,38.31,-10.977,-4.915,-6.062,1.0,-3,259
COSMOFIRST,COSMO FIRST LIMITED,,2,834.8,-0.94,964.85,574.62,964.85,574.62,-13.48,875.17,814.09,True,32.05,-17.204,-11.926,-5.277,0.81,-4,258
INTERARCH,Interarch Building Solutions Limited,,2,1690.2,-0.94,2603.97,1619.91,2399.49,1619.91,-35.09,1704.0,1863.47,False,45.97,-7.185,-8.509,1.324,0.54,-2,257
JKLAKSHMI,JK Lakshmi Cement Limited,,2,490.15,-0.94,862.91,490.15,792.66,490.15,-43.2,512.4,623.34,False,31.53,-10.202,-10.315,0.113,3.28,-2,259
PSB,Punjab & Sind Bank,,2,21.11,-0.94,31.36,20.34,28.93,20.34,-32.68,22.19,24.57,False,25.59,-0.476,-0.393,-0.083,1.29,-2,259
SANSTAR,Sanstar Limited,,2,105.9,-0.94,127.43,75.78,127.43,75.78,-16.9,110.0,104.03,True,38.95,-0.49,0.104,-0.594,0.7,-5,259
SHAH,Shah Metacorp Limited,,2,3.15,-0.94,5.78,3.15,5.78,3.15,-45.5,3.37,4.27,False,36.14,-0.161,-0.162,0.002,0.5,-2,256
RPOWER,Reliance Power Ltd.,Power,1,19.77,-0.95,48.58,19.77,38.56,19.77,-59.3,21.15,27.49,False,23.69,-0.675,-0.597,-0.077,1.76,-4,259
63MOONS,63 moons technologies limited,,2,810.8,-0.95,929.24,469.21,929.24,469.21,-12.75,846.17,751.24,True,43.84,6.872,16.085,-9.213,0.37,-3,259
ACL,Andhra Cements Limited,,2,39.56,-0.95,91.1,39.56,73.52,39.56,-56.58,42.61,55.5,False,21.13,-1.167,-1.047,-0.119,1.64,-2,256
HPAL,HP Adhesives Limited,,2,34.44,-0.95,51.72,26.65,44.35,26.65,-33.41,35.23,37.14,False,44.51,0.009,0.174,-0.165,0.48,-4,258
SYMPHONY,Symphony Limited,,2,580.4,-0.95,949.44,567.75,949.44,567.75,-38.87,591.36,720.17,False,42.95,-8.29,-9.986,1.696,0.13,-2,259
ABDL,Allied Blenders and Distillers Ltd.,Fast Moving Consumer Goods,1,716.5,-0.96,723.45,380.85,723.45,380.85,-0.96,660.01,586.57,True,73.39,25.13,15.304,9.826,0.47,-1,258
BPCL,Bharat Petroleum Corporation Ltd.,Oil Gas & Consumable Fuels,1,299.35,-0.96,388.3,271.3,388.3,271.3,-22.91,308.67,316.12,False,38.47,-2.273,-1.741,-0.532,1.09,-2,259
BCG,Brightcom Group Limited,,2,9.28,-0.96,14.75,8.17,14.23,8.17,-37.08,9.59,10.39,False,43.07,-0.01,0.06,-0.069,0.35,-2,259
MUKTAARTS,Mukta Arts Limited,,2,56.57,-0.96,70.36,37.31,68.39,37.31,-19.6,56.96,58.19,False,48.64,-0.074,-0.006,-0.068,0.12,-1,250
MCX,Multi Commodity Exchange of India Ltd.,Financial Services,1,3232.0,-0.97,3433.29,1555.39,3433.29,2000.1,-5.86,3259.86,2743.19,True,50.14,48.969,64.873,-15.903,1.11,-3,259
RELIGARE,Religare Enterprises Limited,,2,232.05,-0.97,278.36,201.11,278.36,201.11,-16.64,245.41,243.21,False,35.68,-1.749,0.66,-2.409,1.96,-2,258
RPSGVENT,RPSG VENTURES LIMITED,,2,833.85,-0.97,1116.45,559.85,1116.45,559.85,-25.31,844.02,853.3,False,43.29,-7.67,-10.145,2.475,0.84,-1,258
SVLL,Shree Vasu Logistics Limited,,2,813.35,-0.97,867.65,479.9,867.65,479.9,-6.26,812.62,711.99,True,52.59,14.717,15.951,-1.235,5.74,-2,256
VIKASECO,Vikas EcoTech Limited,,2,1.02,-0.97,2.02,0.99,1.79,0.99,-49.5,1.05,1.32,False,30.23,-0.018,-0.018,-0.0,1.37,-2,258
ZAGGLE,Zaggle Prepaid Ocean Services Limited,,2,173.84,-0.97,401.35,160.48,364.9,160.48,-56.69,180.97,234.04,False,37.34,-3.823,-3.798,-0.025,0.61,-2,259
ITI,ITI Ltd.,Telecommunication,1,243.4,-0.98,356.65,239.05,313.95,239.05,-31.75,258.18,285.84,False,23.55,-7.267,-6.326,-0.941,1.26,-2,259
ARVSMART,Arvind SmartSpaces Limited,,2,609.7,-0.98,692.45,499.62,692.45,499.62,-11.95,608.04,604.99,True,49.5,-6.387,-10.625,4.238,0.19,-1,258
CAPACITE,Capacit'e Infraprojects Limited,,2,182.61,-0.98,306.95,180.28,267.2,180.28,-40.51,195.9,233.35,False,32.6,-6.492,-6.012,-0.48,1.18,-4,259
CHEMCRUX,Chemcrux Enterprises Limited,,2,78.01,-0.98,85.95,78.01,85.95,78.01,-9.24,80.64,84.85,False,38.37,,,,1.16,-2,30
EXXARO,Exxaro Tiles Limited,,2,6.09,-0.98,9.92,6.0,8.29,6.0,-38.61,6.29,6.9,False,39.19,-0.065,-0.035,-0.03,0.5,-4,257
RVHL,Ravinder Heights Limited,,2,38.28,-0.98,60.47,29.38,57.21,29.38,-36.7,39.59,44.65,False,37.74,-0.735,-0.789,0.054,1.66,-2,256
SBIFUNDS,SBI Funds Management Limited,,2,517.8,-0.98,609.75,517.8,609.75,517.8,-15.08,543.89,589.14,False,32.51,-9.389,-7.257,-2.132,0.94,-4,51
SHRINGARMS,Shringar House of Mangalsutra Limited,,2,215.91,-0.98,261.86,166.89,261.86,166.89,-17.55,214.88,214.52,True,49.89,-2.11,-2.879,0.769,0.93,-1,258
VETO,Veto Switchgears And Cables Limited,,2,146.25,-0.98,150.32,83.79,150.32,83.79,-2.71,136.24,120.14,True,66.73,6.026,4.225,1.801,1.1,-2,257
IGL,Indraprastha Gas Ltd.,Oil Gas & Consumable Fuels,1,142.02,-0.99,215.97,142.02,192.33,142.02,-34.24,147.95,164.07,False,30.29,-2.04,-1.24,-0.8,2.27,-4,259
JSL,Jindal Stainless Ltd.,Metals & Mining,1,738.3,-0.99,860.97,659.14,860.97,659.14,-14.25,741.08,737.45,True,49.82,4.414,5.457,-1.043,0.48,-2,259
BLIL,Balmer Lawrie Investments Limited,,2,64.91,-0.99,72.79,64.91,72.79,64.91,-10.83,68.27,70.91,False,18.15,,,,1.11,-6,30
BUILDPRO,Shankara Buildpro Limited,,2,1244.2,-0.99,1347.8,650.43,1347.8,650.43,-7.69,1269.24,1094.57,True,45.1,1.711,5.466,-3.755,0.55,-2,181
ESSENTIA,Integra Essentia Limited,,2,1.0,-0.99,1.92,1.0,1.73,1.0,-47.92,1.05,1.35,False,36.07,-0.035,-0.038,0.003,0.79,-3,257
MOLDTKPAC,Mold-Tek Packaging Limited,,2,642.95,-0.99,782.53,469.01,724.27,469.01,-17.84,667.9,663.6,False,38.99,-9.11,-7.238,-1.872,1.35,-4,258
NAGREEKEXP,Nagreeka Exports Limited,,2,22.09,-0.99,34.25,18.2,29.84,18.2,-35.5,22.45,25.27,False,47.28,0.014,-0.096,0.109,0.58,-4,256
ORIENTTECH,Orient Technologies Limited,,2,231.5,-0.99,459.45,224.0,440.9,224.0,-49.61,237.99,274.82,False,39.91,-3.464,-3.614,0.15,0.15,-2,259
SOLEX,Solex Energy Limited,,2,688.55,-0.99,1916.49,657.65,1508.91,657.65,-64.07,715.17,1047.16,False,38.65,-27.241,-35.583,8.342,0.4,-4,258
PIRAMALFIN,Piramal Finance Ltd.,Financial Services,1,2127.5,-1.0,2310.5,1315.54,2310.5,1506.36,-7.92,2196.56,1942.38,True,42.47,-8.844,10.641,-19.486,4.03,-1,226
CHEVIOT,Cheviot Company Limited,,2,1176.0,-1.0,1329.49,885.02,1329.49,885.02,-11.55,1173.33,1115.83,True,51.85,6.081,7.193,-1.113,0.33,-1,258
LUMAXTECH,Lumax Auto Technologies Limited,,2,2011.7,-1.0,2116.4,1124.05,2116.4,1320.51,-4.95,2010.2,1661.96,True,52.51,39.149,48.201,-9.052,0.65,-1,258
NILKAMAL,Nilkamal Limited,,2,1898.9,-1.0,2116.5,1050.42,2116.5,1050.42,-10.28,1938.56,1570.81,True,45.88,-9.855,11.22,-21.075,0.93,-1,256
SOMANYCERA,Somany Ceramics Limited,,2,613.85,-1.0,620.05,334.32,620.05,334.32,-1.0,580.8,493.24,True,71.88,19.883,16.081,3.802,0.59,-1,257
CRESTO,CRESTO TECHNO LIMITED,,2,23.59,-1.01,26.4,15.0,24.2,15.0,-10.64,18.98,17.3,True,71.57,1.784,0.964,0.819,0.51,-1,257
ORICONENT,Oricon Enterprises Limited,,2,51.83,-1.01,68.86,51.07,68.86,51.07,-24.73,52.87,57.47,False,44.69,-0.513,-0.52,0.007,13.16,-1,257
POLYSPIN,Polyspin Exports Limited,,2,31.46,-1.01,31.93,28.3,31.93,28.3,-1.47,29.95,30.41,True,55.1,,,,0.55,-1,30
SANOFI,Sanofi India Limited,,2,3072.1,-1.01,4667.78,3052.4,4185.38,3052.4,-34.18,3119.41,3540.58,False,40.22,-34.426,-41.882,7.456,0.62,-2,258
WEWIN,WE WIN LIMITED,,2,48.1,-1.01,74.07,37.0,73.18,37.0,-35.06,45.18,48.07,True,62.26,0.768,-0.074,0.842,0.65,-1,257
AADHARHFC,Aadhar Housing Finance Ltd.,Financial Services,1,432.5,-1.02,556.5,432.5,556.5,432.5,-22.28,457.95,487.97,False,30.25,-10.83,-8.767,-2.063,1.11,-6,259
ATGL,Adani Total Gas Ltd.,Oil Gas & Consumable Fuels,1,588.4,-1.02,808.27,467.74,808.27,467.74,-27.2,613.7,632.41,False,38.87,-8.98,-9.402,0.422,0.22,-7,259
HDBFS,HDB Financial Services Ltd.,Financial Services,1,630.9,-1.02,770.65,558.36,770.65,558.36,-18.13,667.77,697.09,False,30.1,-10.534,-6.049,-4.485,0.56,-7,259
A2ZINFRA,A2Z Infra Engineering Limited,,2,14.51,-1.02,18.81,12.06,18.81,12.06,-22.86,15.03,15.42,False,40.08,-0.223,-0.132,-0.09,0.88,-4,257
DLINKINDIA,D-Link (India) Limited,,2,414.2,-1.02,518.55,353.27,518.55,353.27,-20.12,427.57,437.69,False,36.39,-6.458,-5.445,-1.013,1.18,-2,259
BERGEPAINT,Berger Paints India Ltd.,Consumer Durables,1,448.2,-1.03,585.68,401.47,559.8,401.47,-23.47,464.84,496.26,False,35.27,-13.726,-14.814,1.088,1.59,-2,259
ALKYLAMINE,Alkyl Amines Chemicals Limited,,2,1781.3,-1.03,2089.6,1224.69,2089.6,1224.69,-14.75,1875.1,1785.44,False,35.3,-33.67,-23.338,-10.332,0.54,-4,259
NAGREEKCAP,Nagreeka Capital & Infrastructure Limited,,2,26.05,-1.03,40.24,20.89,37.0,20.89,-35.26,26.45,26.08,False,50.39,1.142,1.199,-0.058,0.11,-4,257
OMAXAUTO,Omax Autos Limited,,2,198.48,-1.03,253.93,83.81,253.93,89.12,-21.84,190.03,172.9,True,56.94,2.602,-0.872,3.474,0.88,-1,258
POEL,POCL Enterprises Limited,,2,139.89,-1.03,165.65,137.16,165.65,137.16,-15.55,143.17,157.43,False,36.4,,,,1.06,-3,31
VIPIND,VIP Industries Limited,,2,293.2,-1.03,439.35,290.85,408.05,290.85,-33.27,300.43,329.39,False,41.91,-2.433,-1.887,-0.547,0.39,-2,258
VLSFINANCE,VLS Finance Limited,,2,234.96,-1.03,331.36,200.21,331.02,206.5,-29.09,240.66,244.45,False,37.39,-2.879,-2.907,0.028,1.02,-2,256
PARADEEP,Paradeep Phosphates Ltd.,Chemicals,1,154.08,-1.04,194.34,102.18,164.26,102.18,-20.72,154.3,143.05,True,50.89,0.894,1.262,-0.368,0.87,-1,259
MMP,MMP Industries Limited,,2,447.55,-1.04,478.5,188.15,478.5,188.15,-6.47,442.17,312.39,True,56.64,21.454,26.898,-5.444,0.74,-2,256
PENIND,Pennar Industries Limited,,2,180.28,-1.04,275.95,130.92,204.49,130.92,-34.67,174.57,175.76,True,59.11,4.173,3.447,0.727,1.24,-2,258
FORTIS,Fortis Healthcare Ltd.,Healthcare,1,822.0,-1.05,1096.74,787.91,989.3,787.91,-25.05,879.65,924.41,False,25.22,-19.676,-13.497,-6.179,2.25,-5,259
SHARDACROP,Sharda Cropchem Limited,,2,721.45,-1.05,1242.26,721.45,1242.26,721.45,-41.92,754.91,874.19,False,33.22,-15.936,-14.743,-1.193,1.22,-2,258
AWL,AWL Agri Business Ltd.,Fast Moving Consumer Goods,1,178.75,-1.06,276.16,171.4,245.07,171.4,-35.27,185.31,200.97,False,34.9,-2.474,-2.049,-0.425,5.21,-4,259
CEATLTD,Ceat Ltd.,Automobile and Auto Components,1,3240.0,-1.06,4259.23,3074.72,4024.52,3074.72,-23.93,3367.36,3491.56,False,35.55,-42.631,-41.167,-1.464,0.84,-4,259
GMRAIRPORT,GMR Airports Ltd.,Services,1,93.75,-1.06,114.98,84.75,114.98,84.75,-18.46,97.15,99.8,False,39.29,-1.14,-1.242,0.102,0.97,-2,259
ARKADE,Arkade Developers Limited,,2,121.92,-1.06,174.38,94.83,143.15,94.83,-30.08,123.78,130.68,False,45.31,-1.031,-1.678,0.647,0.71,-2,258
MADRASFERT,Madras Fertilizers Limited,,2,58.55,-1.06,88.14,53.06,83.07,53.06,-33.57,61.88,69.51,False,25.21,-1.642,-1.421,-0.22,0.7,-4,256
TALBROAUTO,Talbros Automotive Components Limited,,2,433.2,-1.06,476.7,223.76,476.7,223.76,-9.13,439.87,359.1,True,49.06,9.993,10.557,-0.563,0.68,-5,259
JWL,Jupiter Wagons Ltd.,Capital Goods,1,219.82,-1.08,347.55,219.82,347.55,219.82,-36.75,232.86,271.46,False,26.06,-6.436,-5.624,-0.812,1.0,-4,259
POLYCAB,Polycab India Ltd.,Capital Goods,1,8102.5,-1.08,10083.0,6690.26,10083.0,6690.26,-19.64,8414.87,8501.42,False,34.38,-174.068,-188.19,14.122,3.79,-2,259
ADVANCE,Advance Agrolife Limited,,2,120.19,-1.08,147.57,84.96,140.08,84.96,-18.55,116.78,113.98,True,55.53,0.485,-0.529,1.014,0.56,-2,245
ASALCBR,Associated Alcohols & Breweries Ltd.,,2,634.6,-1.08,1224.97,634.6,961.78,634.6,-48.19,668.94,809.99,False,27.68,-22.627,-22.068,-0.559,1.32,-4,257
ORIENTPPR,Orient Paper & Industries Limited,,2,16.43,-1.08,27.29,13.98,23.38,13.98,-39.79,17.07,19.03,False,38.81,-0.204,-0.111,-0.093,0.42,-8,258
SUDARCOLOR,Sudarshan Colorants India Limited,,2,383.7,-1.08,594.05,272.25,479.85,272.25,-35.41,386.32,398.43,False,48.53,0.157,-0.354,0.512,0.27,-2,257
HINDCOPPER,Hindustan Copper Ltd.,Metals & Mining,1,474.35,-1.09,755.97,311.62,755.97,366.22,-37.25,503.23,491.6,False,36.28,-10.29,-7.531,-2.759,1.21,-4,259
MARUTI,Maruti Suzuki India Ltd.,Automobile and Auto Components,1,11877.0,-1.09,17120.06,11877.0,17120.06,11877.0,-30.63,12396.95,13748.98,False,26.43,-353.055,-349.331,-3.724,1.43,-2,259
IFBIND,IFB Industries Limited,,2,1201.0,-1.09,1956.0,894.1,1651.5,894.1,-38.6,1257.43,1315.74,False,34.22,-33.154,-30.133,-3.021,1.32,-2,259
BEPL,Bhansali Engineering Polymers Limited,,2,124.0,-1.1,133.84,75.91,133.84,75.91,-7.35,126.72,106.18,True,46.48,0.729,1.509,-0.78,0.57,-4,259
DRAGARWQ,Dr Agarwals Eye Hospital Limited,,2,5129.5,-1.1,5422.5,5129.5,5422.5,5129.5,-5.4,5242.07,5308.7,False,41.85,,,,1.08,-2,30
MEIL,Mangal Electrical Industries Limited,,2,266.4,-1.1,485.05,208.54,377.65,208.54,-45.08,274.46,314.2,False,40.42,-3.57,-2.859,-0.711,0.83,-4,257
VINNY,Vinny Overseas Limited,,2,0.9,-1.1,1.41,0.9,1.41,0.9,-36.17,0.96,1.11,False,19.16,-0.035,-0.03,-0.005,1.02,-2,258
CPL,Captain Polyplast Limited,,2,62.16,-1.11,72.88,61.87,72.88,61.87,-14.71,63.95,69.18,False,40.71,-1.149,-1.175,0.026,0.19,-2,48
PNCINFRA,PNC Infratech Limited,,2,129.8,-1.11,293.98,129.8,257.82,129.8,-55.85,153.97,216.73,False,15.77,-18.571,-18.179,-0.391,0.45,-4,259
SUMMITSEC,Summit Securities Limited,,2,1322.6,-1.11,2426.5,1318.8,2013.4,1318.8,-45.49,1394.34,1612.06,False,29.2,-23.721,-18.336,-5.385,0.51,-2,258
TVSHLTD,TVS Holdings Limited,,2,12298.0,-1.11,15642.8,12298.0,15642.8,12298.0,-21.38,12883.33,13807.46,False,31.06,-355.017,-338.122,-16.895,1.3,-2,256
ARE&M,Amara Raja Energy & Mobility Ltd.,Automobile and Auto Components,1,766.3,-1.12,1004.74,668.44,970.25,668.44,-23.73,815.44,872.4,False,24.92,-28.657,-27.275,-1.382,0.81,-4,259
M&MFIN,Mahindra & Mahindra Financial Services Ltd.,Financial Services,1,328.05,-1.12,412.3,266.94,412.3,269.63,-20.43,351.15,335.62,False,28.02,-10.295,-7.772,-2.523,1.03,-6,259
IGARASHI,Igarashi Motors India Limited,,2,411.55,-1.12,538.87,272.65,493.8,272.65,-23.63,423.46,426.26,False,41.36,-4.095,-4.213,0.118,0.07,-2,259
ZODIACLOTH,Zodiac Clothing Company Limited,,2,68.23,-1.12,101.76,59.54,88.32,59.54,-32.95,70.47,79.17,False,31.36,-1.352,-1.405,0.053,0.48,-2,256
CUMMINSIND,Cummins India Ltd.,Capital Goods,1,4800.0,-1.13,5977.92,3800.06,5977.92,3878.35,-19.7,5015.71,5013.97,False,32.9,-91.426,-82.188,-9.238,2.19,-4,259
ETHOSLTD,Ethos Limited,,2,2489.8,-1.13,3196.4,2020.4,3069.7,2020.4,-22.11,2647.94,2585.7,False,31.94,-62.613,-43.227,-19.386,2.98,-4,257
BAJFINANCE,Bajaj Finance Ltd.,Financial Services,1,973.8,-1.14,1158.8,796.65,1158.8,796.65,-15.96,1022.07,998.08,False,36.22,-20.323,-15.674,-4.65,1.43,-2,259
FORCEMOT,Force Motors Ltd.,Automobile and Auto Components,1,16905.0,-1.14,25702.88,15259.59,25702.88,16905.0,-34.23,17413.93,18724.21,False,39.72,-176.829,-137.62,-39.208,1.27,-2,259
AXITA,Axita Cotton Limited,,2,7.81,-1.14,12.0,7.2,12.0,7.2,-34.92,7.91,8.01,False,43.57,0.062,0.099,-0.036,1.97,-3,258
SNOWMAN,Snowman Logistics Limited,,2,34.69,-1.14,53.95,30.7,44.37,30.7,-35.7,35.55,39.55,False,38.88,-0.659,-0.654,-0.005,1.01,-1,259
ASHOKLEY,Ashok Leyland Ltd.,Capital Goods,1,153.44,-1.15,208.37,131.36,208.37,138.58,-26.36,161.94,162.54,False,33.95,-3.483,-2.653,-0.83,1.3,-2,259
BALRAMCHIN,Balrampur Chini Mills Ltd.,Fast Moving Consumer Goods,1,672.9,-1.15,767.1,397.8,767.1,397.8,-12.28,676.49,570.26,True,49.84,2.551,5.636,-3.085,0.29,-2,259
EXIDEIND,Exide Industries Ltd.,Automobile and Auto Components,1,407.0,-1.15,490.65,286.53,490.65,286.53,-17.05,424.68,399.22,True,36.05,-6.109,-5.908,-0.201,1.01,-3,259
GLOSTERLTD,Gloster Limited,,2,539.25,-1.15,729.45,487.97,729.45,487.97,-26.07,577.96,618.72,False,26.34,-17.577,-15.123,-2.454,0.87,-4,257
INVENTURE,Inventure Growth & Securities Limited,,2,0.86,-1.15,1.52,0.83,1.22,0.83,-43.42,0.89,1.04,False,34.75,-0.012,-0.007,-0.005,1.61,-1,258
MAITHANALL,Maithan Alloys Limited,,2,928.2,-1.15,1153.15,818.58,1129.44,818.58,-19.51,991.16,1005.31,False,35.13,-13.426,-1.493,-11.932,0.24,-4,259
NILE,Nile Limited,,2,1264.7,-1.15,1544.4,1264.7,1544.4,1264.7,-18.11,1416.64,1506.05,False,15.52,,,,2.49,-7,31
RRIL,RRIL Limited,,2,15.48,-1.15,17.94,15.48,17.94,15.48,-13.71,16.2,17.55,False,34.52,,,,1.21,-3,30
JUBLPHARMA,Jubilant Pharmova Ltd.,Healthcare,1,1048.2,-1.16,1175.12,803.49,1081.5,803.49,-10.8,1018.51,976.61,True,62.13,34.871,32.716,2.156,3.52,-2,258
OLAELEC,Ola Electric Mobility Ltd.,Automobile and Auto Components,1,37.42,-1.16,57.08,22.8,47.34,22.8,-34.44,38.48,39.58,False,46.08,0.002,-0.056,0.058,1.23,-3,259
AVANCE,Avance Technologies Limited,,2,0.85,-1.16,0.9,0.78,0.9,0.78,-5.56,0.83,0.88,False,51.1,,,,1.14,-1,31
GMRP&UI,GMR Power and Urban Infra Limited,,2,100.72,-1.16,132.19,89.74,121.97,89.74,-23.81,96.69,104.13,False,60.62,1.379,0.244,1.136,0.86,-2,259
IKIO,IKIO Technologies Limited,,2,197.3,-1.16,231.73,107.33,231.73,107.33,-14.86,207.0,185.19,True,42.46,-0.859,1.295,-2.154,0.27,-2,259
TVTODAY,TV Today Network Limited,,2,103.84,-1.16,150.89,95.87,142.34,95.87,-31.18,108.24,119.42,False,33.64,-2.045,-1.879,-0.165,0.43,-3,258
CHAMBLFERT,Chambal Fertilizers & Chemicals Ltd.,Chemicals,1,413.55,-1.17,507.33,406.77,483.49,406.77,-18.49,418.57,447.44,False,39.12,-3.203,-4.153,0.95,1.4,-1,259
FISCHER,Fischer Medical Ventures Limited,,2,33.68,-1.17,117.53,31.16,45.61,31.16,-71.34,34.62,45.26,False,41.6,-0.777,-0.849,0.072,1.3,-2,259
INDIASHLTR,India Shelter Finance Corporation Limited,,2,639.75,-1.17,906.99,628.9,848.85,628.9,-29.46,661.7,749.64,False,38.6,-8.387,-7.941,-0.446,3.06,-2,256
MODTHREAD,Modern Threads (India) Limited,,2,47.19,-1.17,58.31,36.16,58.31,36.16,-19.07,49.53,48.05,False,40.43,-1.368,-0.867,-0.502,0.44,-1,257
RSL,Rajputana Stainless Limited,,2,165.45,-1.17,197.88,102.12,197.88,102.12,-16.39,178.73,140.16,True,39.69,2.127,5.515,-3.387,1.71,-2,135
AIIL,Authum Investment & Infrastructure Ltd.,Financial Services,1,541.8,-1.18,667.9,405.3,667.9,405.3,-18.88,544.49,536.39,True,49.22,2.342,0.538,1.804,0.32,-2,259
ENGINERSIN,Engineers India Ltd.,Construction,1,310.2,-1.18,315.65,162.02,315.65,162.02,-1.73,283.37,233.79,True,70.49,15.067,11.481,3.586,0.82,-2,259
AHLEAST,Asian Hotels (East) Limited,,2,134.54,-1.18,170.07,131.04,170.07,131.04,-20.89,136.4,146.36,False,42.38,-1.106,-1.413,0.306,0.12,-2,257
FAZE3Q,Faze Three Limited,,2,422.2,-1.18,621.85,349.8,621.85,349.8,-32.11,454.73,501.87,False,32.08,-22.619,-20.781,-1.837,0.55,-2,257
PHOENIXLTD,Phoenix Mills Ltd.,Realty,1,1929.0,-1.19,2151.15,1475.45,2151.15,1475.45,-10.33,1924.87,1834.52,True,50.95,8.814,0.527,8.287,1.03,-2,257
ZYDUSLIFE,Zydus Lifesciences Ltd.,Healthcare,1,1200.5,-1.19,1215.0,859.83,1215.0,859.83,-1.19,1161.28,1058.84,True,62.4,16.306,8.169,8.137,1.65,-1,259
ARCHIES,Archies Limited,,2,12.43,-1.19,21.69,11.08,18.88,11.08,-42.69,12.72,14.89,False,41.7,-0.246,-0.281,0.035,0.39,-1,256
ELPROINTL,Elpro International Limited,,2,170.47,-1.19,180.06,105.35,180.06,105.35,-5.33,172.86,148.78,True,37.11,-0.872,-0.697,-0.175,1.96,-1,113
ICIL,Indo Count Industries Limited,,2,434.95,-1.19,476.55,223.61,476.55,223.61,-8.73,441.94,358.76,True,48.48,4.426,6.067,-1.641,0.78,-4,259
TREEHOUSE,Tree House Education & Accessories Limited,,2,5.81,-1.19,10.11,5.81,10.11,5.81,-42.53,6.01,7.01,False,41.02,-0.082,-0.08,-0.002,1.01,-3,257
BHARTIHEXA,Bharti Hexacom Ltd.,Telecommunication,1,1409.4,-1.2,1893.47,1409.4,1821.56,1409.4,-25.57,1505.54,1566.86,False,31.7,-25.896,-16.229,-9.667,2.05,-5,259
UCOBANK,UCO Bank,Financial Services,1,23.05,-1.2,33.03,22.08,30.01,22.08,-30.21,24.02,26.4,False,29.6,-0.507,-0.51,0.003,1.07,-2,259
WELSPUNLIV,Welspun Living Ltd.,Textiles,1,225.21,-1.2,227.95,108.25,227.95,108.25,-1.2,212.33,159.08,True,72.6,10.316,9.963,0.353,0.43,-1,259
TVSELECT,TVS Electronics Limited,,2,374.3,-1.2,670.7,341.4,529.5,341.4,-44.19,402.75,458.61,False,19.15,-17.847,-16.902,-0.945,0.96,-2,257
ECOSMOBLTY,Ecos (India) Mobility & Hospitality Limited,,2,105.07,-1.21,251.38,102.71,225.14,102.71,-58.2,109.82,146.94,False,30.58,-2.781,-2.876,0.095,0.66,-2,258
KEI,KEI Industries Ltd.,Capital Goods,1,4461.0,-1.22,5873.0,3800.7,5873.0,3800.7,-24.04,4741.45,4867.21,False,33.79,-185.613,-194.13,8.518,0.98,-2,259
SHREECEM,Shree Cement Ltd.,Construction Materials,1,21900.0,-1.22,29847.61,21795.0,27767.82,21795.0,-26.63,22737.34,25345.49,False,34.06,-593.832,-653.953,60.122,11.51,-2,259
CLSEL,Chaman Lal Setia Exports Limited,,2,282.25,-1.22,315.8,203.16,315.8,203.16,-10.62,291.88,278.08,True,42.33,-0.537,1.072,-1.61,0.32,-2,256
TRU,TruCap Finance Limited,,2,4.06,-1.22,11.07,4.01,8.6,4.01,-63.32,4.17,6.05,False,41.28,-0.05,-0.063,0.013,0.6,-4,258
VIYASH,Viyash Scientific Limited,,2,238.05,-1.22,294.15,179.89,294.15,179.89,-19.07,251.18,239.78,False,35.39,-5.512,-4.353,-1.159,1.56,-4,259
ABCAPITAL,Aditya Birla Capital Ltd.,Financial Services,1,378.0,-1.23,424.7,289.85,424.7,292.25,-11.0,394.26,368.3,True,38.77,-4.231,-2.719,-1.512,1.78,-4,259
RBLBANK,RBL Bank Ltd.,Financial Services,1,402.0,-1.23,428.0,272.84,428.0,287.85,-6.07,407.28,352.0,True,48.62,5.341,7.049,-1.708,0.96,-2,259
ELANTAS,Elantas Beck India Limited,,2,13649.0,-1.23,14793.0,9028.6,14793.0,9028.6,-7.73,13505.77,10545.9,True,55.55,567.693,684.714,-117.021,0.32,-2,114
FEDFINA,Fedbank Financial Services Limited,,2,148.86,-1.23,176.39,120.82,176.39,120.82,-15.61,153.82,150.98,False,39.48,-1.424,-0.617,-0.807,1.23,-4,258
AWFIS,Awfis Space Solutions Limited,,2,247.1,-1.24,629.6,230.65,523.25,230.65,-60.75,263.67,338.82,False,38.93,-3.591,-1.608,-1.982,0.28,-4,259
JAYSREETEA,Jayshree Tea & Industries Limited,,2,85.75,-1.24,106.57,72.02,106.57,72.02,-19.54,90.84,89.25,False,35.61,-1.804,-0.945,-0.859,0.81,-2,257
JOCIL,Jocil Limited,,2,145.17,-1.24,164.29,91.55,164.29,91.55,-11.64,147.33,140.86,True,46.86,-0.264,0.178,-0.442,0.09,-2,256
NDGL,Naga Dhunseri Group Limited,,2,2478.1,-1.24,3991.5,2183.88,2956.8,2183.88,-37.92,2634.58,2812.78,False,26.41,-61.299,-42.211,-19.088,0.63,-5,256
TVSSRICHAK,TVS Srichakra Limited,,2,4435.0,-1.24,5485.09,3153.17,5485.09,3188.01,-19.14,4752.98,4161.14,True,39.68,-80.808,8.266,-89.073,0.53,-2,258
DIVISLAB,Divi's Laboratories Ltd.,Healthcare,1,9431.0,-1.25,9624.0,5666.13,9624.0,5797.09,-2.01,9329.4,7398.2,True,58.55,216.134,248.098,-31.964,1.38,-2,258
RIIL,Reliance Industrial Infrastructure Limited,,2,677.05,-1.25,929.47,621.57,877.75,621.57,-27.16,712.0,770.82,False,29.63,-15.704,-13.497,-2.207,0.87,-4,258
ESCORTS,Escorts Kubota Ltd.,Capital Goods,1,2706.2,-1.26,3898.11,2694.21,3898.11,2694.21,-30.58,2859.6,3119.8,False,29.04,-66.233,-55.186,-11.048,0.61,-2,259
MSUMI,Motherson Sumi Wiring India Ltd.,Automobile and Auto Components,1,34.36,-1.26,51.31,34.29,51.31,34.29,-33.03,35.79,40.11,False,32.06,-0.988,-0.96,-0.028,0.74,-1,259
GARUDA,Garuda Construction and Engineering Limited,,2,176.56,-1.26,242.37,132.77,205.79,132.77,-27.15,178.64,180.73,False,46.93,-0.3,-0.2,-0.1,0.27,-1,258
MKPL,M K Proteins Limited,,2,3.92,-1.26,7.15,3.87,6.1,3.87,-45.17,4.02,4.95,False,37.97,-0.045,-0.05,0.004,1.42,-2,257
SIL,Standard Industries Limited,,2,16.42,-1.26,20.91,11.64,20.91,11.64,-21.47,17.3,16.63,False,38.83,-0.567,-0.468,-0.099,0.66,-4,257
IDBI,IDBI Bank Ltd.,Financial Services,1,83.32,-1.27,116.01,61.5,116.01,61.5,-28.18,84.23,86.01,False,45.74,-0.695,-0.678,-0.017,0.49,-2,259
PAISALO,Paisalo Digital Limited,,2,78.59,-1.27,93.43,30.93,93.43,30.93,-15.88,82.76,58.59,True,45.37,3.503,4.53,-1.028,0.43,-5,259
PAKKA,PAKKA LIMITED,,2,72.83,-1.27,157.78,69.97,110.0,69.97,-53.84,76.27,91.48,False,39.12,-0.763,-0.356,-0.407,0.88,-4,258
BALKRISIND,Balkrishna Industries Ltd.,Automobile and Auto Components,1,2126.2,-1.28,2706.88,1967.16,2706.88,1967.16,-21.45,2209.45,2274.28,False,37.05,-37.703,-34.093,-3.61,0.6,-2,258
MEDANTA,Global Health Ltd.,Healthcare,1,1415.1,-1.28,1508.9,960.76,1508.9,960.76,-6.22,1456.74,1308.05,True,44.47,9.115,13.894,-4.779,0.83,-3,257
DATAPATTNS,Data Patterns (India) Ltd.,Capital Goods,1,4221.6,-1.29,4932.3,2177.75,4932.3,2177.75,-14.41,4480.79,3942.16,True,37.2,-72.715,-31.706,-41.009,0.62,-2,259
SAIL,Steel Authority of India Ltd.,Metals & Mining,1,181.82,-1.29,206.06,125.91,206.06,125.91,-11.76,181.73,169.01,True,50.52,0.269,0.241,0.028,1.37,-2,259
AURIONPRO,Aurionpro Solutions Limited,,2,634.2,-1.29,1212.78,634.2,1163.6,634.2,-47.71,678.73,844.85,False,30.95,-14.933,-12.867,-2.066,0.92,-4,259
STERTOOLS,Sterling Tools Limited,,2,221.24,-1.29,316.83,159.1,282.56,159.1,-30.17,221.87,238.97,False,49.09,0.79,-0.955,1.746,1.28,-2,251
VAISHALI,Vaishali Pharma Limited,,2,8.39,-1.29,12.04,4.88,9.44,4.88,-30.32,8.46,8.24,True,49.71,0.097,0.133,-0.036,1.37,-2,256
VARROC,Varroc Engineering Limited,,2,837.4,-1.29,884.4,466.45,884.4,466.45,-5.31,842.15,674.6,True,50.9,10.234,16.514,-6.28,0.99,-1,258
RELIANCE,Reliance Industries Ltd.,Oil Gas & Consumable Fuels,1,1182.0,-1.3,1584.97,1182.0,1584.97,1182.0,-25.42,1245.85,1338.64,False,29.16,-24.739,-18.766,-5.973,2.12,-2,259
CINEVISTA,Cinevista Limited,,2,13.64,-1.3,21.46,13.11,18.31,13.11,-36.44,14.14,15.51,False,34.93,-0.176,-0.159,-0.017,0.58,-3,257
SULA,Sula Vineyards Limited,,2,131.77,-1.3,260.8,131.77,224.65,131.77,-49.47,138.2,170.98,False,29.59,-3.915,-3.877,-0.038,0.43,-4,259
ITL,ITL Industries Limited,,2,353.0,-1.31,372.6,317.85,372.6,317.85,-5.26,359.22,330.2,True,53.32,,,,1.52,-5,30
SWELECTES,Swelect Energy Systems Limited,,2,582.65,-1.31,928.84,493.57,694.06,493.57,-37.27,577.61,633.34,False,50.34,-5.955,-10.802,4.847,0.33,-1,257
NATHBIOGEN,Nath Bio-Genes (India) Limited,,2,142.22,-1.32,193.44,127.33,193.44,127.33,-26.48,148.71,156.66,False,34.61,-2.036,-1.762,-0.274,0.32,-3,257
INDGN,Indegene Ltd.,Healthcare,1,605.15,-1.33,613.3,421.65,613.3,421.65,-1.33,591.84,536.03,True,60.59,9.923,9.296,0.627,3.52,-1,259
JIOFIN,Jio Financial Services Ltd.,Financial Services,1,217.56,-1.33,314.16,217.56,302.79,217.56,-30.75,229.77,251.75,False,26.82,-4.711,-4.067,-0.644,1.53,-4,259
BECTORFOOD,Mrs. Bectors Food Specialities Limited,,2,208.7,-1.33,275.08,166.68,268.79,166.68,-24.13,223.15,216.53,False,34.77,-4.861,-2.317,-2.544,0.44,-4,259
SINCLAIR,Sinclairs Hotels Limited,,2,77.43,-1.33,98.42,69.86,84.55,69.86,-21.33,79.73,79.79,False,43.54,0.342,0.947,-0.605,0.46,-4,257
CHOLAHLDNG,Cholamandalam Financial Holdings Ltd.,Financial Services,1,1371.8,-1.34,2013.21,1349.83,1924.28,1349.83,-31.86,1472.23,1620.77,False,23.08,-37.226,-24.717,-12.509,2.82,-4,259
FACT,Fertilisers and Chemicals Travancore Ltd.,Chemicals,1,757.2,-1.34,997.8,662.1,997.8,662.1,-24.11,783.65,847.24,False,37.91,-11.036,-10.97,-0.066,3.49,-2,259
AROGRANITE,Aro Granite Industries Limited,,2,22.81,-1.34,38.85,19.04,33.18,19.04,-41.29,23.76,27.06,False,38.59,-0.39,-0.397,0.007,0.16,-2,256
SPAL,S. P. Apparels Limited,,2,935.8,-1.34,1175.27,607.13,1175.27,607.13,-20.38,985.99,888.12,True,38.04,-12.933,-5.06,-7.873,0.43,-4,258
TANLA,Tanla Platforms Limited,,2,490.65,-1.34,709.25,373.26,632.1,373.26,-30.82,505.69,540.47,False,38.62,-15.193,-17.308,2.114,0.73,-1,259
TRIVENI,Triveni Engineering & Industries Limited,,2,239.15,-1.34,475.05,220.52,475.05,220.52,-49.66,252.71,337.12,False,36.64,-11.725,-12.122,0.397,1.09,-2,258
UTTAMSUGAR,Uttam Sugar Mills Limited,,2,290.8,-1.34,333.24,185.72,333.24,185.72,-12.74,276.02,250.94,True,57.56,0.979,-1.278,2.257,0.52,-1,259
IDFCFIRSTB,IDFC First Bank Ltd.,Financial Services,1,79.46,-1.35,87.9,58.68,87.9,58.68,-9.6,84.48,78.49,True,32.88,-0.706,0.052,-0.758,1.63,-2,259
NUCLEUS,Nucleus Software Exports Limited,,2,652.55,-1.35,1020.55,652.55,920.73,652.55,-36.06,692.09,786.39,False,21.61,-15.814,-11.612,-4.202,1.29,-2,257
PRAJIND,Praj Industries Limited,,2,307.75,-1.35,410.79,273.02,410.79,273.02,-25.08,321.09,338.76,False,34.78,-6.187,-5.081,-1.106,0.87,-4,259
VLEGOV,VL E-Governance & IT Solutions Limited,,2,10.2,-1.35,29.7,8.61,21.06,8.61,-65.66,10.34,14.76,False,46.85,-0.053,-0.071,0.018,0.5,-2,258
BFUTILITIE,BF Utilities Limited,,2,508.9,-1.36,815.75,371.7,708.0,371.7,-37.62,527.11,577.64,False,39.79,-5.455,-4.57,-0.885,0.22,-4,259
REFEX,Refex Industries Limited,,2,272.05,-1.36,372.96,188.51,363.29,188.51,-27.06,280.3,291.78,False,42.17,-2.916,-4.138,1.222,0.27,-2,258
TORNTPOWER,Torrent Power Ltd.,Power,1,1220.2,-1.37,1766.38,1183.59,1766.38,1215.1,-30.92,1263.47,1365.95,False,35.23,-15.931,-13.006,-2.924,0.55,-2,259
GTPL,GTPL Hathway Limited,,2,54.11,-1.37,105.34,50.71,99.55,50.71,-48.63,55.3,67.2,False,44.39,-0.055,0.057,-0.113,0.27,-2,259
LAGNAM,Lagnam Spintex Limited,,2,72.02,-1.37,90.38,59.73,90.38,59.73,-20.31,74.24,78.08,False,38.37,-1.206,-1.525,0.319,1.74,-2,256
OMINFRAL,OM INFRA LIMITED,,2,77.67,-1.37,133.35,72.71,102.16,72.71,-41.75,80.06,89.06,False,33.9,-1.529,-1.537,0.009,0.65,-2,258
RANASUG,Rana Sugars Limited,,2,13.67,-1.37,15.92,10.64,15.92,10.64,-14.13,14.3,13.27,True,40.77,-0.062,0.105,-0.167,0.24,-2,259
WORTHPERI,Worth Peripherals Limited,,2,144.85,-1.37,163.08,115.77,162.08,115.77,-11.18,148.59,143.17,True,42.73,-1.331,-0.792,-0.539,2.84,-1,256
YASHO,Yasho Industries Limited,,2,4061.3,-1.37,4915.8,1165.51,4915.8,1165.51,-17.38,4079.06,2782.21,True,50.03,13.935,16.521,-2.586,0.61,-2,257
BLUEJET,Blue Jet Healthcare Ltd.,Healthcare,1,549.6,-1.38,680.93,326.57,624.94,326.57,-19.29,571.9,537.92,True,37.18,-4.268,-2.643,-1.625,1.86,-5,259
ERIS,Eris Lifesciences Ltd.,Healthcare,1,1219.3,-1.38,1692.22,1219.3,1582.11,1219.3,-27.95,1292.13,1401.01,False,25.76,-26.57,-18.743,-7.826,9.39,-3,257
JBMA,JBM Auto Ltd.,Automobile and Auto Components,1,563.15,-1.38,727.09,485.53,727.09,485.53,-22.55,600.08,636.92,False,29.8,-15.604,-13.122,-2.482,0.83,-4,259
CERA,Cera Sanitaryware Limited,,2,5124.5,-1.38,6585.47,4472.66,6585.47,4472.66,-22.18,5531.84,5699.56,False,22.3,-143.445,-108.004,-35.441,0.89,-4,258
EXPLEOSOL,Expleo Solutions Limited,,2,858.3,-1.38,982.79,568.41,934.55,568.41,-12.67,874.42,805.63,True,45.92,4.673,10.021,-5.348,0.21,-2,257
LOTUSEYE,Lotus Eye Hospital and Institute Limited,,2,113.2,-1.38,141.38,98.22,141.38,98.22,-19.93,113.57,116.4,False,48.48,0.064,-0.326,0.39,1.28,-2,256
ROUTE,ROUTE MOBILE LIMITED,,2,447.2,-1.38,781.5,410.96,717.94,410.96,-42.78,478.63,556.03,False,30.2,-15.008,-12.344,-2.663,0.43,-4,259
SERVOTECH,Servotech Renewable Power System Limited,,2,71.34,-1.38,132.67,58.82,112.21,58.82,-46.23,74.51,89.82,False,31.68,-3.129,-3.23,0.101,1.89,-1,259
DABUR,Dabur India Ltd.,Fast Moving Consumer Goods,1,380.4,-1.39,518.62,371.55,518.62,371.55,-26.65,385.75,436.89,False,41.0,-2.922,-4.26,1.338,2.65,-1,259
PFIZER,Pfizer Ltd.,Healthcare,1,3912.9,-1.39,5441.22,3912.9,5114.82,3912.9,-28.09,4163.25,4642.66,False,20.76,-181.221,-181.533,0.312,2.91,-3,258
CENTRUM,Centrum Capital Limited,,2,20.56,-1.39,34.94,20.38,31.32,20.38,-41.16,21.82,25.3,False,31.54,-0.644,-0.566,-0.078,2.17,-2,259
KOTHARIPRO,Kothari Products Limited,,2,65.09,-1.39,96.75,58.25,76.27,58.25,-32.72,66.15,71.62,False,45.36,-0.4,-0.607,0.207,0.25,-2,258
GAIL,GAIL (India) Ltd.,Oil Gas & Consumable Fuels,1,170.04,-1.4,180.91,135.01,180.91,135.01,-6.01,172.75,168.94,True,42.15,-0.438,-0.237,-0.202,2.06,-3,259
LTFOODS,LT Foods Ltd.,Fast Moving Consumer Goods,1,402.8,-1.4,457.91,335.55,457.91,335.55,-12.04,425.02,410.55,False,36.6,-3.923,-0.086,-3.836,0.79,-4,259
ZENTEC,Zen Technologies Ltd.,Capital Goods,1,1619.8,-1.4,1995.95,1227.46,1995.95,1227.46,-18.85,1704.28,1653.6,False,34.48,-41.756,-34.957,-6.8,1.09,-2,259
APOLLO,Apollo Micro Systems Limited,,2,402.6,-1.4,449.77,182.05,449.77,182.05,-10.49,396.73,350.65,True,52.96,1.968,1.038,0.93,0.75,-1,259
DISAQ,Disa India Limited,,2,11804.0,-1.4,12358.56,10913.12,12358.56,10913.12,-4.49,11915.37,11924.42,False,47.4,19.508,27.393,-7.885,1.35,-1,112
HINDALUMI,Hind Aluminium Industries Limited,,2,90.15,-1.4,100.16,90.15,100.16,90.15,-9.99,94.42,98.17,False,27.09,,,,0.97,-5,31
RPPINFRA,R.P.P. Infra Projects Limited,,2,50.8,-1.4,132.82,50.8,107.11,50.8,-61.75,54.9,74.83,False,36.31,-1.523,-1.168,-0.355,0.21,-4,257
SURYALA,Suryalata Spinning Mills Limited,,2,376.65,-1.4,421.4,376.65,421.4,376.65,-10.62,391.15,385.53,False,43.31,,,,0.26,-4,31
VINATIORGA,Vinati Organics Limited,,2,1174.3,-1.4,1775.06,1174.3,1613.06,1174.3,-33.84,1243.51,1375.33,False,27.57,-32.4,-24.224,-8.176,1.11,-2,259
AARTIIND,Aarti Industries Ltd.,Chemicals,1,469.9,-1.41,542.07,339.33,542.07,339.33,-13.31,491.46,462.1,True,37.01,-7.306,-5.833,-1.473,0.77,-6,259
DMART,Avenue Supermarts Ltd.,Consumer Services,1,3750.0,-1.41,4628.5,3646.3,4628.5,3646.3,-18.98,3785.86,4060.57,False,44.34,-22.679,-38.087,15.408,1.61,-2,259
DEEPAKNTR,Deepak Nitrite Ltd.,Chemicals,1,1529.0,-1.41,1867.37,1280.95,1867.37,1280.95,-18.12,1616.82,1662.4,False,32.42,-37.661,-32.469,-5.192,0.81,-4,258
ENTERO,Entero Healthcare Solutions Limited,,2,1764.9,-1.41,1898.4,949.2,1898.4,949.2,-7.03,1761.2,1324.58,True,54.51,62.738,81.773,-19.035,0.52,-3,257
GRAUWEIL,Grauer & Weil India Limited,,2,82.78,-1.41,114.8,63.05,114.8,63.05,-27.89,79.53,86.51,False,59.07,3.911,3.28,0.631,0.27,-2,120
LGHL,Laxmi Goldorna House Limited,,2,178.72,-1.41,388.42,172.23,332.55,172.23,-53.99,181.05,237.64,False,45.49,-1.668,-2.326,0.658,0.46,-2,257
AVANTEL,Avantel Limited,,2,149.22,-1.42,211.39,118.14,183.76,118.14,-29.41,152.24,160.48,False,43.89,-2.434,-3.001,0.567,0.71,-2,259
DIAMONDYD,Prataap Snacks Limited,,2,1051.1,-1.42,1226.84,878.8,1226.84,878.8,-14.32,1102.3,1095.89,False,24.46,-24.921,-20.28,-4.641,2.2,-2,256
HGINFRA,H.G. Infra Engineering Limited,,2,438.25,-1.42,957.34,429.92,806.54,429.92,-54.22,465.6,601.32,False,31.49,-16.636,-16.356,-0.281,0.24,-3,259
BEML,BEML Ltd.,Capital Goods,1,1966.6,-1.43,2216.28,1359.58,2122.5,1359.58,-11.27,2015.65,1864.29,True,46.2,24.584,38.559,-13.976,0.5,-5,259
ASHOKAMET,Ashoka Metcast Limited,,2,15.15,-1.43,17.2,12.23,17.2,12.23,-11.92,14.95,15.22,False,53.06,0.316,0.301,0.015,0.17,-3,258
KOTHARIPET,Kothari Petrochemicals Limited,,2,128.97,-1.43,150.94,94.44,150.63,94.44,-14.56,134.42,131.8,False,41.72,-1.055,-0.424,-0.632,0.57,-4,256
NITIRAJ,Nitiraj Engineers Limited,,2,215.74,-1.43,234.07,171.85,234.07,171.85,-7.83,221.66,205.13,True,45.24,2.826,4.819,-1.993,0.35,-1,256
SAKSOFT,Saksoft Limited,,2,139.78,-1.43,218.64,109.33,206.03,109.33,-36.07,146.86,162.36,False,35.58,-4.656,-4.792,0.136,0.74,-1,259
SARVESHWAR,Sarveshwar Foods Limited,,2,3.44,-1.43,6.28,2.51,4.73,2.51,-45.22,3.63,4.01,False,39.5,-0.001,0.046,-0.047,0.51,-7,259
AEGISVOPAK,Aegis Vopak Terminals Ltd.,Oil Gas & Consumable Fuels,1,294.25,-1.44,318.3,161.53,318.3,161.53,-7.56,294.57,251.06,True,51.4,4.555,6.088,-1.533,0.44,-1,259
CONCOR,Container Corporation of India Ltd.,Services,1,443.5,-1.44,544.64,421.62,532.59,421.62,-18.57,480.72,496.53,False,27.69,-13.868,-8.784,-5.084,1.48,-3,259
EIDPARRY,E.I.D. Parry (India) Ltd.,Fast Moving Consumer Goods,1,696.25,-1.44,1089.8,689.55,1068.7,689.55,-36.11,723.13,825.83,False,33.59,-21.632,-20.782,-0.85,0.84,-1,258
APOLLOPIPE,Apollo Pipes Limited,,2,513.7,-1.44,663.75,254.1,663.75,254.1,-22.61,541.17,471.73,True,38.74,-14.892,-9.556,-5.336,1.49,-1,259
CAPILLARY,Capillary Technologies India Limited,,2,568.05,-1.44,732.15,448.95,703.4,448.95,-22.41,521.03,535.78,True,64.23,19.675,6.409,13.266,0.33,-2,216
INDRAMEDCO,Indraprastha Medical Corporation Limited,,2,354.8,-1.44,615.95,345.66,483.87,345.66,-42.4,360.56,392.87,False,44.78,0.244,-0.514,0.759,1.93,-4,259
SAILIFE,Sai Life Sciences Ltd.,Healthcare,1,1559.9,-1.45,1675.4,795.0,1675.4,795.0,-6.89,1566.38,1219.02,True,52.22,30.032,39.824,-9.793,0.46,-4,259
HEXT,Hexaware Technologies Ltd.,Information Technology,1,482.1,-1.46,777.85,399.45,777.85,399.45,-38.02,512.07,558.53,False,28.96,-13.784,-11.738,-2.046,0.49,-8,258
SAGCEM,Sagar Cements Limited,,2,147.45,-1.46,259.95,146.25,218.15,146.25,-43.28,153.05,184.09,False,33.21,-3.677,-4.291,0.614,0.49,-2,257
SAIPARENT,Sai Parenterals Limited,,2,502.5,-1.46,623.8,405.7,623.8,405.7,-19.45,514.68,495.34,True,38.35,-8.024,-8.153,0.129,1.19,-1,126
INDIAMART,Indiamart Intermesh Ltd.,Consumer Services,1,1612.9,-1.47,2434.2,1612.9,2224.75,1612.9,-33.74,1669.5,1948.02,False,34.16,-33.551,-32.661,-0.89,0.62,-2,259
TRITURBINE,Triveni Turbine Ltd.,Capital Goods,1,543.55,-1.47,738.94,433.75,738.94,433.75,-26.44,560.53,573.93,False,39.88,-9.516,-9.76,0.244,1.38,-2,259
EMSLIMITED,EMS Limited,,2,337.5,-1.47,567.55,256.69,456.26,256.69,-40.53,365.56,389.27,False,29.08,-9.869,-6.905,-2.965,0.18,-4,259
GHCL,GHCL Limited,,2,404.55,-1.47,639.31,404.55,560.39,404.55,-36.72,422.35,465.15,False,24.14,-5.768,-4.38,-1.389,5.1,-4,259
GNFC,Gujarat Narmada Valley Fertilizers and Chemicals Limited,,2,611.5,-1.47,630.3,353.39,630.3,353.39,-2.98,589.04,507.82,True,63.03,18.743,15.026,3.717,0.46,-2,259
GPTHEALTH,GPT Healthcare Limited,,2,153.8,-1.47,170.49,114.28,170.49,114.28,-9.79,159.33,147.74,True,39.72,0.708,1.554,-0.845,0.38,-3,256
MANGLMCEM,Mangalam Cement Limited,,2,985.8,-1.47,1098.2,683.86,1098.2,735.48,-10.23,1019.24,901.64,True,41.98,0.361,7.686,-7.325,0.64,-4,257
VERTOZ,Vertoz Limited,,2,35.64,-1.47,74.97,28.12,74.97,28.12,-52.46,37.08,46.64,False,37.19,-0.39,-0.14,-0.25,0.94,-9,257
FEDERALBNK,Federal Bank Ltd.,Financial Services,1,320.2,-1.48,370.43,189.43,370.43,246.01,-13.56,335.02,305.07,True,31.02,-6.58,-4.791,-1.789,1.76,-1,259
AGI,AGI Greenpac Limited,,2,792.9,-1.48,877.92,464.25,845.7,464.25,-9.68,778.31,695.92,True,55.7,21.703,19.65,2.053,0.48,-1,258
GICHSGFIN,GIC Housing Finance Limited,,2,133.71,-1.48,175.07,127.77,175.07,127.77,-23.62,138.03,149.82,False,35.09,-1.607,-1.608,0.001,1.55,-4,258
GLOBALE,Globale Tessile Limited,,2,10.64,-1.48,14.2,10.08,14.2,10.08,-25.07,11.07,11.89,False,42.73,-0.124,-0.049,-0.075,1.29,-1,258
GREENLAM,Greenlam Industries Limited,,2,214.3,-1.48,273.7,202.03,273.7,202.03,-21.7,230.78,242.82,False,27.34,-7.025,-5.763,-1.262,1.51,-4,257
NFL,National Fertilizers Limited,,2,64.79,-1.48,94.62,63.55,90.29,63.55,-31.53,67.43,75.1,False,27.31,-1.073,-0.912,-0.161,1.64,-4,259
ROLEXRINGS,Rolex Rings Limited,,2,190.58,-1.48,195.35,100.44,195.35,111.0,-2.44,178.92,149.64,True,65.44,5.05,3.225,1.825,1.2,-2,259
IOC,Indian Oil Corporation Ltd.,Oil Gas & Consumable Fuels,1,131.33,-1.49,183.5,130.65,183.5,130.65,-28.43,135.62,142.54,False,36.45,-0.912,-0.717,-0.195,1.4,-4,259
ASHOKA,Ashoka Buildcon Limited,,2,108.53,-1.49,211.59,102.13,175.52,102.13,-48.71,112.66,133.47,False,35.86,-1.526,-1.439,-0.088,0.9,-2,259
GODREJCP,Godrej Consumer Products Ltd.,Fast Moving Consumer Goods,1,855.0,-1.5,1235.57,855.0,1235.57,855.0,-30.8,881.19,1030.74,False,33.5,-18.48,-22.854,4.374,1.0,-2,259
ZFCVINDIA,ZF Commercial Vehicle Control Systems India Ltd.,Automobile and Auto Components,1,2297.8,-1.5,2681.35,2067.08,2681.35,2194.7,-14.3,2425.73,2431.1,False,27.9,-58.346,-41.581,-16.765,0.92,-2,259
AGARIND,Agarwal Industrial Corporation Limited,,2,391.2,-1.5,955.54,359.68,748.12,359.68,-59.06,419.58,542.41,False,24.47,-19.449,-19.043,-0.405,0.64,-4,257
PARKHOTELS,Apeejay Surrendra Park Hotels Limited,,2,102.02,-1.5,153.94,95.77,137.9,95.77,-33.73,107.75,122.08,False,27.45,-2.952,-2.722,-0.23,1.99,-5,259
PONNIERODE,Ponni Sugars (Erode) Limited,,2,384.15,-1.5,421.85,252.56,421.85,252.56,-8.94,374.83,320.7,True,55.01,4.431,2.868,1.563,0.4,-2,257
360ONE,360 ONE WAM Ltd.,Financial Services,1,1029.2,-1.51,1210.0,923.89,1210.0,923.89,-14.94,1088.99,1106.99,False,32.33,-25.628,-22.529,-3.098,2.76,-4,258
HDFCLIFE,HDFC Life Insurance Company Ltd.,Financial Services,1,523.55,-1.51,784.75,514.0,775.09,514.0,-33.28,538.46,609.17,False,42.63,-2.108,-1.119,-0.988,1.66,-1,259
BAIDFIN,Baid Finserv Limited,,2,10.45,-1.51,12.35,9.01,12.35,9.01,-15.38,10.55,10.44,True,49.57,0.118,0.183,-0.065,0.44,-2,256
EASEMYTRIP,Easy Trip Planners Limited,,2,5.88,-1.51,9.63,5.76,9.63,5.76,-38.94,5.93,7.06,False,44.33,-0.089,-0.124,0.036,0.52,-1,259
GOYALALUM,Goyal Aluminiums Limited,,2,5.88,-1.51,10.34,5.44,10.34,5.44,-43.13,6.04,6.7,False,38.22,-0.118,-0.122,0.004,0.76,-1,256
KAMDHENU,Kamdhenu Limited,,2,38.41,-1.51,42.48,17.11,42.48,17.11,-9.58,38.94,30.08,True,50.45,1.11,1.4,-0.29,0.77,-6,256
LFIC,Lakshmi Finance & Industrial Corporation Limited,,2,129.51,-1.51,213.5,110.38,180.39,110.38,-39.34,133.96,147.15,False,42.49,-1.192,-0.898,-0.294,0.08,-3,257
ZEEMEDIA,Zee Media Corporation Limited,,2,7.18,-1.51,11.57,6.65,10.06,6.65,-37.94,7.62,8.57,False,35.89,-0.25,-0.237,-0.014,0.6,-2,258
MOTILALOFS,Motilal Oswal Financial Services Ltd.,Financial Services,1,996.2,-1.52,1082.56,628.2,1055.0,628.2,-7.98,1008.34,906.48,True,48.49,8.887,13.03,-4.144,1.11,-2,259
ADVANIHOTR,Advani Hotels & Resorts (India) Limited,,2,47.4,-1.52,60.16,46.4,60.16,46.4,-21.21,48.35,52.2,False,36.48,-0.628,-0.66,0.032,1.21,-1,258
DDEVPLSTIK,Ddev Plastiks Industries Limited,,2,248.75,-1.52,345.97,188.42,309.08,188.42,-28.1,259.88,272.76,False,34.1,-5.206,-5.031,-0.175,1.14,-4,258
RACE,Race Eco Chain Limited,,2,119.85,-1.52,233.12,86.05,150.72,86.05,-48.59,108.47,125.43,False,66.96,4.508,1.808,2.7,0.46,-1,256
RACLGEAR,RACL Geartech Limited,,2,1588.6,-1.52,1852.4,957.85,1852.4,957.85,-14.24,1652.92,1337.54,True,46.15,41.59,66.419,-24.83,0.36,-2,258
BAJAJHFL,Bajaj Housing Finance Ltd.,Financial Services,1,81.26,-1.53,111.77,73.09,97.45,73.09,-27.3,83.41,89.12,False,37.26,-0.556,-0.414,-0.142,0.99,-2,259
ATL,Allcargo Terminals Limited,,2,24.47,-1.53,38.07,18.68,28.64,18.68,-35.72,24.88,25.51,False,47.5,0.025,0.038,-0.013,0.62,-2,258
BAJAJELEC,Bajaj Electricals Limited,,2,309.85,-1.53,549.99,301.04,481.02,301.04,-43.66,326.57,376.63,False,33.15,-6.27,-4.724,-1.546,3.06,-4,259
SAFARI,Safari Industries (India) Limited,,2,1430.9,-1.53,2489.54,1365.92,2319.15,1365.92,-42.52,1493.3,1683.74,False,31.7,-17.528,-9.791,-7.737,0.78,-5,256
SUPREMEIND,Supreme Industries Ltd.,Capital Goods,1,3445.8,-1.54,4222.04,3157.8,4024.14,3157.8,-18.39,3476.83,3608.06,False,47.75,-8.777,-14.011,5.234,0.84,-2,259
SHAKTIPUMP,Shakti Pumps (India) Limited,,2,458.0,-1.54,821.96,458.0,778.95,458.0,-44.28,474.65,567.62,False,37.15,-8.938,-9.191,0.253,0.24,-4,259
TIPSMUSIC,Tips Music Limited,,2,647.2,-1.54,713.75,479.96,713.75,490.9,-9.32,657.67,624.44,True,43.88,0.568,0.42,0.147,1.13,-2,259
NCC,NCC Ltd.,Construction,1,128.27,-1.55,210.77,128.27,167.62,128.27,-39.14,137.24,152.76,False,29.39,-3.554,-2.386,-1.167,8.53,-4,259
ENERGYDEV,Energy Development Company Limited,,2,14.6,-1.55,27.37,13.15,20.42,13.15,-46.66,15.04,16.9,False,39.27,-0.346,-0.408,0.062,0.76,-2,256
MVGJL,Manoj Vaibhav Gems N Jewellers Limited,,2,212.6,-1.55,224.38,131.97,224.38,131.97,-5.25,203.56,173.5,True,60.06,12.775,13.147,-0.372,0.21,-2,257
GRMOVER,GRM Overseas Limited,,2,78.76,-1.56,171.12,78.76,171.12,78.76,-53.97,82.85,116.46,False,33.56,-2.402,-2.21,-0.192,0.77,-2,259
WEL,Wonder Electricals Limited,,2,72.57,-1.56,179.61,69.18,171.18,69.18,-59.6,81.08,113.77,False,36.34,-9.046,-10.621,1.575,0.23,-2,258
AVL,Aditya Vision Limited,,2,585.8,-1.57,667.13,443.26,667.13,443.26,-12.19,613.31,572.42,True,37.05,-0.345,2.643,-2.987,0.44,-3,258
NEPHROPLUS,Nephrocare Health Services Limited,,2,663.4,-1.57,765.35,449.15,765.35,449.15,-13.32,714.42,623.63,True,34.44,-2.03,8.15,-10.181,0.85,-6,197
WEBELSOLAR,Websol Energy System Limited,,2,70.62,-1.57,134.83,51.72,121.8,51.72,-47.62,74.49,92.54,False,33.93,-2.874,-3.31,0.436,0.94,-3,259
LAURUSLABS,Laurus Labs Ltd.,Healthcare,1,1979.0,-1.58,2034.0,839.42,2034.0,943.96,-2.7,1956.87,1458.42,True,57.65,46.129,48.619,-2.491,1.46,-1,259
M&M,Mahindra & Mahindra Ltd.,Automobile and Auto Components,1,2947.8,-1.58,3762.88,2900.64,3762.88,2900.64,-21.66,3089.38,3258.99,False,28.15,-76.931,-70.492,-6.439,1.71,-2,259
NHPC,NHPC Ltd.,Power,1,73.32,-1.58,85.26,71.93,85.15,71.93,-14.0,75.82,78.08,False,34.24,-0.494,-0.323,-0.171,1.15,-4,259
ARDEE,Ardee Industries Limited,,2,51.17,-1.58,67.12,47.42,67.12,47.42,-23.76,52.54,63.58,False,40.65,-2.266,-2.85,0.584,0.63,-1,35
DBCORP,D.B.Corp Limited,,2,175.73,-1.58,261.27,175.73,254.58,175.73,-32.74,186.92,212.22,False,21.44,-6.082,-5.472,-0.61,1.58,-2,258
GENESYS,Genesys International Corporation Limited,,2,277.68,-1.58,578.0,170.85,455.0,170.85,-51.96,271.68,308.93,False,55.39,11.956,13.392,-1.436,0.12,-2,259
INSECTICID,Insecticides (India) Limited,,2,588.9,-1.58,767.15,528.4,765.1,528.4,-23.24,604.11,658.11,False,40.51,-4.879,-4.742,-0.137,0.68,-5,257
MOREPENLAB,Morepen Laboratories Limited,,2,118.8,-1.58,122.35,33.62,122.35,33.62,-2.9,114.38,66.78,True,59.94,6.912,8.208,-1.297,0.71,-1,259
DLF,DLF Ltd.,Realty,1,653.0,-1.59,769.83,497.85,702.53,497.85,-15.18,661.09,647.59,True,46.8,0.269,-1.045,1.314,1.27,-2,259
GRASIM,Grasim Industries Ltd.,Construction Materials,1,3100.0,-1.59,3380.5,2523.24,3380.5,2523.24,-8.3,3203.8,3040.88,True,37.1,-32.477,-19.055,-13.422,1.37,-2,259
GANGESSECU,Ganges Securities Limited,,2,112.79,-1.59,162.15,104.15,145.5,104.15,-30.44,115.54,124.83,False,41.81,-1.386,-1.156,-0.23,0.21,-1,255
SEMAC,Semac Construction Limited,,2,243.95,-1.59,508.95,209.77,411.2,209.77,-52.07,271.63,320.09,False,28.78,-11.216,-8.994,-2.222,1.04,-3,256
KEEPLEARN,DSJ Keep Learning Limited,,2,1.84,-1.6,3.0,1.54,2.71,1.54,-38.67,1.87,2.07,False,45.47,-0.017,-0.015,-0.002,0.8,-1,256
SRGHFL,SRG Housing Finance Limited,,2,138.7,-1.6,320.0,126.4,320.0,126.4,-56.66,172.12,262.66,False,26.85,-30.318,-31.542,1.224,0.07,-4,257
VRLLOG,VRL Logistics Limited,,2,282.4,-1.6,305.25,229.56,305.25,229.56,-7.49,289.32,267.22,True,40.91,0.41,1.779,-1.369,1.42,-4,258
ATAM,Atam Valves Limited,,2,54.91,-1.61,108.83,48.76,83.82,48.76,-49.55,57.05,68.04,False,43.35,-0.462,-0.593,0.131,0.71,-4,257
IFGLEXPOR,IFGL Refractories Limited,,2,189.61,-1.61,299.67,121.65,235.09,121.65,-36.73,200.3,200.29,False,35.91,-4.727,-3.8,-0.926,0.47,-2,259
LAL,Lorenzini Apparels Limited,,2,8.55,-1.61,10.99,6.01,9.47,6.01,-22.2,8.78,8.61,False,44.84,-0.026,0.002,-0.028,0.06,-3,257
PACIFICI,Pacific Industries Limited,,2,132.96,-1.61,150.98,132.96,150.98,132.96,-11.94,139.63,139.34,False,44.79,,,,0.08,-2,30
ICICIGI,ICICI Lombard General Insurance Company Ltd.,Financial Services,1,1515.0,-1.62,2035.17,1427.7,2002.4,1427.7,-25.56,1518.55,1725.44,False,47.6,-13.825,-27.513,13.688,0.98,-3,259
BEDMUTHA,Bedmutha Industries Limited,,2,107.46,-1.62,141.3,98.24,141.3,98.24,-23.95,106.65,114.36,False,50.83,-0.554,-1.104,0.55,0.45,-2,256
ORIENTALTL,Oriental Trimex Limited,,2,4.86,-1.62,10.46,4.5,8.67,4.5,-53.54,5.01,6.42,False,36.51,-0.06,-0.053,-0.007,0.81,-2,257
RENUKA,Shree Renuka Sugars Limited,,2,22.54,-1.62,30.78,21.49,29.48,21.49,-26.77,23.4,24.83,False,41.01,-0.258,-0.097,-0.161,0.56,-2,259
BRITANNIA,Britannia Industries Ltd.,Fast Moving Consumer Goods,1,4835.0,-1.63,6083.68,4835.0,6083.68,4835.0,-20.53,5012.98,5424.41,False,29.74,-102.748,-101.559,-1.19,2.16,-2,259
BOROLTD,Borosil Limited,,2,276.21,-1.63,354.85,215.6,299.75,215.6,-22.16,260.56,258.26,True,62.68,6.271,4.43,1.842,1.34,-1,259
INA,Insolation Energy Limited,,2,87.63,-1.63,156.43,82.18,156.43,82.18,-43.98,91.31,105.52,False,38.02,-2.136,-2.558,0.422,0.56,-3,143
KESORAMIND,Kesoram Industries Limited,,2,10.84,-1.63,13.92,4.69,13.92,7.5,-22.13,11.54,10.43,True,38.13,-0.107,-0.008,-0.099,2.21,-2,252
VADILALIND,Vadilal Industries Limited,,2,7277.0,-1.63,7855.06,4005.41,7855.06,4005.41,-7.36,7365.44,6078.34,True,47.94,29.147,32.48,-3.332,0.56,-2,257
VIKASLIFE,Vikas Lifecare Limited,,2,1.21,-1.63,2.2,1.06,1.93,1.06,-45.0,1.24,1.5,False,42.3,-0.012,-0.012,0.0,1.18,-1,259
ASIANTNE,Asian Tea & Exports Limited,,2,9.02,-1.64,10.89,8.69,10.89,8.69,-17.17,9.31,9.46,False,44.52,,,,1.09,-2,31
MAGNUM,Magnum Ventures Limited,,2,18.57,-1.64,25.6,16.71,23.79,16.71,-27.46,18.98,20.64,False,41.32,-0.102,-0.08,-0.022,0.22,-2,257
MCL,M TEK COPPER LIMITED,,2,57.64,-1.64,93.2,42.43,93.2,45.94,-38.15,57.96,58.05,False,49.45,0.33,0.204,0.126,0.6,-3,257
SINDHUTRAD,Sindhu Trade Links Limited,,2,22.86,-1.64,28.25,17.92,27.66,17.92,-19.08,23.92,24.65,False,38.78,-0.301,-0.197,-0.104,0.06,-2,257
TRITONV,Triton Valves Limited,,2,1075.4,-1.64,1176.96,1049.06,1176.96,1049.06,-8.63,1102.86,1136.16,False,42.52,,,,0.44,-4,30
INDIQUBE,Indiqube Spaces Limited,,2,196.14,-1.65,233.34,133.55,210.03,133.55,-15.94,195.29,184.59,True,52.95,1.926,2.709,-0.783,0.99,-1,256
NH,Narayana Hrudayalaya Ltd.,Healthcare,1,1789.9,-1.66,2080.3,1601.75,2080.3,1601.75,-13.96,1872.49,1865.91,False,37.91,-14.459,-6.087,-8.373,4.62,-4,259
AGARWALEYE,Dr. Agarwal's Health Care Limited,,2,495.25,-1.66,560.7,406.55,560.7,406.55,-11.67,502.15,479.69,True,44.17,-1.999,-1.014,-0.984,1.97,-1,256
GANESHHOU,GANESH HOUSING LIMITED,,2,706.65,-1.66,871.27,505.26,871.27,505.26,-18.89,748.59,759.56,False,31.34,-17.117,-14.037,-3.08,1.2,-4,257
IVC,IL&FS Investment Managers Limited,,2,7.68,-1.66,9.49,5.76,9.49,5.76,-19.07,8.02,7.53,True,39.72,-0.114,-0.021,-0.093,0.21,-1,259
ZOTA,Zota Health Care LImited,,2,1300.2,-1.66,1685.53,1027.2,1685.53,1027.2,-22.86,1224.87,1278.75,True,62.19,50.581,26.813,23.768,0.44,-4,258
GENCON,Generic Engineering Construction and Projects Limited,,2,37.12,-1.67,58.67,36.77,58.67,36.77,-36.73,39.98,42.05,False,35.23,-1.035,-0.58,-0.454,1.24,-6,258
PATELENG,Patel Engineering Limited,,2,26.45,-1.67,38.4,22.2,34.93,22.2,-31.12,26.96,29.52,False,43.12,-0.304,-0.446,0.142,0.65,-3,259
RCF,Rashtriya Chemicals and Fertilizers Limited,,2,108.11,-1.67,149.86,105.37,146.25,105.37,-27.86,110.7,125.61,False,36.78,-2.527,-2.946,0.419,1.14,-1,259
JPPOWER,Jaiprakash Power Ventures Ltd.,Power,1,15.26,-1.68,22.87,13.37,22.87,13.37,-33.28,16.01,17.3,False,35.08,-0.349,-0.345,-0.004,0.52,-2,259
BTML,Bodhi Tree Multimedia Limited,,2,7.03,-1.68,9.13,5.46,9.0,5.46,-23.0,7.48,7.4,False,39.64,-0.225,-0.159,-0.066,0.19,-2,257
DRCSYSTEMS,DRC Systems India Limited,,2,12.31,-1.68,20.84,12.29,17.64,12.29,-40.93,12.74,14.96,False,40.1,-0.188,-0.16,-0.028,0.51,-2,256
GODREJAGRO,Godrej Agrovet Limited,,2,631.7,-1.68,699.41,503.22,676.05,503.22,-9.68,648.71,599.18,True,46.22,10.37,16.41,-6.04,0.28,-3,259
SAKHTISUG,Sakthi Sugars Limited,,2,18.11,-1.68,22.4,13.83,22.4,13.83,-19.15,18.83,18.48,False,42.81,-0.271,-0.131,-0.141,0.48,-2,258
ENDURANCE,Endurance Technologies Ltd.,Automobile and Auto Components,1,2654.8,-1.69,3029.5,2192.17,3029.5,2192.17,-12.37,2720.7,2683.78,False,40.55,-45.231,-44.91,-0.321,0.82,-1,259
HINDZINC,Hindustan Zinc Ltd.,Metals & Mining,1,563.3,-1.69,714.15,445.85,714.15,478.9,-21.12,583.22,562.12,True,42.05,-1.078,1.449,-2.527,1.14,-2,259
SBICARD,SBI Cards and Payment Services Ltd.,Financial Services,1,581.0,-1.69,934.68,568.25,898.4,568.25,-37.84,628.97,688.26,False,30.54,-12.148,-5.243,-6.904,0.84,-4,259
SAMMAANCAP,Sammaan Capital Ltd.,Financial Services,1,136.48,-1.69,189.93,130.0,184.28,130.0,-28.14,144.58,153.97,False,29.91,-3.981,-3.514,-0.466,0.87,-2,259
HALEOSLABS,HALEOS LABS LIMITED,,2,1487.9,-1.69,1688.41,1117.78,1688.41,1125.37,-11.88,1490.42,1419.78,True,49.7,5.086,2.156,2.93,0.21,-1,256
HGS,Hinduja Global Solutions Limited,,2,366.05,-1.69,527.09,340.24,457.3,340.24,-30.55,380.5,415.5,False,26.21,-6.855,-6.68,-0.175,0.59,-2,258
THEJO,Thejo Engineering Limited,,2,2110.3,-1.69,2218.65,1453.96,2218.65,1453.96,-4.88,2147.07,1885.8,True,46.42,19.048,28.767,-9.719,1.29,-2,257
CESC,CESC Ltd.,Power,1,133.87,-1.7,191.62,133.87,191.62,133.87,-30.14,143.05,156.76,False,22.55,-4.066,-3.585,-0.481,2.1,-4,259
HINDUNILVR,Hindustan Unilever Ltd.,Fast Moving Consumer Goods,1,1863.8,-1.7,2557.38,1863.8,2438.1,1863.8,-27.12,1945.15,2163.2,False,30.32,-31.259,-29.569,-1.69,1.6,-2,259
AKCAPIT,AK Capital Services Limited,,2,1728.1,-1.7,1772.2,1674.64,1772.2,1674.64,-2.49,1736.42,1729.04,False,48.31,,,,0.64,-1,30
CIFL,Capital India Finance Limited,,2,21.36,-1.7,38.53,19.53,38.53,19.53,-44.56,20.87,25.47,False,56.67,0.205,-0.017,0.222,1.24,-2,256
OPTIEMUS,Optiemus Infracom Limited,,2,796.2,-1.7,828.35,292.75,828.35,292.75,-3.88,671.09,533.27,True,69.87,58.162,35.086,23.075,0.52,-1,258
PIONEEREMB,Pioneer Embroideries Limited,,2,20.79,-1.7,37.52,19.92,30.67,19.92,-44.59,21.56,25.44,False,38.53,-0.23,-0.255,0.026,0.42,-6,257
RAYMONDLSL,Raymond Lifestyle Limited,,2,660.55,-1.7,1214.77,637.15,1100.01,637.15,-45.62,675.51,825.21,False,43.11,-8.587,-11.122,2.534,0.36,-3,259
TREL,Transindia Real Estate Limited,,2,28.4,-1.7,31.96,22.51,30.85,22.51,-11.14,27.63,26.71,True,56.1,0.502,0.435,0.067,0.53,-1,257
JKPAPER,JK Paper Limited,,2,391.35,-1.71,430.6,303.22,430.6,303.22,-9.12,407.34,375.03,True,41.5,2.625,6.243,-3.618,0.41,-7,258
LOTUSCHO,Lotus Chocolate Company Limited,,2,554.55,-1.71,650.95,554.55,650.95,554.55,-14.81,581.67,611.61,False,37.69,,,,1.29,-1,30
TIRUMALCHM,Thirumalai Chemicals Limited,,2,152.39,-1.71,292.9,144.28,239.84,144.28,-47.97,157.95,192.19,False,40.81,-0.858,-0.951,0.093,0.77,-4,258
ZENITHEXPO,Zenith Exports Limited,,2,199.53,-1.71,263.6,178.98,251.07,178.98,-24.31,201.5,212.44,False,47.05,-2.008,-2.308,0.3,0.26,-1,256
AYE,Aye Finance Limited,,2,159.7,-1.72,189.13,90.07,189.13,90.07,-15.56,175.02,152.72,True,32.75,-2.069,0.69,-2.759,0.99,-6,157
BANARBEADS,Banaras Beads Limited,,2,115.25,-1.72,151.16,98.3,131.27,98.3,-23.76,113.97,113.36,True,52.39,0.974,0.196,0.778,0.96,-2,256
BASF,BASF India Limited,,2,3435.6,-1.72,4656.17,3142.26,4134.2,3142.26,-26.21,3627.22,3773.22,False,30.59,-86.392,-70.46,-15.932,0.83,-2,259
JISLDVREQS,Jain Irrigation Systems Limited,,2,19.46,-1.72,33.93,19.15,28.27,19.15,-42.65,20.64,23.88,False,32.1,-0.439,-0.304,-0.135,0.29,-6,258
GVT&D,GE Vernova T&D India Ltd.,Capital Goods,1,4130.3,-1.73,5519.84,2551.48,5519.84,2551.48,-25.17,4329.97,4112.43,True,39.62,-36.303,-6.175,-30.129,1.18,-4,259
GMDCLTD,Gujarat Mineral Development Corporation Ltd.,Metals & Mining,1,513.2,-1.73,734.16,461.69,734.16,494.37,-30.1,545.62,577.01,False,31.67,-8.77,-5.611,-3.158,0.79,-4,259
APTUS,Aptus Value Housing Finance India Ltd.,Financial Services,1,233.34,-1.74,320.94,192.77,306.85,192.77,-27.29,245.53,265.14,False,35.82,-5.345,-4.914,-0.43,2.41,-2,259
AIRAN,Airan Limited,,2,16.4,-1.74,25.7,12.83,21.29,12.83,-36.19,16.38,17.18,False,52.01,0.334,0.369,-0.035,0.33,-2,257
COASTCORP,Coastal Corporation Limited,,2,35.55,-1.74,62.51,32.73,62.51,35.46,-43.13,38.33,45.33,False,32.03,-1.59,-1.545,-0.046,0.65,-1,258
GRSE,Garden Reach Shipbuilders & Engineers Ltd.,Capital Goods,1,2206.1,-1.75,3084.94,1967.15,3084.94,1967.15,-28.49,2387.21,2561.3,False,26.82,-74.173,-60.657,-13.516,1.38,-5,259
DCAL,Dishman Carbogen Amcis Limited,,2,161.39,-1.75,297.6,129.97,264.95,129.97,-45.77,169.34,195.63,False,36.5,-3.319,-3.345,0.026,1.3,-2,258
GLOBUSSPR,Globus Spirits Limited,,2,804.8,-1.75,1184.59,796.7,1141.61,796.7,-32.06,842.22,918.8,False,32.42,-18.098,-16.255,-1.843,0.89,-3,258
METROPOLIS,Metropolis Healthcare Limited,,2,562.3,-1.75,602.1,420.92,602.1,420.92,-6.61,580.83,534.63,True,40.22,0.569,3.702,-3.133,1.31,-7,259
SEDEMAC,SEDEMAC Mechatronics Limited,,2,3485.6,-1.75,3547.8,1441.3,3547.8,1441.3,-1.75,3155.31,2359.28,True,70.06,120.196,63.96,56.236,1.79,-1,141
STYRENIX,Styrenix Performance Materials Limited,,2,2000.8,-1.75,2512.84,1779.68,2463.24,1779.68,-20.38,2078.24,2173.74,False,37.28,-24.804,-24.87,0.065,2.56,-4,259
TECHNVISN,TechNVision Ventures Limited,,2,3896.5,-1.75,5373.7,3896.5,5373.7,3896.5,-27.49,4402.77,4924.64,False,31.05,,,,0.41,-4,30
VIJAYA,Vijaya Diagnostic Centre Ltd.,Healthcare,1,1475.0,-1.76,1570.7,860.21,1570.7,860.21,-6.09,1501.53,1266.4,True,47.16,13.989,19.216,-5.227,0.58,-4,258
ZENSARTECH,Zensar Technolgies Ltd.,Information Technology,1,429.0,-1.76,786.04,415.22,727.14,415.22,-45.42,441.99,536.98,False,39.33,-11.04,-12.042,1.002,0.19,-1,259
HATSUN,Hatsun Agro Product Limited,,2,1099.7,-1.76,1275.0,853.19,1275.0,853.19,-13.75,1144.29,982.94,True,45.63,16.39,34.689,-18.299,0.26,-2,258
NILAINFRA,Nila Infrastructures Limited,,2,6.71,-1.76,10.89,5.95,9.91,5.95,-38.38,6.77,7.88,False,45.22,-0.045,-0.086,0.041,0.51,-3,259
SHANTI,Shanti Overseas (India) Limited,,2,5.57,-1.76,11.79,5.15,9.37,5.15,-52.76,5.96,7.06,False,34.8,-0.218,-0.175,-0.043,1.2,-2,256
DCW,DCW Limited,,2,45.98,-1.77,70.78,37.32,61.21,37.32,-35.04,46.68,49.99,False,47.87,0.383,0.309,0.074,0.46,-2,259
MANYAVAR,Vedant Fashions Limited,,2,531.7,-1.77,693.98,332.3,598.46,332.3,-23.38,540.79,495.73,True,47.59,2.879,8.943,-6.064,0.35,-1,258
STEL,Stel Holdings Limited,,2,597.95,-1.77,663.55,389.3,663.55,389.3,-9.89,617.72,536.56,True,44.85,6.917,10.914,-3.997,0.34,-5,259
ULTRACEMCO,UltraTech Cement Ltd.,Construction Materials,1,10829.0,-1.78,12790.92,10154.73,12790.92,10154.73,-15.34,11086.9,11511.25,False,39.43,-122.109,-143.315,21.206,1.92,-2,259
PENINLAND,Peninsula Land Limited,,2,15.48,-1.78,35.33,13.99,26.99,13.99,-56.18,16.02,19.33,False,45.63,0.04,0.014,0.027,0.66,-2,259
PUNJABCHEM,Punjab Chemicals & Crop Protection Limited,,2,1035.8,-1.78,1489.25,890.4,1314.0,890.4,-30.45,1073.07,1111.1,False,37.63,-14.507,-12.926,-1.581,0.94,-2,257
ASTERDM,Aster DM Quality Care Ltd.,Healthcare,1,733.95,-1.79,869.7,535.6,869.7,535.6,-15.61,760.97,730.9,True,36.7,-9.968,-9.561,-0.407,3.47,-3,259
KPRMILL,K.P.R. Mill Ltd.,Textiles,1,1081.5,-1.79,1215.78,808.81,1215.78,808.81,-11.04,1119.36,1048.8,True,40.69,-6.107,-0.129,-5.978,0.8,-4,258
PFC,Power Finance Corporation Ltd.,Financial Services,1,324.1,-1.79,471.83,322.62,471.83,322.62,-31.31,345.29,387.8,False,23.71,-9.381,-8.715,-0.666,1.54,-4,259
USHAMART,Usha Martin Ltd.,Capital Goods,1,498.9,-1.79,535.05,384.46,535.05,384.46,-6.76,507.66,471.31,True,46.52,4.409,4.173,0.236,0.38,-4,259
AYMSYNTEX,AYM Syntex Limited,,2,285.95,-1.79,320.1,148.08,320.1,148.08,-10.67,286.41,231.01,True,51.52,4.939,6.687,-1.748,1.33,-2,257
CGVAK,CG Vak Software & Exports Limited,,2,148.97,-1.79,157.52,139.79,157.52,139.79,-5.43,148.06,149.62,False,50.92,,,,0.34,-2,30
RAMCOSYS,Ramco Systems Limited,,2,553.7,-1.79,886.15,344.05,886.15,344.05,-37.52,580.61,568.11,False,40.14,-9.303,-9.114,-0.189,0.61,-4,259
VINYLINDIA,Vinyl Chemicals (India) Limited,,2,214.68,-1.79,288.29,160.98,281.95,160.98,-25.53,222.46,241.01,False,35.51,-4.7,-5.032,0.332,1.81,-4,256
CIEINDIA,CIE Automotive India Ltd.,Automobile and Auto Components,1,376.45,-1.8,490.2,375.0,490.2,375.0,-23.2,387.03,427.09,False,37.02,-4.579,-5.782,1.204,0.85,-2,257
CENTRALBK,Central Bank of India,Financial Services,1,30.04,-1.8,39.79,29.62,39.79,29.62,-24.5,30.9,33.16,False,38.1,-0.053,-0.016,-0.037,0.96,-4,259
MAXHEALTH,Max Healthcare Institute Ltd.,Healthcare,1,982.1,-1.8,1208.85,929.95,1153.4,929.95,-18.76,1026.11,1052.76,False,36.21,-3.606,0.198,-3.804,1.41,-4,259
CHEMPLASTS,Chemplast Sanmar Limited,,2,192.35,-1.8,408.15,165.12,333.9,165.12,-52.87,184.28,234.37,False,57.41,3.724,0.768,2.956,0.12,-2,259
DCMSIL,DCM Shriram International Limited,,2,77.56,-1.8,99.83,51.91,99.83,51.91,-22.31,75.01,67.69,True,54.77,1.307,-0.043,1.35,0.66,-3,154
DECNGOLD,Deccan Gold Mines Limited,,2,201.41,-1.8,247.61,201.41,247.61,201.41,-18.66,218.88,238.52,False,28.9,,,,0.92,-5,31
KUSUMGAR,Kusumgar Limited,,2,606.25,-1.8,650.5,549.2,650.5,549.2,-6.8,595.51,597.73,True,54.35,9.125,3.464,5.66,0.79,-2,55
SICAGEN,Sicagen India Limited,,2,51.18,-1.8,72.75,23.92,72.75,23.92,-29.65,53.36,44.18,True,40.2,-0.785,-0.524,-0.261,0.42,-2,118
DSSL,Dynacons Systems & Solutions Limited,,2,993.0,-1.81,1894.27,784.51,1894.27,784.51,-47.58,1037.15,1128.54,False,35.31,-29.865,-34.052,4.188,0.98,-4,257
JETFREIGHT,Jet Freight Logistics Limited,,2,20.63,-1.81,24.8,12.18,24.8,15.9,-16.81,21.12,19.91,True,45.02,-0.158,-0.255,0.097,1.06,-2,258
LANCER,Lancer Container Lines Limited,,2,11.41,-1.81,149.7,10.38,149.7,10.38,-92.38,18.15,112.98,False,3.21,-12.024,-16.084,4.06,0.48,-1,35
MARSONS,Marsons Limited,,2,117.96,-1.81,170.76,102.19,170.76,102.19,-30.92,123.69,128.5,False,43.17,0.528,1.964,-1.437,0.46,-4,139
WIPL,The Western India Plywoods Limited,,2,163.72,-1.81,175.98,140.97,175.98,140.97,-6.97,165.24,161.34,True,47.69,-0.143,-0.188,0.045,0.42,-2,256
GPIL,Godawari Power & Ispat Ltd.,Capital Goods,1,221.35,-1.82,304.59,221.35,304.59,221.35,-27.33,235.44,256.24,False,31.57,-4.778,-3.005,-1.774,0.89,-4,259
UTIAMC,UTI Asset Management Company Ltd.,Financial Services,1,877.6,-1.82,1347.26,870.55,1094.87,870.55,-34.86,900.43,969.22,False,39.44,-0.647,1.213,-1.859,1.05,-6,259
SILINV,SIL Investments Limited,,2,436.6,-1.82,712.33,379.27,516.9,379.27,-38.71,451.46,460.66,False,41.46,-3.211,-0.822,-2.389,0.85,-2,257
HUDCO,Housing & Urban Development Corporation Ltd.,Financial Services,1,165.57,-1.83,236.39,157.32,228.69,157.32,-29.96,174.71,195.57,False,31.29,-4.144,-4.267,0.123,2.03,-4,259
OIL,Oil India Ltd.,Oil Gas & Consumable Fuels,1,459.45,-1.83,517.24,391.35,517.24,391.35,-11.17,476.46,453.94,True,38.77,-1.632,1.924,-3.556,0.98,-3,259
DAMCAPITAL,Dam Capital Advisors Limited,,2,155.76,-1.83,261.45,120.67,217.65,120.67,-40.42,143.8,162.86,False,64.99,0.3,-1.704,2.005,2.71,-1,259
TCIFINANCE,TCI Finance Limited,,2,14.48,-1.83,36.63,10.86,36.63,11.0,-60.47,15.02,15.64,False,37.22,-0.141,-0.102,-0.04,1.04,-2,256
APTECHT,Aptech Limited,,2,88.61,-1.84,121.56,67.38,121.56,67.38,-27.11,90.53,96.26,False,42.65,-0.402,-0.634,0.232,1.28,-3,257
BAJAJHLDNG,Bajaj Holdings & Investment Ltd.,Financial Services,1,10600.0,-1.85,12907.88,8588.89,11576.91,8588.89,-17.88,11037.37,10930.25,False,39.34,-64.438,-17.175,-47.262,1.55,-2,259
TCS,Tata Consultancy Services Ltd.,Information Technology,1,2032.4,-1.85,3204.28,1971.79,3204.28,1971.79,-36.57,2161.52,2431.31,False,27.83,-63.07,-49.587,-13.483,1.51,-6,259
AVADHSUGAR,Avadh Sugar & Energy Limited,,2,793.45,-1.85,855.3,305.41,855.3,305.41,-7.23,763.9,548.67,True,58.52,11.025,12.802,-1.777,0.6,-1,258
BIGBLOC,Bigbloc Construction Limited,,2,38.64,-1.85,78.02,38.3,78.02,38.3,-50.47,40.57,49.32,False,33.4,-1.096,-1.167,0.071,0.71,-3,258
MUTHOOTCAP,Muthoot Capital Services Limited,,2,217.07,-1.85,294.35,178.95,284.15,178.95,-26.25,231.24,232.5,False,32.88,-4.741,-3.283,-1.458,1.67,-3,257
SEAMECLTD,Seamec Limited,,2,1653.2,-1.85,1793.6,789.77,1793.6,976.45,-7.83,1706.5,1435.62,True,43.73,17.104,34.755,-17.651,0.64,-4,256
HIMATSEIDE,Himatsingka Seide Limited,,2,64.9,-1.86,127.83,62.76,119.6,62.76,-49.23,67.46,86.88,False,39.6,-1.766,-2.182,0.416,0.5,-3,259
TIINDIA,Tube Investments of India Ltd.,Automobile and Auto Components,1,2413.0,-1.87,3306.1,2186.26,3306.1,2186.26,-27.01,2594.82,2844.76,False,24.4,-81.409,-69.848,-11.561,2.05,-4,259
DIGITIDE,Digitide Solutions Limited,,2,75.12,-1.87,179.64,72.86,142.01,72.86,-58.18,85.29,105.64,False,18.56,-5.275,-4.317,-0.958,1.29,-6,258
EUROBOND,Euro Panel Products Limited,,2,147.12,-1.87,217.22,136.68,186.99,136.68,-32.27,150.98,170.87,False,40.61,-1.775,-2.01,0.235,0.53,-2,256
LUXIND,Lux Industries Limited,,2,1103.6,-1.87,1743.7,824.32,1743.7,824.32,-36.71,1142.69,1215.56,False,42.52,-13.463,-19.198,5.735,0.36,-2,259
NDL,Nandan Denim Limited,,2,2.62,-1.87,3.38,1.84,3.15,1.84,-22.49,2.74,2.73,False,42.28,-0.005,0.035,-0.041,1.41,-1,259
SAATVIKGL,Saatvik Green Energy Limited,,2,414.5,-1.87,551.7,333.65,487.65,333.65,-24.87,421.35,431.43,False,46.53,1.512,-0.025,1.538,1.14,-4,253
BAYERCROP,Bayer Cropscience Ltd.,Chemicals,1,3602.7,-1.88,4942.01,3602.7,4920.38,3602.7,-27.1,3839.31,4292.28,False,13.22,-102.721,-79.8,-22.92,4.5,-11,259
SIGMA,Sigma Solve Limited,,2,43.9,-1.88,62.32,35.93,62.32,35.93,-29.56,45.5,44.34,False,42.39,-0.146,0.087,-0.233,0.74,-2,258
IGCL,Indogulf Cropsciences Limited,,2,57.15,-1.89,110.25,53.58,84.92,53.58,-48.16,65.54,72.43,False,16.92,-3.343,-2.215,-1.128,0.61,-7,257
VOITHPAPR,Voith Paper Fabrics India Limited,,2,1408.2,-1.89,1517.4,1408.2,1517.4,1408.2,-7.2,1450.47,1484.08,False,38.06,,,,0.51,-2,30
GODREJIND,Godrej Industries Ltd.,Diversified,1,1055.7,-1.9,1417.7,749.0,1417.7,749.0,-25.53,1120.01,1127.93,False,29.06,-31.108,-29.836,-1.272,0.48,-2,259
GHCLTEXTIL,GHCL Textiles Limited,,2,132.27,-1.9,140.45,65.13,140.45,65.13,-5.82,131.05,102.36,True,53.54,2.37,2.237,0.133,0.93,-2,258
PNBGILTS,PNB Gilts Limited,,2,71.89,-1.9,97.57,57.67,92.06,57.67,-26.32,76.03,80.63,False,32.39,-1.262,-0.888,-0.374,0.85,-4,259
EXCELINDUS,Excel Industries Limited,,2,924.8,-1.91,1132.66,794.93,1117.13,794.93,-18.35,963.8,968.47,False,36.43,-17.033,-13.004,-4.029,2.49,-1,257
SOLARWORLD,Solarworld Energy Solutions Limited,,2,128.98,-1.91,338.4,128.98,287.35,128.98,-61.89,139.52,199.04,False,29.13,-6.663,-7.018,0.355,1.03,-2,250
TRIDENT,Trident Ltd.,Textiles,1,22.49,-1.92,28.68,21.61,28.68,21.61,-21.58,23.36,25.16,False,26.81,-0.398,-0.375,-0.023,1.19,-4,259
EPIGRAL,Epigral Limited,,2,1018.1,-1.92,1746.15,806.96,1433.6,806.96,-41.69,1105.63,1192.61,False,29.6,-29.529,-16.0,-13.529,1.02,-6,258
TI,Tilaknagar Industries Limited,,2,550.85,-1.92,601.5,388.05,601.5,388.05,-8.42,556.37,482.05,True,50.02,10.916,10.632,0.284,0.79,-4,259
BAJAJ-AUTO,Bajaj Auto Ltd.,Automobile and Auto Components,1,10811.0,-1.93,12361.0,8506.78,12361.0,8636.95,-12.54,11429.72,10391.38,True,29.95,-154.08,-59.332,-94.748,2.69,-2,259
GRAVITA,Gravita India Ltd.,Metals & Mining,1,1446.9,-1.93,1875.4,1295.1,1875.4,1295.1,-22.85,1600.17,1673.17,False,16.31,-69.635,-52.076,-17.558,1.11,-11,259
BLKASHYAP,B. L. Kashyap and Sons Limited,,2,50.9,-1.93,63.1,42.81,62.28,42.81,-19.33,53.33,54.71,False,41.27,-0.752,-0.545,-0.207,0.8,-2,259
SAMPANN,Sampann Utpadan India Limited,,2,23.82,-1.93,42.78,23.82,36.54,23.82,-44.32,24.55,27.85,False,39.25,-0.466,-0.532,0.066,0.9,-2,256
ZIMLAB,Zim Laboratories Limited,,2,134.89,-1.93,139.22,60.26,139.22,60.26,-3.11,132.85,103.43,True,56.0,3.826,4.194,-0.368,0.77,-2,257
RITES,RITES Ltd.,Construction,1,192.31,-1.94,247.58,172.27,245.76,172.27,-22.32,204.42,215.8,False,25.16,-4.437,-3.396,-1.041,1.19,-4,259
FEDDERSHOL,Fedders Holding Limited,,2,60.69,-1.94,67.22,39.82,67.22,39.82,-9.71,55.34,43.48,True,70.49,,,,0.44,-4,31
SWANCORP,Swan Corp Ltd.,Chemicals,1,284.05,-1.95,480.06,276.8,476.61,276.8,-40.83,293.73,343.68,False,38.32,-1.775,-1.813,0.038,0.14,-2,259
SDBL,Som Distilleries & Breweries Limited,,2,79.05,-1.95,133.16,62.31,110.39,62.31,-40.64,71.89,83.66,False,67.02,0.703,-0.49,1.193,0.86,-1,259
UNIINFO,Uniinfo Telecom Services Limited,,2,11.08,-1.95,17.97,9.96,16.75,9.96,-38.34,11.28,12.91,False,44.26,-0.087,-0.1,0.013,0.84,-1,256
GEOJITFSL,Geojit Financial Services Limited,,2,76.76,-1.97,83.7,51.54,83.7,51.54,-8.29,80.04,74.6,True,41.02,-0.321,0.049,-0.371,1.11,-2,257
HILTON,Hilton Metal Forging Limited,,2,16.45,-1.97,49.03,14.38,41.37,14.38,-66.45,17.55,25.24,False,26.19,-0.847,-0.865,0.018,1.56,-3,258
SHIVACEM,Shiva Cement Limited,,2,14.91,-1.97,16.98,14.91,16.98,14.91,-12.19,15.69,16.58,False,28.2,,,,1.89,-3,31
EMAMILTD,Emami Ltd.,Fast Moving Consumer Goods,1,381.05,-1.98,547.12,363.65,539.29,363.65,-30.35,381.67,433.22,False,48.68,-0.281,-3.045,2.764,1.02,-4,259
BLBLIMITED,BLB Limited,,2,16.84,-1.98,20.48,12.68,20.48,12.68,-17.77,16.55,16.09,True,56.85,0.211,0.133,0.078,0.55,-1,259
KICL,Kalyani Investment Company Limited,,2,4773.0,-1.98,6287.36,4017.63,5669.1,4017.63,-24.09,5002.27,5074.27,False,34.86,-96.556,-92.628,-3.929,0.94,-2,257
ONEGLOBAL,One Global Service Provider Limited,,2,534.15,-1.98,563.05,501.12,563.05,501.12,-5.13,536.38,536.37,False,49.22,,,,0.44,-1,30
SHRADDHA,Shraddha Prime Projects Limited,,2,147.91,-1.98,165.82,144.78,165.82,144.78,-10.8,150.82,154.35,False,45.45,,,,0.53,-1,30
SIEMENS,Siemens Ltd.,Capital Goods,1,3710.0,-1.99,4114.0,2834.67,4114.0,2834.67,-9.82,3868.06,3603.45,True,36.62,-35.386,-17.227,-18.159,1.33,-2,258
EXICOM,Exicom Tele-Systems Limited,,2,152.97,-1.99,184.33,76.26,184.33,76.26,-17.01,164.18,144.15,True,39.22,-1.739,0.445,-2.185,0.42,-4,259
FLAIR,Flair Writing Industries Limited,,2,230.38,-1.99,336.88,230.38,336.88,230.38,-31.61,239.25,278.17,False,34.51,-3.355,-3.445,0.09,1.01,-3,258
RADAAN,Radaan Mediaworks India Limited,,2,2.96,-1.99,3.86,2.5,3.86,2.5,-23.32,2.95,3.11,False,50.05,0.002,-0.016,0.018,0.27,-1,256
THEINVEST,The Investment Trust Of India Limited,,2,90.53,-1.99,150.57,90.53,126.0,90.53,-39.88,94.68,105.31,False,34.9,-1.21,-0.768,-0.442,1.64,-2,257
SJVN,SJVN Ltd.,Power,1,59.83,-2.01,89.59,59.83,85.85,59.83,-33.22,63.65,71.96,False,21.58,-1.383,-0.975,-0.408,4.03,-4,259
KREBSBIO,Krebs Biochemicals and Industries Limited,,2,56.42,-2.01,73.45,39.75,71.28,39.75,-23.19,56.81,60.2,False,49.03,0.293,0.38,-0.087,0.36,-1,257
MARATHON,Marathon Nextgen Realty Limited,,2,384.9,-2.01,661.35,346.01,554.71,346.01,-41.8,411.83,450.8,False,36.83,-2.118,3.272,-5.39,0.46,-2,259
MONARCH,Monarch Networth Capital Limited,,2,343.05,-2.01,396.59,241.88,396.59,241.88,-13.5,365.91,339.38,True,28.84,-6.253,-3.777,-2.477,0.94,-3,258
SUNDRMFAST,Sundram Fasteners Limited,,2,1143.2,-2.01,1270.0,745.38,1270.0,745.38,-9.98,1195.5,1006.92,True,38.24,-0.748,14.033,-14.782,2.56,-2,258
VTL,Vardhman Textiles Ltd.,Textiles,1,529.55,-2.03,660.65,391.33,660.65,399.46,-19.84,564.06,557.14,False,34.74,-12.859,-10.317,-2.541,1.31,-3,259
GKENERGY,GK Energy Limited,,2,119.4,-2.03,232.28,89.8,168.03,89.8,-48.6,125.21,134.72,False,37.12,-2.081,-1.788,-0.294,1.2,-5,252
KMCSHIL,K M C Speciality Hospitals (India) Limited,,2,161.98,-2.03,165.33,132.8,165.33,132.8,-2.03,151.03,142.72,True,62.06,,,,0.3,-1,31
ANGELONE,Angel One Ltd.,Financial Services,1,273.5,-2.04,353.71,208.47,353.71,210.87,-22.68,291.94,288.86,False,33.57,-3.703,-1.617,-2.085,0.86,-4,259
AZADIND,Azad India Mobility Limited,,2,80.62,-2.04,96.8,75.36,96.8,75.36,-16.71,84.73,89.92,False,41.36,,,,2.81,-2,30
MOKSH,Moksh Ornaments Limited,,2,9.6,-2.04,15.92,8.63,15.92,8.63,-39.7,10.05,11.79,False,37.21,-0.175,-0.157,-0.018,0.59,-2,256
OAL,Oriental Aromatics Limited,,2,541.85,-2.04,558.35,235.09,558.35,235.09,-2.96,514.98,365.06,True,62.66,31.988,35.64,-3.653,0.28,-1,258
AMBICAAGAR,Ambica Agarbathies & Aroma industries Limited,,2,24.37,-2.05,27.6,20.55,27.21,20.55,-11.7,25.06,24.88,False,42.81,-0.05,0.023,-0.074,0.07,-4,257
TECHM,Tech Mahindra Ltd.,Information Technology,1,1510.5,-2.06,1723.61,1297.97,1723.61,1297.97,-12.36,1555.52,1502.68,True,37.88,-13.405,-10.669,-2.736,1.97,-2,259
KDDL,KDDL Limited,,2,3931.6,-2.06,4251.9,2021.94,4251.9,2021.94,-7.53,3948.25,3102.43,True,51.08,64.58,68.025,-3.444,0.66,-4,257
MEDICO,Medico Remedies Limited,,2,21.84,-2.06,54.24,21.84,54.24,21.84,-59.73,33.35,41.75,False,14.76,-4.274,-2.906,-1.368,2.22,-8,257
MIRZAINT,Mirza International Limited,,2,28.09,-2.06,40.72,25.05,40.72,25.05,-31.02,29.77,33.63,False,25.89,-0.919,-0.866,-0.053,0.97,-2,258
RTNINDIA,RattanIndia Enterprises Limited,,2,25.66,-2.06,53.43,24.82,42.3,24.82,-51.97,27.41,34.68,False,29.43,-0.952,-0.953,0.001,1.83,-2,259
ALANKIT,Alankit Limited,,2,7.56,-2.07,13.32,6.82,10.99,6.82,-43.24,7.86,8.97,False,36.74,-0.082,-0.065,-0.017,0.9,-4,257
CENTURYPLY,Century Plyboards (India) Limited,,2,665.0,-2.07,842.87,644.88,842.87,644.88,-21.1,712.51,758.34,False,26.01,-18.971,-14.944,-4.027,5.6,-2,258
MOBIKWIK,One Mobikwik Systems Limited,,2,194.93,-2.07,286.0,155.07,237.08,155.07,-31.84,200.7,212.52,False,43.83,0.581,1.053,-0.472,0.25,-3,259
CHOICEIN,Choice International Ltd.,Financial Services,1,741.15,-2.08,850.3,583.95,850.3,583.95,-12.84,759.38,758.46,False,41.42,-8.994,-9.746,0.752,0.83,-1,258
ASPINWALL,Aspinwall and Company Limited,,2,242.5,-2.08,266.36,197.58,263.56,197.58,-8.96,252.11,240.77,True,41.06,-0.314,1.054,-1.368,0.27,-3,256
NAHARSPING,Nahar Spinning Mills Limited,,2,261.75,-2.08,327.83,150.33,327.83,150.33,-20.16,275.71,253.0,True,36.93,-5.759,-4.987,-0.772,1.43,-6,257
REDTAPE,Redtape Limited,,2,117.48,-2.08,146.27,108.12,146.27,108.12,-19.68,119.66,127.99,False,43.94,-1.04,-1.584,0.543,0.56,-3,259
SARLAPOLY,Sarla Performance Fibers Limited,,2,95.67,-2.08,105.01,68.33,105.01,68.33,-8.89,99.02,95.07,True,38.27,-0.655,-0.462,-0.193,0.48,-2,259
WELSPLSOL,Welspun Specialty Solutions Limited,,2,52.69,-2.08,59.55,47.96,59.55,47.96,-11.52,53.92,49.53,True,50.2,,,,0.36,-2,31
MAHABANK,Bank of Maharashtra,Financial Services,1,79.16,-2.09,93.85,53.26,93.85,54.7,-15.65,82.38,75.47,True,41.67,-0.219,0.128,-0.347,1.5,-2,259
SAGILITY,Sagility Ltd.,Information Technology,1,42.54,-2.09,54.4,36.27,53.72,36.27,-21.8,44.77,43.86,False,36.22,-0.071,0.31,-0.381,0.92,-4,259
UPL,UPL Ltd.,Chemicals,1,538.0,-2.09,797.63,538.0,797.63,538.0,-32.55,560.68,621.34,False,35.08,-8.246,-6.074,-2.171,1.55,-2,259
MASTEK,Mastek Limited,,2,1523.4,-2.09,2307.6,1330.91,2196.39,1330.91,-33.98,1615.92,1773.23,False,36.0,-46.356,-39.19,-7.166,0.57,-2,259
CDSL,Central Depository Services (India) Ltd.,Financial Services,1,1261.9,-2.1,1640.34,1109.28,1504.97,1109.28,-23.07,1339.42,1353.63,False,34.25,-18.268,-8.26,-10.008,1.25,-4,259
DIGISPICE,DiGiSPICE Technologies Limited,,2,15.35,-2.1,27.68,15.35,25.59,15.35,-44.54,16.42,19.82,False,31.31,-0.38,-0.307,-0.073,1.53,-4,258
GANESHCP,Ganesh Consumer Products Limited,,2,153.08,-2.1,298.28,153.08,235.42,153.08,-48.68,163.88,193.4,False,32.28,-2.608,-1.281,-1.328,0.68,-6,250
LOYALTEX,Loyal Textile Mills Limited,,2,207.28,-2.1,314.79,178.98,314.79,178.98,-34.15,214.3,221.26,False,45.18,0.268,0.363,-0.094,0.14,-4,257
RELCHEMQ,Reliance Chemotex Industries Limited,,2,113.09,-2.1,158.42,108.36,140.7,108.36,-28.61,116.28,126.8,False,42.68,-0.291,-0.454,0.164,0.29,-3,258
SGRL,Shree Ganesh Remedies Limited,,2,665.75,-2.1,735.55,501.05,735.55,501.05,-9.49,664.18,554.31,True,55.62,,,,0.91,-1,31
EMKAY,Emkay Global Financial Services Limited,,2,282.6,-2.11,354.14,187.14,298.14,187.14,-20.2,261.83,252.12,True,66.08,7.83,4.519,3.311,2.43,-1,257
EUROPRATIK,Euro Pratik Sales Limited,,2,202.05,-2.11,381.47,202.05,323.15,202.05,-47.03,232.9,266.86,False,17.55,-17.137,-14.756,-2.381,1.28,-2,255
INDBANK,Indbank Merchant Banking Services Limited,,2,25.06,-2.11,45.95,25.06,41.53,25.06,-45.46,27.06,32.41,False,24.41,-1.426,-1.471,0.045,0.28,-3,259
ORIENTELEC,Orient Electric Limited,,2,156.62,-2.11,211.83,153.97,193.66,153.97,-26.06,168.99,179.61,False,22.45,-5.082,-3.814,-1.268,2.27,-4,258
ANANDRATHI,Anand Rathi Wealth Ltd.,Financial Services,1,2100.6,-2.12,2229.5,1400.43,2229.5,1432.74,-5.78,2173.45,1883.84,True,35.94,-6.235,8.314,-14.549,4.13,-1,259
GODREJPROP,Godrej Properties Ltd.,Realty,1,1634.4,-2.12,2309.14,1464.22,2156.0,1464.22,-29.22,1763.77,1889.87,False,27.32,-85.362,-82.269,-3.093,0.61,-2,259
SANSERA,Sansera Engineering Limited,,2,4362.2,-2.13,4662.4,1370.82,4662.4,1644.84,-6.44,4238.4,2962.91,True,58.56,193.981,174.414,19.567,3.32,-2,259
JKIL,J.Kumar Infraprojects Limited,,2,451.4,-2.14,653.41,424.1,597.14,424.1,-30.92,476.31,512.83,False,29.2,-6.099,-4.023,-2.075,1.29,-4,259
PCJEWELLER,PC Jeweller Limited,,2,13.23,-2.14,14.47,7.57,14.47,7.57,-8.57,12.95,10.71,True,56.25,0.731,0.792,-0.061,0.73,-4,259
JAYAGROGN,Jayant Agro Organics Limited,,2,225.44,-2.16,258.18,147.43,258.18,147.43,-12.68,231.99,215.14,True,45.82,0.95,2.474,-1.524,0.57,-2,256
ARROWGREEN,Arrow Greentech Limited,,2,872.5,-2.17,913.05,343.67,913.05,343.67,-4.44,848.66,634.78,True,59.73,41.055,41.262,-0.207,0.74,-2,258
ASTEC,Astec LifeSciences Limited,,2,696.25,-2.18,918.75,521.85,797.7,521.85,-24.22,695.23,687.72,True,51.75,27.907,28.304,-0.397,0.05,-2,259
GROBTEA,The Grob Tea Company Limited,,2,899.0,-2.19,1201.38,804.64,1024.66,804.64,-25.17,927.16,939.31,False,41.03,-12.038,-6.503,-5.535,0.37,-1,258
SALONA,Salona Cotspin Limited,,2,266.95,-2.2,303.39,226.52,303.39,226.52,-12.01,266.51,262.49,True,51.56,2.818,2.339,0.479,0.6,-2,256
HAWKINCOOK,Hawkins Cookers Limited,,2,7904.0,-2.21,9109.33,7058.29,9109.33,7058.29,-13.23,8167.57,7891.16,True,36.13,-80.068,-48.983,-31.085,0.98,-1,112
TRANSCOR,Transcorp International Limited,,2,23.85,-2.21,26.14,23.4,26.14,23.4,-8.76,24.67,24.67,False,44.43,,,,1.78,-1,30
YESBANK,Yes Bank Ltd.,Financial Services,1,20.71,-2.22,25.48,17.25,25.48,17.25,-18.72,22.49,22.23,False,30.02,-0.25,-0.034,-0.216,1.83,-2,259
ALOKINDS,Alok Industries Limited,,2,7.06,-2.22,17.9,7.05,16.85,7.05,-60.56,7.8,12.54,False,25.85,-0.718,-0.864,0.145,0.77,-2,259
KAMANWALA,Kamanwala Housing Construction Limited,,2,17.1,-2.23,18.63,15.9,18.63,15.9,-8.21,16.85,16.4,True,53.17,,,,0.63,-1,30
MANALIPETC,Manali Petrochemicals Limited,,2,80.18,-2.24,89.54,39.14,89.54,39.14,-10.45,82.29,66.64,True,48.55,1.965,2.935,-0.97,0.26,-2,259
TRF,TRF Limited,,2,202.9,-2.24,380.65,202.9,320.4,202.9,-46.7,217.88,254.51,False,27.14,-5.367,-4.161,-1.207,1.81,-2,259
TARSONS,Tarsons Products Limited,,2,330.35,-2.26,361.5,166.46,361.5,166.46,-8.62,327.23,275.59,True,52.5,2.235,0.642,1.594,0.29,-1,259
APOLLOHOSP,Apollo Hospitals Enterprise Ltd.,Healthcare,1,8659.0,-2.27,9069.0,6776.6,9069.0,6776.6,-4.52,8832.66,8282.62,True,42.94,9.865,19.004,-9.14,2.0,-2,259
BALAJITELE,Balaji Telefilms Limited,,2,91.74,-2.27,132.6,71.11,123.23,71.11,-30.81,93.13,96.29,False,46.65,0.499,0.713,-0.214,0.34,-1,258
GLOTTIS,Glottis Limited,,2,61.02,-2.27,83.71,38.14,70.31,38.14,-27.11,61.04,63.56,False,48.71,-0.541,-1.216,0.675,0.54,-2,247
ICEMAKE,Ice Make Refrigeration Limited,,2,634.0,-2.27,883.11,634.0,883.11,634.0,-28.21,694.31,759.52,False,25.7,-25.96,-21.977,-3.982,1.72,-5,258
KANPRPLA,Kanpur Plastipack Limited,,2,245.2,-2.27,277.19,155.86,277.19,155.86,-11.54,254.41,215.98,True,46.53,2.072,4.127,-2.055,0.69,-3,257
NAVKARURB,Navkar Urbanstructure Limited,,2,0.86,-2.27,2.55,0.72,1.86,0.72,-66.27,0.89,1.18,False,41.21,-0.015,-0.021,0.006,1.75,-4,255
PWL,Physicswallah Ltd.,Consumer Services,1,125.15,-2.28,155.24,79.56,151.38,79.56,-19.38,129.72,124.08,True,45.22,1.627,2.159,-0.531,0.43,-2,219
KENNAMET,Kennametal India Limited,,2,4039.6,-2.29,5027.9,2430.57,5027.9,2430.57,-19.66,4280.36,3161.09,True,43.44,40.195,132.933,-92.738,0.92,-5,120
PRUDENT,Prudent Corporate Advisory Services Limited,,2,3098.7,-2.29,3674.4,2159.56,3674.4,2159.56,-15.67,3287.77,2941.65,True,40.17,-32.521,2.682,-35.204,3.11,-1,258
VITAL,Vital Chemtech Limited,,2,52.82,-2.29,66.15,35.4,66.15,35.4,-20.15,54.08,53.75,False,46.57,0.167,0.503,-0.336,0.46,-1,256
AMBUJACEM,Ambuja Cements Ltd.,Construction Materials,1,365.75,-2.3,574.36,365.75,568.44,365.75,-36.32,389.36,450.65,False,26.26,-9.335,-8.323,-1.012,1.52,-4,259
BAJAJHIND,Bajaj Hindusthan Sugar Limited,,2,19.98,-2.3,24.23,14.93,24.23,14.93,-17.54,20.48,19.22,True,46.47,-0.066,0.066,-0.132,0.58,-2,259
NARMADA,Narmada Agrobase Limited,,2,12.75,-2.3,21.78,10.26,21.78,10.26,-41.46,13.68,15.4,False,33.18,-0.455,-0.42,-0.034,0.44,-2,258
TAALTECH,Taal Tech Limited,,2,1044.4,-2.31,1185.4,839.24,1185.4,839.24,-11.89,1030.62,876.72,True,55.54,,,,0.37,-2,31
WEIZMANIND,Weizmann Limited,,2,70.86,-2.32,110.12,66.08,100.78,66.08,-35.65,72.62,83.11,False,39.28,-1.005,-1.18,0.175,3.12,-2,258
BANARISUG,Bannari Amman Sugars Limited,,2,3305.0,-2.33,4225.16,3257.72,4225.16,3267.2,-21.78,3459.26,3568.07,False,38.04,-93.172,-77.013,-16.159,0.4,-2,257
CSBBANK,CSB Bank Limited,,2,316.2,-2.33,557.45,296.35,557.45,296.35,-43.28,326.07,357.94,False,42.66,-0.325,-0.841,0.516,0.51,-4,259
MOTISONS,Motisons Jewellers Limited,,2,17.62,-2.33,18.89,10.83,18.89,10.83,-6.72,17.25,15.16,True,55.88,0.666,0.626,0.04,0.56,-1,259
NIMBSPROJ,Nimbus Projects Limited,,2,194.12,-2.33,225.62,143.51,225.62,143.51,-13.96,182.21,192.01,True,63.0,6.463,2.728,3.735,0.78,-1,124
PARAGMILK,Parag Milk Foods Limited,,2,268.55,-2.33,370.1,179.13,313.58,179.13,-27.44,261.27,243.2,True,56.5,8.73,9.39,-0.659,1.08,-1,259
ROML,Raj Oil Mills Limited,,2,41.91,-2.33,61.04,36.32,51.89,36.32,-31.34,42.23,45.08,False,46.18,-0.321,-0.471,0.15,0.82,-1,257
SUNSHIEL,Sunshield Chemicals Limited,,2,1087.5,-2.33,1273.4,1087.5,1273.4,1087.5,-14.6,1176.89,1243.3,False,27.15,,,,1.07,-7,31
SYNGENE,Syngene International Ltd.,Healthcare,1,367.2,-2.34,661.98,367.2,658.49,367.2,-44.53,383.0,457.25,False,34.26,-7.042,-6.706,-0.337,0.95,-4,259
CAMLINFINE,Camlin Fine Sciences Limited,,2,93.17,-2.34,210.62,93.17,177.37,93.17,-55.76,99.88,132.4,False,30.43,-3.874,-3.948,0.074,0.74,-2,258
KRISHIVAL,Krishival Foods Limited,,2,403.95,-2.34,502.38,308.99,464.34,308.99,-19.59,412.0,395.74,True,43.96,2.073,3.831,-1.758,0.71,-1,257
LAHOTIOV,Lahoti Overseas Limited,,2,39.26,-2.34,45.08,38.28,45.08,38.28,-12.91,40.48,41.96,False,43.84,,,,0.32,-1,30
NAVINFLUOR,Navin Fluorine International Ltd.,Chemicals,1,8234.5,-2.35,8775.5,4541.87,8775.5,5691.65,-6.16,8431.96,7177.19,True,44.44,26.24,62.93,-36.69,1.12,-2,258
MOTHERSON,Samvardhana Motherson International Ltd.,Automobile and Auto Components,1,158.56,-2.35,170.68,101.15,170.68,104.9,-7.1,162.55,140.36,True,43.08,-0.054,0.335,-0.388,1.3,-2,259
NAM-INDIA,Nippon Life India Asset Management Ltd.,Financial Services,1,1068.0,-2.37,1251.0,790.32,1251.0,790.32,-14.63,1149.18,1057.79,True,32.76,-19.217,-11.42,-7.797,0.97,-2,259
STARCEMENT,Star Cement Limited,,2,178.1,-2.37,265.93,178.1,238.56,178.1,-33.03,188.79,212.08,False,31.01,-2.995,-2.186,-0.809,3.25,-7,258
SUPREMEINF,Supreme Infrastructure India Limited,,2,77.83,-2.37,110.17,58.17,94.45,58.17,-29.35,82.03,83.99,False,38.74,-1.535,-1.133,-0.402,0.7,-2,257
MAZDOCK,Mazagoan Dock Shipbuilders Ltd.,Capital Goods,1,2087.1,-2.38,2868.26,2061.48,2764.71,2061.48,-27.23,2278.4,2482.56,False,22.32,-87.737,-70.353,-17.384,1.26,-4,259
PETRONET,Petronet LNG Ltd.,Oil Gas & Consumable Fuels,1,282.95,-2.38,319.71,235.34,319.71,235.34,-11.5,286.58,279.02,True,45.91,-0.143,0.197,-0.341,1.84,-1,259
BAGFILMS,B.A.G Films and Media Limited,,2,4.1,-2.38,7.74,3.63,6.45,3.63,-47.03,4.34,5.04,False,32.25,-0.068,-0.04,-0.028,0.96,-4,259
DHRUV,Dhruv Consultancy Services Limited,,2,20.89,-2.38,55.52,20.89,52.28,20.89,-62.37,22.01,31.3,False,37.15,-0.784,-0.779,-0.005,1.89,-2,257
SEJALLTD,Sejal Glass Limited,,2,648.75,-2.38,987.35,401.05,889.4,401.05,-34.29,671.77,714.97,False,44.28,-3.986,-5.295,1.309,0.27,-4,259
WANBURY,Wanbury Limited,,2,216.95,-2.38,344.75,163.34,344.75,163.34,-37.07,233.27,259.03,False,32.11,-10.61,-10.809,0.199,1.96,-4,258
RVNL,Rail Vikas Nigam Ltd.,Construction,1,197.9,-2.39,385.53,197.5,385.53,197.5,-48.67,207.74,259.12,False,36.0,-3.75,-3.913,0.164,1.6,-2,259
AAKASH,Aakash Exploration Services Limited,,2,8.59,-2.39,11.9,7.68,11.9,7.68,-27.82,8.86,8.94,False,41.03,0.008,0.026,-0.018,0.41,-4,258
ALLTIME,All Time Plastics Limited,,2,193.18,-2.39,308.75,187.57,270.45,187.57,-37.43,205.53,232.62,False,32.85,-3.889,-2.659,-1.23,0.77,-4,259
JUBLINGREA,Jubilant Ingrevia Ltd.,Chemicals,1,639.1,-2.4,761.24,539.48,761.24,539.48,-16.04,654.26,677.53,False,40.83,-15.399,-18.005,2.606,0.94,-2,259
MAPMYINDIA,C.E. Info Systems Ltd.,Information Technology,1,845.2,-2.41,1943.5,798.76,1725.64,798.76,-56.51,914.54,1097.34,False,28.96,-33.501,-30.118,-3.384,1.68,-5,258
NTPCGREEN,NTPC Green Energy Ltd.,Power,1,89.99,-2.41,118.86,85.18,118.86,85.18,-24.29,90.79,95.53,False,47.33,0.545,0.059,0.486,0.85,-3,259
HEADSUP,Heads UP Ventures Limited,,2,6.45,-2.42,11.72,6.05,9.47,6.05,-44.97,6.79,7.62,False,39.02,-0.069,-0.024,-0.045,1.2,-3,256
BIRLANU,BirlaNu Limited,,2,1406.0,-2.43,1969.85,1188.44,1794.77,1188.44,-28.62,1424.06,1488.68,False,45.27,-11.309,-14.104,2.795,0.88,-1,256
DNAMEDIA,Diligent Media Corporation Limited,,2,2.41,-2.43,4.71,2.31,4.6,2.31,-48.83,2.51,3.12,False,41.48,-0.047,-0.05,0.003,0.84,-2,257
HCLTECH,HCL Technologies Ltd.,Information Technology,1,1222.0,-2.44,1679.96,1023.75,1679.96,1023.75,-27.26,1260.42,1302.89,False,39.99,-12.565,-11.707,-0.858,2.36,-2,259
JAMNAAUTO,Jamna Auto Industries Limited,,2,136.27,-2.44,146.53,89.33,146.53,109.14,-7.0,130.28,123.71,True,61.31,3.035,1.714,1.322,0.52,-1,259
PAGEIND,Page Industries Ltd.,Textiles,1,36580.0,-2.45,43370.55,29916.57,43370.55,29916.57,-15.66,36470.76,37559.26,False,50.43,118.739,-168.265,287.004,1.3,-2,257
DCBBANK,DCB Bank Limited,,2,202.37,-2.45,229.55,122.13,229.55,157.01,-11.84,214.92,186.24,True,37.44,0.931,4.127,-3.196,0.66,-2,259
PURVA,Puravankara Limited,,2,204.84,-2.45,280.7,163.06,259.49,163.06,-27.03,213.56,222.58,False,39.7,-1.404,-0.736,-0.668,0.21,-4,258
CCL,CCL Products (I) Ltd.,Fast Moving Consumer Goods,1,1006.2,-2.46,1226.28,824.72,1226.28,905.38,-17.95,1064.21,1070.86,False,28.31,-23.172,-18.779,-4.393,0.92,-2,259
GARFIBRES,Garware Technical Fibres Limited,,2,753.85,-2.46,842.7,591.72,842.7,591.72,-10.54,788.59,730.03,True,38.14,-4.077,2.133,-6.21,0.63,-5,258
JITFINFRA,JITF Infralogistics Limited,,2,277.15,-2.46,412.55,225.75,412.55,225.75,-32.82,290.22,317.75,False,34.66,-10.105,-10.413,0.308,0.66,-1,258
RUCHIRA,Ruchira Papers Limited,,2,104.29,-2.46,143.35,93.8,124.03,93.8,-27.25,104.95,112.93,False,48.6,0.506,0.573,-0.067,0.35,-1,257
SHILGRAVQ,Shilp Gravures Limited,,2,139.82,-2.47,167.83,139.82,167.83,139.82,-16.69,151.94,158.54,False,37.03,,,,0.36,-2,31
SURANASOL,Surana Solar Limited,,2,24.51,-2.47,33.36,18.78,28.9,18.78,-26.53,25.49,26.67,False,37.08,-0.223,-0.162,-0.061,1.53,-4,258
KMSUGAR,K.M.Sugar Mills Limited,,2,31.86,-2.48,35.3,23.51,35.3,23.51,-9.75,30.38,28.36,True,58.27,0.234,-0.049,0.283,1.13,-1,259
SIGNPOST,Signpost India Limited,,2,257.85,-2.48,326.29,198.2,326.29,198.2,-20.98,266.09,265.69,False,43.2,-0.397,-0.695,0.298,0.12,-4,256
CYIENT,Cyient Ltd.,Information Technology,1,1055.3,-2.49,1208.1,752.85,1201.0,752.85,-12.65,1060.11,984.48,True,51.91,21.948,30.302,-8.354,1.26,-2,259
IOB,Indian Overseas Bank,Financial Services,1,30.95,-2.49,40.67,30.95,37.23,30.95,-23.9,32.29,34.54,False,27.01,-0.462,-0.369,-0.093,6.05,-2,259
AGIIL,Agi Infra Limited,,2,264.85,-2.49,418.84,234.83,418.84,237.17,-36.77,273.24,304.95,False,38.71,-6.796,-7.827,1.03,0.41,-1,259
HALDER,Halder Venture Limited,,2,241.0,-2.49,304.56,217.58,304.56,217.58,-20.87,269.44,259.51,False,35.14,-8.072,-2.211,-5.861,1.19,-1,174
PRITIKAUTO,Pritika Auto Industries Limited,,2,18.4,-2.49,19.99,10.54,19.99,10.54,-7.95,16.49,15.71,True,68.47,0.213,-0.255,0.468,4.62,-1,250
ANUP,The Anup Engineering Limited,,2,1591.2,-2.5,2476.43,1440.25,2329.68,1440.25,-35.75,1691.43,1961.07,False,29.8,-57.477,-62.129,4.652,3.07,-2,258
DHANUKA,Dhanuka Agritech Limited,,2,930.55,-2.5,1536.34,896.67,1210.77,896.67,-39.43,972.87,1091.51,False,33.11,-12.558,-9.869,-2.689,1.29,-4,257
KALAMANDIR,Sai Silks (Kalamandir) Limited,,2,76.19,-2.5,196.98,76.19,154.24,76.19,-61.32,80.49,105.37,False,32.21,-2.56,-2.415,-0.145,1.66,-1,259
KNAGRI,KN Agri Resources Limited,,2,199.92,-2.5,239.95,150.19,225.91,150.19,-16.68,203.8,201.7,False,46.55,-1.039,-1.916,0.878,0.51,-1,256
PANORAMA,Panorama Studios International Limited,,2,57.77,-2.5,60.46,41.59,60.46,41.59,-4.45,53.55,47.46,True,63.45,,,,1.94,-2,30
KHANDSE,Khandwala Securities Limited,,2,17.06,-2.51,23.94,12.5,22.23,12.5,-28.74,17.59,18.4,False,44.92,0.03,0.073,-0.043,3.94,-3,256
LATENTVIEW,Latent View Analytics Ltd.,Information Technology,1,235.5,-2.52,502.1,235.5,490.25,235.5,-53.1,254.32,319.3,False,22.49,-9.553,-8.931,-0.622,2.3,-4,259
NAHARCAP,Nahar Capital and Financial Services Limited,,2,237.6,-2.52,291.51,193.64,272.2,193.64,-18.49,250.8,253.31,False,33.39,-3.035,-1.468,-1.567,2.52,-2,256
LIKHITHA,Likhitha Infrastructure Limited,,2,222.85,-2.53,270.48,133.15,270.48,133.15,-17.61,221.25,215.83,True,52.28,3.007,1.679,1.328,0.18,-2,258
ARIHANTSUP,Arihant Superstructures Limited,,2,230.25,-2.54,431.61,192.48,343.71,192.48,-46.65,235.6,274.34,False,43.49,-3.126,-5.063,1.937,0.13,-3,256
MIDWESTLTD,Midwest Limited,,2,877.0,-2.54,1803.6,877.0,1803.6,877.0,-51.38,995.12,1207.33,False,21.29,-55.194,-47.773,-7.421,1.9,-5,234
RADICO,Radico Khaitan Ltd,Fast Moving Consumer Goods,1,4364.0,-2.55,4732.9,2535.57,4732.9,2535.57,-7.79,4475.04,3763.27,True,44.35,-0.373,5.049,-5.422,1.1,-2,258
GLOBALVECT,Global Vectra Helicorp Limited,,2,131.98,-2.55,243.14,125.52,208.11,125.52,-45.72,136.66,166.19,False,37.86,-3.928,-4.712,0.784,0.61,-1,256
VIRINCHI,Virinchi Limited,,2,13.37,-2.55,28.53,13.37,24.41,13.37,-53.14,14.12,18.12,False,29.59,-0.36,-0.34,-0.02,1.16,-2,258
PIIND,PI Industries Ltd.,Chemicals,1,2288.8,-2.56,3800.59,2255.0,3270.47,2255.0,-39.78,2372.03,2828.3,False,38.4,-39.145,-49.513,10.368,0.69,-2,259
ECLERX,eClerx Services Ltd.,Services,1,1769.7,-2.56,2472.13,1324.17,2472.13,1324.17,-28.41,1890.36,1813.94,False,35.66,-7.895,11.383,-19.278,1.11,-2,259
DCMFINSERV,DCM Financial Services Limited,,2,4.93,-2.57,8.15,3.91,8.15,3.91,-39.51,5.1,5.29,False,42.37,-0.076,-0.066,-0.01,1.09,-1,256
DEVIT,Dev Information Technology Limited,,2,21.59,-2.57,42.53,21.59,40.18,21.59,-49.24,23.35,29.06,False,21.32,-0.849,-0.751,-0.098,0.79,-4,257
ORKLAINDIA,Orkla India Limited,,2,540.05,-2.57,713.65,537.45,650.2,537.45,-24.33,569.1,605.22,False,35.56,-7.179,-2.164,-5.015,2.7,-2,227
RAMANEWS,Shree Rama Newsprint Limited,,2,30.31,-2.57,39.41,27.93,39.41,27.93,-23.09,31.45,31.31,False,41.57,-0.178,-0.035,-0.143,0.39,-1,256
NORBTEAEXP,Norben Tea & Exports Limited,,2,64.9,-2.58,99.35,49.05,99.35,60.08,-34.68,66.54,70.99,False,45.35,-0.198,-0.333,0.134,2.12,-2,257
ZFSTEERING,ZF Steering Gear (India) Limited,,2,710.85,-2.58,855.2,642.3,855.2,642.3,-16.88,710.59,742.1,False,51.55,11.73,11.724,0.005,0.29,-2,115
ABREL,Aditya Birla Real Estate Ltd.,Realty,1,1160.6,-2.59,1887.11,1092.99,1743.26,1092.99,-38.5,1261.79,1409.14,False,27.52,-49.226,-41.53,-7.696,1.04,-2,259
FOODSIN,Foods & Inns Limited,,2,51.46,-2.59,89.29,45.58,74.62,45.58,-42.37,53.73,60.59,False,40.12,-0.61,-0.339,-0.271,1.05,-5,258
VISHWARAJ,Vishwaraj Sugar Industries Limited,,2,5.26,-2.59,8.31,4.18,7.19,4.18,-36.7,5.46,5.98,False,41.23,-0.098,-0.081,-0.017,0.57,-2,257
AFCONS,Afcons Infrastructure Ltd.,Construction,1,245.1,-2.6,462.49,245.1,396.3,245.1,-47.0,262.45,315.93,False,31.52,-7.943,-6.477,-1.466,0.19,-5,259
SAPPHIRE,Sapphire Foods India Ltd.,Consumer Services,1,211.05,-2.6,301.4,150.42,262.7,150.42,-29.98,226.07,216.21,False,36.21,-0.905,1.587,-2.492,4.82,-6,259
THELEELA,Leela Palaces Hotels & Resorts Ltd.,Consumer Services,1,533.6,-2.61,575.35,389.65,575.35,391.45,-7.26,539.55,472.7,True,48.33,2.289,3.889,-1.6,4.31,-1,257
SOLARINDS,Solar Industries India Ltd.,Chemicals,1,18650.0,-2.61,22455.0,11765.05,22455.0,11765.05,-16.95,19853.31,17253.75,True,38.59,-276.632,-49.104,-227.529,0.85,-2,258
STARHEALTH,Star Health and Allied Insurance Company Ltd.,Financial Services,1,538.1,-2.61,610.4,425.15,610.4,425.15,-11.84,555.93,530.25,True,38.15,-7.288,-7.005,-0.283,0.62,-2,259
AMBIKCO,Ambika Cotton Mills Limited,,2,1527.1,-2.61,1860.79,1099.59,1860.79,1099.59,-17.93,1569.05,1523.6,True,38.52,-16.431,-16.983,0.551,1.1,-1,258
GRPLTD,GRP Limited,,2,1899.4,-2.61,2296.16,1539.56,2102.12,1539.56,-17.28,1981.68,1918.8,False,39.96,-7.949,0.891,-8.84,1.09,-2,256
VISHNU,Vishnu Chemicals Limited,,2,673.9,-2.61,731.55,452.48,731.55,479.77,-7.88,693.79,595.67,True,45.49,11.606,18.217,-6.611,1.03,-4,259
J&KBANK,Jammu & Kashmir Bank Ltd.,Financial Services,1,138.52,-2.62,192.65,98.09,192.65,98.09,-28.1,146.41,138.76,False,31.69,-2.421,-2.253,-0.168,1.3,-4,259
JAGSNPHARM,Jagsonpal Pharmaceuticals Limited,,2,234.71,-2.62,243.97,158.42,243.97,158.42,-3.8,233.59,215.87,True,52.0,1.356,0.65,0.707,0.16,-3,259
WSTCSTPAPR,West Coast Paper Mills Limited,,2,703.45,-2.62,768.3,379.39,768.3,379.39,-8.44,705.95,541.84,True,53.67,27.899,32.983,-5.084,0.6,-7,258
BLACKROSE,Black Rose Inds. Limited,,2,113.25,-2.64,116.32,103.21,116.32,103.21,-2.64,111.69,108.66,True,55.68,,,,1.53,-1,30
AAVAS,Aavas Financiers Ltd.,Financial Services,1,1248.4,-2.65,1736.4,1073.9,1549.1,1073.9,-28.1,1288.58,1391.98,False,38.38,-17.577,-18.646,1.069,0.7,-1,259
ORIRAIL,Oriental Rail Infrastructure Limited,,2,122.81,-2.65,132.89,103.55,132.89,103.55,-7.59,122.48,111.67,True,54.8,,,,0.84,-1,31
SUNDARAM,Sundaram Multi Pap Limited,,2,1.1,-2.65,2.06,1.04,1.81,1.04,-46.6,1.17,1.4,False,29.24,-0.026,-0.019,-0.007,1.74,-4,257
LICI,Life Insurance Corporation of India,Financial Services,1,390.0,-2.66,451.49,354.51,443.05,354.51,-13.62,404.69,412.23,False,37.61,-3.52,-3.069,-0.451,1.42,-2,259
SUNDARMFIN,Sundaram Finance Ltd.,Financial Services,1,4334.8,-2.66,5552.22,4047.76,5552.22,4047.76,-21.93,4595.64,4638.2,False,30.98,-26.314,14.081,-40.395,1.16,-5,259
PRIMO,Primo Chemicals Limited,,2,27.38,-2.67,28.13,16.85,28.13,16.85,-2.67,23.3,23.02,True,69.12,0.946,0.222,0.724,2.5,-1,256
BDL,Bharat Dynamics Ltd.,Capital Goods,1,1085.1,-2.68,1607.54,1085.1,1563.91,1085.1,-32.5,1181.4,1326.96,False,25.44,-43.927,-38.449,-5.479,1.07,-7,259
ALLCARGO,Allcargo Logistics Limited,,2,10.53,-2.68,35.59,7.18,13.33,7.18,-70.41,11.26,12.41,False,41.24,-0.108,0.113,-0.222,0.51,-1,259
PANCHMAHQ,Panchmahal Steel Limited,,2,290.0,-2.68,305.0,280.0,305.0,280.0,-4.92,294.53,288.89,True,48.64,,,,0.1,-1,30
SHYAMTEL,Shyam Telecom Limited,,2,10.86,-2.69,25.05,7.92,25.05,7.92,-56.65,11.61,14.38,False,34.63,-0.737,-0.857,0.12,1.11,-1,257
DICIND,DIC India Limited,,2,619.95,-2.7,665.65,458.9,665.65,458.9,-6.87,621.17,545.18,True,52.39,18.631,19.982,-1.35,0.25,-2,256
SBFC,SBFC Finance Ltd.,Financial Services,1,84.46,-2.72,118.5,80.95,107.94,80.95,-28.73,92.24,95.62,False,23.66,-2.346,-1.117,-1.229,5.0,-4,259
RANEHOLDIN,Rane Holdings Limited,,2,1541.3,-2.72,1824.79,966.67,1824.79,966.67,-15.54,1612.4,1485.99,True,33.73,-22.427,-14.257,-8.17,0.67,-1,259
PGEL,PG Electroplast Ltd.,Consumer Durables,1,493.15,-2.73,630.35,440.44,630.35,440.44,-21.77,533.7,555.45,False,25.74,-19.295,-17.136,-2.159,2.24,-2,259
GLOBE,GLOBE ENTERPRISES (INDIA) LIMITED,,2,2.14,-2.73,3.15,1.76,3.15,1.76,-32.06,2.06,2.25,False,58.27,0.064,0.026,0.037,0.63,-3,258
NBCC,NBCC (India) Ltd.,Construction,1,78.01,-2.74,121.67,76.99,121.67,76.99,-35.88,83.18,95.31,False,29.44,-2.173,-2.132,-0.041,1.89,-2,259
GTL,GTL Limited,,2,6.75,-2.74,9.59,5.07,8.82,5.07,-29.61,7.07,7.7,False,32.99,-0.109,-0.09,-0.019,1.31,-2,258
GICRE,General Insurance Corporation of India,Financial Services,1,320.25,-2.75,394.12,320.25,394.12,320.25,-18.74,339.89,354.14,False,32.56,-3.468,-1.196,-2.271,0.73,-4,259
ARIHANT,Arihant Foundations & Housing Limited,,2,888.9,-2.75,1149.6,39.65,1149.6,39.65,-22.68,918.25,645.7,True,42.65,-19.274,-21.786,2.512,0.47,-1,119
SANOFICONR,Sanofi Consumer Healthcare India Limited,,2,3867.0,-2.75,4950.61,3867.0,4950.61,3867.0,-21.89,4045.3,4462.01,False,27.33,-95.248,-95.981,0.733,6.21,-1,258
FSL,Firstsource Solutions Ltd.,Services,1,248.9,-2.77,359.36,204.39,348.64,204.39,-30.74,263.83,273.52,False,37.32,-2.978,-1.755,-1.223,0.17,-5,259
LICHSGFIN,LIC Housing Finance Ltd.,Financial Services,1,548.5,-2.77,581.77,451.63,574.81,451.63,-5.72,552.35,535.2,True,50.21,8.942,10.191,-1.249,0.83,-2,259
AEPL,Artemis Electricals and Projects Limited,,2,14.72,-2.77,19.66,13.99,19.66,13.99,-25.13,15.97,16.72,False,38.13,-0.077,0.146,-0.223,0.1,-4,138
PRAVEG,Praveg Limited,,2,242.6,-2.77,276.1,242.6,276.1,242.6,-12.13,256.35,254.49,False,39.67,,,,0.72,-4,31
INDIACEM,India Cements Ltd.,Construction Materials,1,303.7,-2.78,478.55,303.7,478.55,303.7,-36.54,339.97,384.97,False,19.94,-13.796,-10.792,-3.004,0.79,-6,259
PIDILITIND,Pidilite Industries Ltd.,Chemicals,1,1461.0,-2.79,1701.5,1264.49,1701.5,1264.49,-14.13,1559.02,1527.51,False,28.27,-31.806,-23.356,-8.45,1.87,-4,259
TTML,Tata Teleservices (Maharashtra) Ltd.,Telecommunication,1,35.18,-2.79,58.68,31.36,51.36,31.36,-40.05,36.08,42.42,False,42.02,-0.758,-0.798,0.04,2.02,-1,259
INDIGOPNTS,Indigo Paints Limited,,2,1078.9,-2.8,1320.4,707.8,1238.15,707.8,-18.29,1116.7,1052.0,True,41.27,-4.364,-1.971,-2.393,1.13,-2,259
RUDRA,Rudra Global Infra Products Limited,,2,18.03,-2.8,27.47,14.8,27.47,14.8,-34.36,19.77,20.51,False,31.37,-0.326,-0.058,-0.268,0.72,-2,195
BOSCHLTD,Bosch Ltd.,Automobile and Auto Components,1,45700.0,-2.81,50000.0,28557.08,50000.0,28557.08,-8.6,47472.09,40888.41,True,41.0,166.886,507.598,-340.712,0.55,-2,257
THERMAX,Thermax Ltd.,Capital Goods,1,3291.0,-2.81,5138.51,2762.52,5138.51,2783.83,-35.95,3575.42,3864.43,False,21.85,-157.474,-150.98,-6.494,1.15,-2,258
UMIYA-MRO,UMIYA BUILDCON LIMITED,,2,94.8,-2.81,106.88,70.3,104.82,70.3,-11.3,96.36,89.21,True,47.53,0.858,1.389,-0.531,0.32,-1,257
MADHAV,Madhav Marbles and Granites Limited,,2,34.81,-2.82,44.89,29.7,43.06,29.7,-22.45,35.16,37.17,False,47.85,-0.037,-0.04,0.003,0.03,-1,256
GSPCROP,GSP Crop Science Limited,,2,469.45,-2.83,641.79,337.18,641.79,337.18,-26.85,511.84,456.72,True,30.87,-25.034,-22.608,-2.426,0.7,-2,131
UEL,Ujaas Energy Limited,,2,184.75,-2.83,273.12,92.42,273.12,115.92,-32.36,197.22,160.91,True,43.51,-3.169,0.121,-3.29,0.42,-1,258
VASCONEQ,Vascon Engineers Limited,,2,33.97,-2.83,71.28,27.06,47.85,27.06,-52.34,31.98,37.71,False,62.86,0.762,0.199,0.563,0.85,-1,259
ABFRL,Aditya Birla Fashion and Retail Ltd.,Consumer Services,1,46.24,-2.84,87.99,46.24,78.63,46.24,-47.45,50.05,62.55,False,27.82,-1.822,-1.711,-0.111,2.72,-2,259
PYRAMID,Pyramid Technoplast Limited,,2,156.54,-2.84,195.33,134.03,195.33,134.03,-19.86,158.22,162.54,False,45.28,-0.648,-1.689,1.041,0.83,-2,256
PVRINOX,PVR INOX Ltd.,Media Entertainment & Publication,1,1190.1,-2.85,1349.3,918.6,1349.3,918.6,-11.8,1246.72,1095.25,True,43.51,16.319,27.199,-10.881,1.15,-6,259
JYOTHYLAB,Jyothy Labs Limited,,2,184.26,-2.85,315.49,184.26,282.48,184.26,-41.6,194.64,224.58,False,26.74,-3.572,-2.859,-0.713,0.5,-4,259
RSSOFTWARE,R. S. Software (India) Limited,,2,29.97,-2.85,72.52,21.93,59.47,21.93,-58.67,30.52,38.02,False,46.3,-0.015,-0.137,0.122,0.15,-1,258
DIXON,Dixon Technologies (India) Ltd.,Consumer Durables,1,13250.0,-2.86,17431.59,9665.56,14978.47,9665.56,-23.99,13553.41,13285.8,False,42.29,-217.556,-221.752,4.197,0.94,-1,259
ASIANHOTNR,Asian Hotels (North) Limited,,2,361.35,-2.86,405.75,255.0,405.75,255.0,-10.94,372.92,322.24,True,47.3,10.661,14.985,-4.324,0.31,-2,257
GLOBECIVIL,Globe Civil Projects Limited,,2,42.06,-2.86,75.51,33.86,61.49,33.86,-44.3,43.64,48.49,False,41.2,-0.347,-0.088,-0.258,0.57,-1,257
SRF,SRF Ltd.,Chemicals,1,2420.1,-2.87,3178.08,2386.96,3100.08,2386.96,-23.85,2523.77,2681.36,False,32.16,-26.684,-25.244,-1.441,1.42,-2,259
TATATECH,Tata Technologies Ltd.,Information Technology,1,686.75,-2.87,879.15,501.5,879.15,501.5,-21.88,743.15,707.71,False,27.08,-25.744,-19.086,-6.658,0.68,-1,259
COFORGE,Coforge Ltd.,Information Technology,1,1722.0,-2.88,2014.6,1071.4,2014.6,1071.4,-14.52,1812.94,1615.71,True,36.03,-19.081,-2.426,-16.655,0.85,-3,259
ROSSARI,Rossari Biotech Limited,,2,427.7,-2.88,671.9,378.24,586.33,378.24,-36.34,451.17,514.33,False,29.32,-12.898,-13.79,0.891,1.1,-4,259
TREJHARA,TREJHARA SOLUTIONS LIMITED,,2,135.7,-2.89,276.2,130.83,248.6,130.83,-50.87,140.77,163.08,False,41.9,-3.296,-3.474,0.178,2.21,-2,257
INTELLECT,Intellect Design Arena Ltd.,Information Technology,1,613.25,-2.9,1186.57,592.84,1043.55,592.84,-48.32,658.12,760.12,False,28.9,-17.679,-14.028,-3.651,0.91,-4,259
BLUESTARCO,Blue Star Ltd.,Consumer Durables,1,1529.5,-2.91,2006.86,1445.3,2006.86,1445.3,-23.79,1529.97,1670.08,False,49.83,5.839,-0.537,6.377,1.5,-1,259
SBGLP,Suratwwala Business Group Limited,,2,22.98,-2.92,39.28,18.44,39.28,18.44,-41.5,23.36,26.7,False,47.63,-0.206,-0.323,0.117,0.49,-1,257
AERONEU,Aeroflex Neu Limited,,2,72.98,-2.93,103.98,63.79,103.98,63.79,-29.81,73.78,82.78,False,46.86,-1.845,-3.049,1.204,0.51,-3,257
TATAINVEST,Tata Investment Corporation Ltd.,Financial Services,1,625.45,-2.95,1052.57,538.37,728.74,538.37,-40.58,659.67,676.76,False,40.18,-0.475,3.902,-4.377,0.21,-5,259
WIPRO,Wipro Ltd.,Information Technology,1,156.79,-2.95,262.81,156.79,262.81,156.79,-40.34,167.38,194.45,False,25.09,-4.438,-3.817,-0.62,9.2,-2,259
TIMKEN,Timken India Ltd.,Capital Goods,1,3086.2,-2.96,3764.06,2907.05,3764.06,2939.23,-18.01,3187.05,3259.58,False,42.13,-6.025,-1.103,-4.922,1.34,-4,258
LEXUS,Lexus Granito (India) Limited,,2,11.82,-2.96,38.31,11.82,38.31,11.82,-69.15,12.88,19.24,False,33.48,-0.482,-0.385,-0.097,1.13,-1,256
LPDC,Landmark Property Development Company Limited,,2,6.22,-2.96,9.0,5.53,8.12,5.53,-30.89,6.51,6.79,False,42.56,-0.062,-0.062,-0.0,0.92,-4,258
LCCINFOTEC,LCC Infotech Limited,,2,3.9,-2.99,5.61,2.99,5.61,2.99,-30.48,3.71,4.32,False,54.9,0.05,-0.045,0.095,1.01,-2,256
NACLIND,NACL Industries Limited,,2,132.45,-2.99,243.02,115.93,243.02,115.93,-45.5,149.79,175.35,False,19.28,-10.13,-9.104,-1.026,1.96,-2,259
TERASOFT,Tera Software Limited,,2,209.25,-2.99,576.55,209.25,483.01,209.25,-63.71,248.59,361.55,False,22.6,-28.139,-28.574,0.436,1.17,-6,257
TITAN,Titan Company Ltd.,Consumer Durables,1,4675.0,-3.0,5169.2,3355.99,5169.2,3840.5,-9.56,4897.84,4447.43,True,32.89,-51.131,-26.201,-24.93,2.04,-2,259
IONEXCHANG,ION Exchange (India) Limited,,2,410.2,-3.0,466.72,316.18,466.72,316.18,-12.11,419.12,394.28,True,46.94,6.308,9.188,-2.879,0.3,-1,258
ADL,Archidply Decor Limited,,2,70.0,-3.01,93.51,52.52,82.4,52.52,-25.14,71.2,73.67,False,45.7,-0.581,-0.442,-0.139,0.07,-1,256
SHREEPUSHK,Shree Pushkar Chemicals & Fertilisers Limited,,2,481.9,-3.01,514.3,274.57,514.3,274.57,-6.3,487.71,401.45,True,51.06,14.625,19.347,-4.722,0.28,-2,259
LAXMICOT,Laxmi Cotspin Limited,,2,12.85,-3.02,24.43,11.88,24.43,11.88,-47.4,13.19,15.54,False,43.6,-0.154,-0.205,0.051,0.57,-2,256
MMWL,Media Matrix Worldwide Limited,,2,14.12,-3.02,16.16,10.2,16.16,10.2,-12.62,14.05,12.75,True,50.29,-0.058,-0.187,0.129,0.12,-2,114
SHIVAMAUTO,Shivam Autotech Limited,,2,16.7,-3.02,31.73,13.34,27.2,13.34,-47.37,17.3,19.91,False,45.46,0.059,0.097,-0.038,0.62,-4,257
MACPOWER,Macpower CNC Machines Limited,,2,2128.1,-3.03,2194.6,777.63,2194.6,792.32,-3.03,1986.59,1347.18,True,61.9,90.4,78.217,12.182,0.86,-1,258
SHEMAROO,Shemaroo Entertainment Limited,,2,117.95,-3.04,138.09,74.21,138.09,74.21,-14.58,121.73,115.14,True,42.15,-1.06,-1.164,0.104,0.35,-2,249
SPCENET,Spacenet Enterprises India Limited,,2,3.19,-3.04,10.93,3.01,7.0,3.01,-70.81,3.32,4.39,False,41.65,-0.044,-0.047,0.002,0.73,-4,257
WAAREEENER,Waaree Energies Ltd.,Capital Goods,1,2380.0,-3.05,3622.52,2380.0,3500.15,2380.0,-34.3,2527.16,2898.89,False,30.64,-55.186,-46.706,-8.48,1.23,-2,259
TSFINV,TSF INVESTMENTS LIMITED,,2,421.45,-3.05,673.74,334.39,480.75,334.39,-37.45,438.92,440.64,False,40.95,5.615,6.638,-1.023,5.03,-4,259
AFFLE,Affle 3i Ltd.,Information Technology,1,1501.0,-3.06,1967.4,1268.7,1821.9,1268.7,-23.71,1577.59,1602.03,False,35.99,-16.84,-12.402,-4.438,0.52,-3,259
DEEPAKFERT,Deepak Fertilisers & Petrochemicals Corp. Ltd.,Chemicals,1,1308.9,-3.08,1653.03,866.19,1653.03,866.19,-20.82,1361.13,1371.62,False,38.19,-26.006,-31.916,5.91,0.77,-2,259
ICICIPRULI,ICICI Prudential Life Insurance Company Ltd.,Financial Services,1,444.55,-3.08,686.07,444.55,686.07,444.55,-35.2,476.41,532.52,False,31.37,-9.604,-7.26,-2.343,1.83,-6,259
SYRMA,Syrma SGS Technology Ltd.,Capital Goods,1,1692.6,-3.08,1746.4,639.5,1746.4,639.5,-3.08,1634.61,1208.33,True,59.9,66.999,61.289,5.71,0.4,-1,259
ZEEL,Zee Entertainment Enterprises Ltd.,Media Entertainment & Publication,1,74.14,-3.08,113.05,66.79,113.05,66.79,-34.42,81.34,93.48,False,26.64,-4.906,-4.983,0.077,0.97,-3,259
VIPCLOTHNG,VIP Clothing Limited,,2,20.44,-3.08,38.2,14.79,33.89,14.79,-46.49,21.0,24.49,False,42.71,0.075,0.039,0.036,0.47,-4,257
CREDITACC,CreditAccess Grameen Ltd.,Financial Services,1,1216.3,-3.1,1614.0,1134.9,1614.0,1134.9,-24.64,1362.44,1387.24,False,21.52,-50.215,-35.396,-14.819,2.24,-6,259
KEC,Kec International Ltd.,Construction,1,378.35,-3.12,862.9,378.35,744.08,378.35,-56.15,402.88,536.29,False,32.09,-11.412,-11.433,0.021,1.13,-2,259
PERSISTENT,Persistent Systems Ltd.,Information Technology,1,5162.0,-3.12,6517.4,4283.62,6517.4,4283.62,-20.8,5412.54,5343.98,False,36.37,-67.686,-33.958,-33.728,0.73,-2,259
OLECTRA,Olectra Greentech Ltd.,Automobile and Auto Components,1,1136.9,-3.14,1569.81,880.0,1537.02,880.0,-27.58,1217.75,1293.26,False,33.13,-27.474,-27.697,0.223,0.97,-4,259
WHIRLPOOL,Whirlpool of India Ltd.,Consumer Durables,1,888.2,-3.15,1412.45,717.7,990.68,717.7,-37.12,812.42,878.08,True,64.91,23.74,5.765,17.974,0.62,-2,259
INDIANCARD,Indian Card Clothing Company Limited,,2,183.72,-3.15,269.45,156.6,247.21,156.6,-31.82,206.29,220.97,False,29.36,-5.256,-2.751,-2.505,2.13,-3,256
GUJAPOLLO,Gujarat Apollo Industries Limited,,2,330.65,-3.16,496.05,322.15,445.44,322.15,-33.34,338.52,381.71,False,44.86,-3.744,-3.46,-0.284,0.6,-1,257
CHEMCON,Chemcon Speciality Chemicals Limited,,2,213.81,-3.17,268.13,121.89,228.66,121.89,-20.26,215.51,194.19,True,51.82,6.873,7.51,-0.637,0.8,-4,250
KARMAENG,Karma Energy Limited,,2,37.9,-3.17,70.8,34.43,53.34,34.43,-46.47,39.0,43.1,False,44.51,0.138,0.175,-0.037,0.47,-1,256
S&SPOWER,S&S Power Switchgears Limited,,2,301.25,-3.17,423.8,204.18,423.8,235.19,-28.92,320.82,342.14,False,38.79,-5.007,-1.972,-3.034,1.59,-1,256
TEXMOPIPES,Texmo Pipes and Products Limited,,2,53.72,-3.17,62.24,33.08,62.24,33.08,-13.69,55.62,48.42,True,48.38,2.374,3.25,-0.876,0.36,-4,257
MARICO,Marico Ltd.,Fast Moving Consumer Goods,1,787.15,-3.21,885.35,694.23,885.35,719.11,-11.09,817.57,800.86,False,36.62,-6.733,-6.841,0.108,1.1,-4,259
ABSLAMC,Aditya Birla Sun Life AMC Ltd.,Financial Services,1,955.9,-3.22,1169.69,699.42,1169.69,730.2,-18.28,1030.74,977.92,False,33.76,-12.315,-0.9,-11.415,0.85,-8,259
SKFINDUS,SKF India (Industrial) Limited,,2,2789.0,-3.22,3062.8,2015.84,3062.8,2015.84,-8.94,2888.21,2620.65,True,43.49,6.139,24.05,-17.911,1.74,-3,203
NIVABUPA,Niva Bupa Health Insurance Company Ltd.,Financial Services,1,73.28,-3.24,88.36,68.4,88.36,68.4,-17.07,79.07,80.95,False,25.93,-1.775,-1.288,-0.487,7.8,-2,258
CHALET,Chalet Hotels Ltd.,Consumer Services,1,840.75,-3.25,973.81,701.5,911.41,701.5,-13.66,870.17,851.56,False,40.76,-0.141,2.727,-2.869,6.26,-3,259
BELRISE,Belrise Industries Ltd.,Automobile and Auto Components,1,240.52,-3.26,260.72,144.76,260.72,155.6,-7.75,238.55,212.99,True,53.3,3.154,1.589,1.565,0.57,-1,259
JUBLFOOD,Jubilant Foodworks Ltd.,Consumer Services,1,463.0,-3.28,626.67,411.98,575.81,411.98,-26.12,480.43,487.82,False,41.1,-0.901,0.691,-1.593,2.42,-2,259
ATHERENERG,Ather Energy Ltd.,Automobile and Auto Components,1,1407.0,-3.29,1725.6,565.5,1725.6,601.35,-18.46,1533.74,1104.9,True,36.62,-10.647,18.506,-29.153,1.45,-7,259
COLPAL,Colgate Palmolive (India) Ltd.,Fast Moving Consumer Goods,1,1785.1,-3.29,2268.56,1767.86,2268.56,1767.86,-21.31,1855.05,2024.52,False,37.08,-18.674,-21.619,2.944,0.63,-2,259
CELEBRITY,Celebrity Fashions Limited,,2,6.46,-3.29,11.88,5.81,9.55,5.81,-45.62,6.7,7.87,False,38.74,-0.075,-0.064,-0.011,1.19,-1,257
PILITA,PIL ITALICA LIFESTYLE LIMITED,,2,7.34,-3.29,14.01,6.41,10.85,6.41,-47.61,7.69,9.01,False,35.86,-0.19,-0.191,0.001,0.58,-2,256
YOGI,Yogi Limited,,2,156.67,-3.29,165.72,154.81,165.72,154.81,-5.46,160.57,156.99,False,46.98,,,,0.69,-1,30
ASTAR,Asian Star Company Limited,,2,685.35,-3.31,805.85,559.66,805.85,559.66,-14.95,656.2,599.35,True,56.56,,,,0.09,-1,31
SIGNATURE,Signatureglobal (India) Ltd.,Realty,1,754.45,-3.32,1146.5,714.2,1146.5,714.2,-34.2,773.75,862.34,False,40.8,-5.295,-6.709,1.413,0.9,-2,256
IREDA,Indian Renewable Energy Development Agency Ltd.,Financial Services,1,111.0,-3.33,153.73,107.69,144.9,107.69,-27.8,112.24,124.65,False,45.66,-0.937,-1.391,0.454,1.89,-1,259
JINDWORLD,Jindal Worldwide Limited,,2,47.07,-3.33,58.52,18.1,58.52,18.1,-19.57,48.36,35.16,True,49.64,1.777,2.802,-1.026,0.1,-1,259
UNIONBANK,Union Bank of India,Financial Services,1,166.0,-3.35,196.47,131.52,196.47,144.87,-15.51,178.18,168.54,False,29.44,-2.277,-1.035,-1.241,2.56,-2,259
NOCIL,NOCIL Limited,,2,169.31,-3.35,206.3,127.04,206.3,127.04,-17.93,183.27,168.88,True,40.92,3.103,5.425,-2.322,1.09,-4,259
GABRIEL,Gabriel India Ltd.,Automobile and Auto Components,1,1303.9,-3.36,1584.42,821.4,1584.42,821.4,-17.7,1362.3,1218.65,True,43.21,-7.814,-9.098,1.283,0.34,-5,259
STLSTRINF,Steel Strips Infrastructures Limited,,2,23.0,-3.36,26.52,17.67,26.52,17.67,-13.27,22.29,19.63,True,55.25,,,,0.3,-1,30
SUMEETINDS,Sumeet Industries Limited,,2,11.2,-3.36,38.99,9.35,35.3,9.35,-71.27,11.52,23.28,False,40.78,-1.019,-1.546,0.526,0.5,-2,257
HEROMOTOCO,Hero MotoCorp Ltd.,Automobile and Auto Components,1,5208.0,-3.38,6138.79,4706.27,5895.0,4706.27,-15.16,5343.61,5254.98,False,42.1,-31.101,-34.437,3.336,1.33,-1,259
JKCEMENT,J.K. Cement Ltd.,Construction Materials,1,4824.5,-3.38,6700.06,4683.57,5954.84,4683.57,-27.99,5024.48,5459.9,False,37.6,-56.863,-68.581,11.718,0.71,-3,259
SOUTHWEST,South West Pinnacle Exploration Limited,,2,183.41,-3.39,269.13,122.29,269.13,171.25,-31.85,199.97,210.57,False,33.34,-8.712,-7.153,-1.559,0.42,-1,258
CROMPTON,Crompton Greaves Consumer Electricals Ltd.,Consumer Durables,1,211.37,-3.4,298.36,211.37,298.36,211.37,-29.16,225.87,256.28,False,25.22,-6.639,-6.095,-0.544,2.44,-1,259
EMUDHRA,eMudhra Limited,,2,627.15,-3.4,681.59,373.08,662.0,373.08,-7.99,599.32,527.1,True,59.65,34.348,29.599,4.749,0.22,-3,258
HDFCAMC,HDFC Asset Management Company Ltd.,Financial Services,1,2223.3,-3.43,2839.64,2168.96,2802.31,2168.96,-21.7,2411.54,2581.59,False,25.34,-57.522,-44.672,-12.85,2.17,-4,259
CHEMBOND,Chembond Material Technologies Limited,,2,182.87,-3.46,225.82,105.58,225.82,105.58,-19.02,190.57,171.76,True,45.23,1.996,4.151,-2.156,0.35,-2,258
BALKRISHNA,Balkrishna Paper Mills Limited,,2,15.87,-3.47,24.68,12.88,20.37,12.88,-35.7,16.48,18.07,False,39.52,-0.314,-0.294,-0.021,1.12,-1,257
INDUSINDBK,IndusInd Bank Ltd.,Financial Services,1,878.0,-3.48,1069.3,722.23,1069.3,751.23,-17.89,953.38,922.68,False,23.33,-25.027,-16.73,-8.297,1.49,-4,259
LTF,L&T Finance Ltd.,Financial Services,1,271.05,-3.49,335.6,237.75,335.6,237.75,-19.23,299.16,292.15,False,30.39,-8.032,-4.472,-3.559,2.44,-2,259
ZYDUSWELL,Zydus Wellness Ltd.,Fast Moving Consumer Goods,1,506.1,-3.49,602.5,372.76,602.5,372.76,-16.0,530.7,508.44,False,38.55,-4.766,-0.994,-3.772,0.53,-1,259
ELECTHERM,Electrotherm (India) Limited,,2,778.35,-3.51,1230.5,555.35,1230.5,555.35,-36.75,914.36,937.12,False,13.7,-46.606,-32.659,-13.947,0.47,-4,257
BANKA,Banka BioLoo Limited,,2,70.52,-3.52,94.69,41.97,94.69,41.97,-25.53,76.97,79.7,False,33.76,-2.194,-1.691,-0.503,0.81,-3,256
INDNIPPON,India Nippon Electricals Limited,,2,1244.8,-3.55,1369.0,679.15,1369.0,679.15,-9.07,1243.21,1004.13,True,52.58,37.102,39.831,-2.729,0.25,-2,258
INOXGREEN,Inox Green Energy Services Limited,,2,163.96,-3.55,272.2,135.01,213.64,135.01,-39.76,172.76,182.12,False,35.82,-1.992,-1.58,-0.412,1.53,-4,259
RECLTD,REC Ltd.,Financial Services,1,292.45,-3.56,377.31,292.45,377.31,292.45,-22.49,311.99,340.49,False,28.74,-7.257,-7.016,-0.241,6.55,-2,259
KSCL,Kaveri Seed Company Limited,,2,742.1,-3.56,1070.3,690.45,1003.8,690.45,-30.66,741.04,866.69,False,49.16,-3.29,-12.72,9.43,0.24,-2,258
BRIGADE,Brigade Enterprises Ltd.,Realty,1,563.05,-3.57,778.36,474.38,712.3,474.38,-27.66,616.43,592.64,False,32.67,-10.458,-0.732,-9.726,0.51,-5,259
MFSL,Max Financial Services Ltd.,Financial Services,1,1392.4,-3.57,1870.0,1392.4,1870.0,1392.4,-25.54,1494.91,1585.56,False,36.87,-23.594,-13.356,-10.238,0.76,-2,259
SILVERTUC,Silver Touch Technologies Limited,,2,140.59,-3.57,1095.63,103.75,1095.63,103.75,-87.17,156.27,257.45,False,29.31,-9.125,-9.145,0.019,0.49,-2,259
NGIL,Nakoda Group of Industries Limited,,2,39.72,-3.59,42.26,22.39,42.26,22.39,-6.01,38.32,35.83,True,55.06,0.217,-0.409,0.626,0.67,-1,257
PROTEAN,Protean eGov Technologies Limited,,2,666.65,-3.59,880.5,438.38,774.64,438.38,-24.29,581.29,610.91,True,73.32,35.471,13.646,21.825,0.46,-1,259
GODFRYPHLP,Godfrey Phillips India Ltd.,Fast Moving Consumer Goods,1,1862.0,-3.6,3441.95,1817.42,2831.19,1817.42,-45.9,1981.43,2270.61,False,31.5,-41.93,-39.863,-2.067,1.85,-4,259
PRESTIGE,Prestige Estates Projects Ltd.,Realty,1,1417.5,-3.62,1782.56,1125.08,1731.02,1125.08,-20.48,1494.92,1525.18,False,33.7,-35.142,-34.109,-1.033,1.61,-2,259
MAHSCOOTER,Maharashtra Scooters Limited,,2,12341.0,-3.62,17320.45,10926.34,14064.87,10926.34,-28.75,13095.43,13363.19,False,33.11,-86.362,-11.847,-74.516,7.2,-6,257
SADBHAV,Sadbhav Engineering Limited,,2,6.93,-3.62,14.19,6.1,14.19,6.1,-51.16,7.69,9.13,False,30.87,-0.279,-0.222,-0.056,1.76,-4,257
GYFTR,Gyftr Limited,,2,156.36,-3.63,186.34,145.38,186.34,145.38,-16.09,169.88,167.84,False,32.78,-1.554,1.166,-2.72,3.37,-3,57
ACEINTEG,Ace Integrated Solutions Limited,,2,16.4,-3.64,25.76,15.25,23.04,15.25,-36.34,17.49,19.76,False,36.91,-0.275,-0.235,-0.04,0.84,-3,256
AHLUCONT,Ahluwalia Contracts (India) Limited,,2,551.55,-3.64,1052.43,551.55,1006.88,551.55,-47.59,597.49,788.33,False,24.84,-32.028,-37.06,5.032,3.28,-2,259
OFSS,Oracle Financial Services Software Ltd.,Information Technology,1,10406.0,-3.65,12540.0,6126.48,12540.0,6126.48,-17.02,11281.54,9916.98,True,30.36,-280.377,-146.867,-133.51,0.84,-1,259
BLUEDART,Blue Dart Express Ltd.,Services,1,4576.0,-3.66,6694.0,4576.0,5884.0,4576.0,-31.64,4837.67,5163.28,False,22.68,-84.891,-65.204,-19.687,7.12,-1,258
FRONTSP,Frontier Springs Limited,,2,1394.1,-3.66,1510.4,1162.2,1510.4,1162.2,-7.7,1310.97,1283.58,True,59.18,,,,0.43,-1,31
OBEROIRLTY,Oberoi Realty Ltd.,Realty,1,1762.9,-3.67,1951.29,1408.23,1951.29,1408.23,-9.65,1811.83,1728.44,True,42.94,-5.78,-9.894,4.114,0.84,-2,258
ACGL,Automobile Corporation of Goa Limited,,2,1633.5,-3.68,1806.2,1633.5,1806.2,1633.5,-9.56,1738.09,1757.3,False,32.48,,,,2.67,-2,31
AHLADA,Ahlada Engineers Limited,,2,37.15,-3.68,62.8,32.06,60.27,32.06,-40.84,37.58,42.81,False,48.09,0.179,-0.037,0.216,0.56,-2,259
NBIFIN,N. B. I. Industrial Finance Company Limited,,2,1876.6,-3.68,2763.12,1582.94,2300.58,1582.94,-32.08,1962.84,2066.24,False,31.68,-29.478,-24.708,-4.77,0.07,-1,257
RUBYMILLS,The Ruby Mills Limited,,2,491.8,-3.68,510.6,168.98,510.6,168.98,-3.68,459.98,322.06,True,63.59,25.524,22.707,2.817,0.55,-1,257
CAMS,Computer Age Management Services Ltd.,Financial Services,1,666.0,-3.69,829.35,617.28,829.35,617.28,-19.7,714.56,749.33,False,28.48,-16.642,-14.499,-2.143,1.99,-4,259
UNITDSPR,United Spirits Ltd.,Fast Moving Consumer Goods,1,1363.0,-3.7,1556.0,1209.49,1556.0,1209.49,-12.4,1420.84,1383.66,False,35.02,-20.727,-21.6,0.874,9.95,-2,259
MPHASIS,MphasiS Ltd.,Information Technology,1,2154.4,-3.71,2876.48,1993.94,2861.68,1993.94,-25.1,2299.7,2398.52,False,27.33,-51.003,-37.447,-13.556,1.13,-1,259
ARCL,ARCL Organics Limited,,2,233.0,-3.72,274.16,224.92,274.16,224.92,-15.01,245.68,235.66,False,43.6,,,,1.35,-3,30
ABMKNO,ABM Knowledgeware Limited,,2,168.59,-3.73,193.39,168.59,193.39,168.59,-12.82,177.54,189.47,False,35.42,,,,0.29,-1,30
SAKUMA,Sakuma Exports Limited,,2,1.55,-3.73,2.97,1.11,2.2,1.11,-47.81,1.6,1.85,False,44.02,-0.008,-0.014,0.006,1.09,-2,257
SURAJEST,Suraj Estate Developers Limited,,2,209.06,-3.78,302.05,168.69,263.8,168.69,-30.79,200.52,217.26,False,57.86,6.37,2.2,4.17,0.29,-2,258
CARBORUNIV,Carborundum Universal Ltd.,Capital Goods,1,1200.5,-3.79,1296.5,746.57,1296.5,746.57,-7.4,1166.86,1028.29,True,56.47,38.288,23.182,15.106,0.46,-3,258
MKEXIM,M.K. Exim (India) Limited,,2,66.72,-3.79,69.84,53.43,69.84,53.43,-4.47,65.41,56.11,True,62.52,,,,0.54,-2,31
VEDAVAAG,VEDAVAAG Systems Limited,,2,22.06,-3.79,23.45,18.14,23.45,18.14,-5.93,21.14,19.27,True,55.65,,,,0.4,-2,30
LTM,LTM Ltd.,Information Technology,1,3936.0,-3.8,6322.27,3538.0,6322.27,3538.0,-37.74,4238.49,4545.71,False,28.41,-115.615,-80.018,-35.598,2.45,-1,259
GODIGIT,Go Digit General Insurance Ltd.,Financial Services,1,253.2,-3.82,365.6,239.0,349.85,239.0,-30.74,253.11,297.49,False,48.67,-2.475,-3.889,1.414,3.26,-1,258
SPLPETRO,Supreme Petrochem Ltd.,Chemicals,1,831.85,-3.82,882.2,495.99,882.2,495.99,-5.71,823.44,728.88,True,56.25,34.084,33.943,0.141,2.21,-2,259
HAVELLS,Havells India Ltd.,Consumer Durables,1,1043.3,-3.84,1497.33,1043.3,1489.7,1043.3,-30.32,1120.3,1264.1,False,25.96,-37.745,-36.346,-1.399,1.33,-2,259
CAPLIPOINT,Caplin Point Laboratories Ltd.,Healthcare,1,2744.0,-3.85,2867.4,1499.51,2867.4,1499.51,-4.3,2734.37,2297.56,True,52.58,52.762,48.824,3.938,0.39,-1,258
KABRAEXTRU,Kabra Extrusion Technik Limited,,2,829.8,-3.86,863.15,182.58,863.15,182.58,-3.86,705.91,382.13,True,71.37,72.591,59.642,12.95,0.87,-1,258
BHARATRAS,Bharat Rasayan Limited,,2,1005.7,-3.87,2940.73,1005.7,2655.85,1005.7,-65.8,1139.28,1532.38,False,20.2,-51.583,-43.134,-8.45,3.23,-4,258
SUNDRMBRAK,Sundaram Brake Linings Limited,,2,671.75,-3.87,899.8,464.68,899.8,464.68,-25.34,709.82,722.25,False,35.61,-25.487,-25.577,0.09,0.91,-1,252
JINDRILL,Jindal Drilling And Industries Limited,,2,599.95,-3.88,678.0,444.58,678.0,444.58,-11.51,611.13,583.98,True,46.54,-6.878,-5.009,-1.868,0.48,-1,259
GLAXO,Glaxosmithkline Pharmaceuticals Ltd.,Healthcare,1,2783.8,-3.89,3106.4,2103.2,3106.4,2103.2,-10.39,2854.76,2571.35,True,44.02,1.298,15.139,-13.84,0.65,-1,259
DCMSHRIRAM,DCM Shriram Ltd.,Diversified,1,907.8,-3.9,1317.11,907.8,1296.87,907.8,-31.08,984.09,1083.71,False,19.37,-20.84,-14.066,-6.774,6.41,-4,258
OBCL,OBCL Limited,,2,54.68,-3.9,60.27,50.87,60.27,50.87,-9.27,56.67,55.43,False,42.98,0.653,0.829,-0.176,0.8,-4,256
TOYAMSL,Toyam Sports Limited,,2,0.74,-3.9,0.88,0.61,0.88,0.61,-15.91,0.74,0.68,True,51.72,,,,1.25,-4,31
UMESLTD,Usha Martin Education & Solutions Limited,,2,4.41,-3.92,6.91,3.94,6.91,3.94,-36.18,4.72,5.36,False,39.49,-0.247,-0.266,0.019,0.22,-1,256
ASMS,Avio Smart Market Stack Limited,,2,6.08,-3.95,14.71,6.08,14.71,6.08,-58.67,6.65,8.65,False,18.39,-0.202,-0.14,-0.062,2.61,-6,256
PREMIERENE,Premier Energies Ltd.,Capital Goods,1,870.0,-3.97,1117.2,682.6,1117.2,682.6,-22.13,933.99,980.91,False,30.73,-33.049,-29.67,-3.378,2.57,-1,259
WAAREEINDO,Indosolar Limited,,2,210.65,-3.97,711.7,210.65,542.15,210.65,-70.4,251.51,372.57,False,21.8,-16.924,-14.718,-2.206,1.27,-4,259
HAL,Hindustan Aeronautics Ltd.,Capital Goods,1,4549.3,-3.98,5099.0,3480.15,5099.0,3480.15,-10.78,4793.29,4554.01,False,33.49,-34.254,-7.999,-26.255,1.36,-2,259
RAMKY,Ramky Infrastructure Limited,,2,294.05,-3.98,647.47,294.05,576.1,294.05,-54.58,325.06,433.51,False,24.45,-15.984,-15.319,-0.665,2.97,-2,257
KAYNES,Kaynes Technology India Ltd.,Capital Goods,1,3511.5,-4.0,7593.0,3001.0,4507.5,3001.0,-53.75,3569.03,4023.6,False,46.51,-25.677,-35.404,9.728,1.41,-1,259
KRITINUT,Kriti Nutrients Limited,,2,72.52,-4.0,99.97,53.87,99.97,53.87,-27.46,79.98,82.16,False,26.31,-2.099,-1.246,-0.853,3.24,-7,257
CRISIL,CRISIL Ltd.,Financial Services,1,4464.1,-4.01,4972.56,3689.72,4829.5,3689.72,-10.23,4592.1,4402.79,True,42.57,-7.548,17.515,-25.063,0.68,-1,258
VOLTAS,Voltas Ltd.,Consumer Durables,1,1090.0,-4.01,1556.41,1090.0,1556.41,1090.0,-29.97,1144.64,1301.4,False,35.83,-30.679,-32.01,1.332,1.82,-1,259
LTTS,L&T Technology Services Ltd.,Information Technology,1,3081.6,-4.05,4643.84,3041.31,4643.84,3041.31,-33.64,3312.28,3571.33,False,21.93,-84.339,-63.345,-20.994,2.33,-1,259
GOCLCORP,GOCL Corporation Limited,,2,363.65,-4.05,425.97,210.11,425.97,210.11,-14.63,392.72,346.62,True,37.39,-0.937,4.566,-5.502,0.39,-2,258
FIVESTAR,Five-Star Business Finance Ltd.,Financial Services,1,497.25,-4.07,657.61,346.04,589.41,346.04,-24.39,528.53,507.76,False,37.98,-4.38,-0.904,-3.476,2.12,-4,258
PEARLPOLY,Pearl Polymers Limited,,2,16.92,-4.08,30.48,13.01,23.99,13.01,-44.49,17.06,19.38,False,50.1,0.506,0.363,0.143,0.58,-4,257
SUNLOC,Sunil Healthcare Limited,,2,68.0,-4.09,80.76,68.0,80.76,68.0,-15.8,73.38,69.88,False,38.93,,,,0.01,-1,30
BELLACASA,Bella Casa Fashion & Retail Limited,,2,255.51,-4.12,471.7,222.69,395.6,222.69,-45.83,259.26,280.5,False,49.65,7.611,7.473,0.139,1.1,-2,257
NESCO,Nesco Limited,,2,1040.5,-4.22,1403.86,1007.51,1302.91,1007.51,-25.88,1072.38,1142.95,False,42.01,2.47,6.53,-4.06,2.89,-1,257
DHARMAJ,Dharmaj Crop Guard Limited,,2,278.75,-4.23,323.2,215.8,300.55,215.8,-13.75,279.98,270.07,True,50.9,5.526,4.215,1.311,1.67,-3,257
BLUSPRING,Bluspring Enterprises Limited,,2,143.11,-4.24,149.44,44.72,149.44,44.72,-4.24,132.75,97.27,True,60.77,4.952,3.385,1.567,0.65,-1,258
JSWDULUX,JSW Dulux Ltd.,Consumer Durables,1,3034.4,-4.27,3578.16,2672.86,3578.16,2672.86,-15.2,3136.17,3084.36,False,40.07,3.561,12.342,-8.782,5.18,-2,259
PHOENXINTL,Phoenix International Limited,,2,28.05,-4.27,31.6,27.95,31.6,27.95,-11.23,29.05,30.02,False,42.61,,,,0.81,-1,30
BBTC,Bombay Burmah Trading Corporation Ltd.,Fast Moving Consumer Goods,1,1355.0,-4.29,2083.07,1322.0,1885.97,1322.0,-34.95,1445.19,1577.99,False,35.26,-19.236,-12.282,-6.954,1.3,-7,258
TATACHEM,Tata Chemicals Ltd.,Chemicals,1,613.85,-4.3,912.72,574.42,803.59,574.42,-32.74,657.55,719.15,False,40.35,-1.518,3.759,-5.277,0.89,-6,259
GEEKAYWIRE,Geekay Wires Limited,,2,30.5,-4.3,35.38,18.79,33.93,18.79,-13.79,30.26,26.93,True,54.42,1.843,1.979,-0.136,0.53,-3,259
HAVISHA,Sri Havisha Hospitality and Infrastructure Limited,,2,1.32,-4.35,2.28,1.11,1.9,1.11,-42.11,1.35,1.49,False,45.35,0.002,0.001,0.001,3.07,-1,258
SMCGLOBAL,SMC Global Securities Limited,,2,92.98,-4.37,97.23,55.13,97.23,55.13,-4.37,85.18,74.66,True,64.88,2.628,1.588,1.04,4.58,-1,257
IEX,Indian Energy Exchange Ltd.,Financial Services,1,106.39,-4.45,150.56,106.39,150.56,106.39,-29.34,114.29,125.08,False,25.67,-3.05,-2.739,-0.31,2.03,-2,259
ABB,ABB India Ltd.,Capital Goods,1,6660.5,-4.47,7710.0,4618.03,7710.0,4618.03,-13.61,7164.23,6665.51,False,26.36,-131.504,-87.613,-43.892,1.28,-3,259
EMPOWER,Empower India Limited,,2,1.7,-4.49,2.5,1.7,2.5,1.7,-32.0,2.08,2.21,False,30.23,,,,0.24,-8,30
AASTHA,Aastha Spintex Limited,,2,37.53,-4.5,68.16,36.36,68.16,36.36,-44.94,39.27,56.56,False,45.4,-0.647,-0.786,0.139,0.34,-1,62
IITL,Industrial Investment Trust Limited,,2,125.64,-4.51,203.87,122.18,184.15,122.18,-38.37,142.35,149.13,False,29.17,-3.659,-1.345,-2.314,1.02,-3,257
THAKDEV,Thakkers Developers Limited,,2,135.0,-4.51,157.74,118.42,157.74,118.42,-14.42,135.87,150.72,False,46.25,,,,0.06,-1,30
XELPMOC,Xelpmoc Design And Tech Limited,,2,85.53,-4.51,148.32,73.32,142.11,73.32,-42.33,79.29,94.7,False,62.69,0.948,-0.668,1.616,1.17,-1,257
TURTLEMINT,Turtlemint Fintech Solutions Limited,,2,79.52,-4.53,153.64,79.52,153.64,79.52,-48.24,120.79,133.51,False,22.6,-11.643,-5.131,-6.512,1.23,-5,67
CRIZAC,Crizac Limited,,2,169.08,-4.55,312.52,160.29,283.96,160.29,-45.9,176.69,214.56,False,41.84,-0.161,-0.302,0.141,1.22,-3,259
3MINDIA,3M India Ltd.,Diversified,1,31890.0,-4.56,37097.74,28423.36,37097.74,28842.29,-14.04,33499.96,33160.57,False,37.48,-149.389,-172.533,23.145,5.63,-4,256
DSFCL,DCM Shriram Fine Chemicals Limited,,2,29.1,-4.59,46.71,17.07,46.71,17.07,-37.7,27.91,30.34,False,57.8,1.094,0.658,0.437,1.27,-3,155
BCONCEPTS,Brand Concepts Limited,,2,139.25,-4.64,397.4,139.25,358.35,139.25,-64.96,154.39,216.31,False,27.03,-6.058,-5.186,-0.872,2.0,-4,256
ARTNIRMAN,Art Nirman Limited,,2,36.52,-4.65,64.27,29.39,50.21,29.39,-43.18,39.66,42.02,False,30.15,-0.535,-0.263,-0.272,0.26,-2,257
ASKAUTOLTD,ASK Automotive Limited,,2,619.85,-4.69,678.8,378.72,678.8,378.72,-8.68,633.5,521.13,True,47.46,9.192,11.064,-1.872,2.48,-1,259
DUCON,Ducon Infratechnologies Limited,,2,1.42,-4.7,5.52,1.23,4.19,1.23,-74.28,1.68,3.14,False,33.75,-0.233,-0.266,0.033,0.78,-3,258
BIKAJI,Bikaji Foods International Ltd.,Fast Moving Consumer Goods,1,531.15,-4.79,757.97,531.15,757.97,531.15,-29.92,569.51,645.14,False,35.59,-12.554,-13.088,0.534,2.35,-4,258
PRAENG,Prajay Engineers Syndicate Limited,,2,21.76,-4.81,33.15,17.86,28.35,17.86,-34.36,22.23,22.3,False,48.38,0.323,0.422,-0.099,0.5,-2,256
SONATSOFTW,Sonata Software Ltd.,Information Technology,1,260.85,-4.82,383.04,205.99,364.79,205.99,-31.9,279.25,296.51,False,37.28,-6.251,-6.412,0.161,2.06,-2,259
ZODIAC,Zodiac Energy Limited,,2,208.6,-4.84,396.95,208.6,354.63,208.6,-47.45,228.2,277.36,False,26.44,-7.263,-6.602,-0.661,3.72,-4,254
DISHTV,Dish TV India Limited,,2,2.15,-4.87,4.98,1.84,4.17,1.84,-56.83,2.48,3.25,False,25.05,-0.112,-0.085,-0.027,1.34,-5,259
ANSALBU,Ansal Buildwell Limited,,2,85.96,-4.89,100.14,72.01,100.14,72.01,-14.16,84.83,75.21,True,53.37,,,,0.31,-4,30
VASUPRADA,Shri Vasuprada Plantations Limited,,2,95.0,-4.9,108.0,94.5,108.0,94.5,-12.04,99.24,96.92,False,41.87,,,,6.93,-1,30
CRAVATEX,Cravatex Limited,,2,343.95,-4.93,369.75,317.35,369.75,317.35,-6.98,340.0,344.79,False,50.83,,,,0.17,-2,30
AQYLON,Aqylon Nexus Limited,,2,17.11,-4.94,1698.9,17.11,1698.9,17.11,-98.99,20.09,210.65,False,30.45,-1.81,-1.792,-0.018,0.26,-3,258
BOHRAIND,Bohra Industries Limited,,2,15.01,-4.94,24.39,12.35,20.94,12.35,-38.46,13.99,16.67,False,59.0,0.364,0.035,0.329,0.41,-2,257
RAJTV,Raj Television Network Limited,,2,10.59,-4.94,43.42,7.82,43.42,7.82,-75.61,9.6,20.67,False,61.33,0.166,-0.194,0.36,1.63,-1,258
TAKE,TAKE Limited,,2,14.01,-4.95,50.14,10.43,50.14,13.17,-72.06,16.25,25.45,False,32.0,-1.058,-1.04,-0.017,0.17,-2,257
PATANJALI,Patanjali Foods Ltd.,Fast Moving Consumer Goods,1,371.4,-4.96,601.52,333.96,570.55,333.96,-38.26,372.52,432.8,False,51.38,11.461,8.297,3.163,0.7,-4,259
ELITECON,Elitecon International Limited,,2,8.2,-4.98,17.13,7.45,17.13,7.45,-52.13,9.32,15.27,False,27.17,,,,0.44,-3,31
INCREDIBLE,INCREDIBLE INDUSTRIES LIMITED,,2,31.6,-4.99,46.98,28.58,40.95,28.58,-32.74,32.57,35.42,False,44.41,-0.078,-0.053,-0.026,0.72,-1,256
STLNETWORK,STL Networks Limited,,2,49.46,-4.99,54.61,15.92,54.61,15.92,-9.43,41.96,28.17,True,74.13,6.333,5.225,1.108,2.01,-2,259
PANSARI,Pansari Developers Limited,,2,274.55,-5.0,365.3,248.5,365.3,252.8,-24.84,289.71,299.22,False,36.61,-7.852,-8.692,0.84,0.67,-2,257
PVP,PVP Ventures Limited,,2,55.91,-5.0,68.61,23.49,68.61,23.49,-18.51,60.23,38.04,True,46.31,2.709,4.375,-1.666,1.66,-4,258
SHANTIGEAR,Shanthi Gears Limited,,2,601.65,-5.0,725.45,386.65,725.45,386.65,-17.07,638.44,496.14,True,45.97,31.449,48.069,-16.62,0.29,-2,258
XTRANET,Xtranet Technologies Limited,,2,271.48,-5.0,341.43,124.01,341.43,124.01,-20.49,275.54,161.91,True,53.7,28.877,34.852,-5.975,0.23,-6,44
REPRO,Repro India Limited,,2,317.05,-5.02,576.75,288.25,486.85,288.25,-45.03,310.4,372.54,False,51.41,-4.987,-8.198,3.211,0.94,-1,257
TANAA,Taneja Aerospace & Aviation Limited,,2,335.0,-5.06,367.05,251.5,367.05,251.5,-8.73,311.02,309.79,True,57.87,,,,0.54,-1,31
VIRAT,Virat Industries Limited,,2,340.2,-5.08,482.0,333.95,482.0,333.95,-29.42,388.14,359.69,False,40.88,,,,1.12,-2,30
DANGEE,Dangee Dums Limited,,2,2.79,-5.1,4.62,2.6,4.51,2.6,-39.61,2.85,3.23,False,47.04,0.002,-0.023,0.025,0.46,-2,257
PRSMJOHNSN,Prism Johnson Limited,,2,109.27,-5.11,168.8,104.85,151.9,104.85,-35.27,113.54,122.94,False,40.0,0.889,1.255,-0.366,3.21,-2,257
BEARDSELL,Beardsell Limited,,2,23.32,-5.13,36.38,20.21,31.61,20.21,-35.9,24.54,27.01,False,36.28,-0.461,-0.484,0.023,6.09,-1,258
WHEELS,Wheels India Limited,,2,2204.0,-5.16,2400.6,705.56,2400.6,705.56,-8.19,2082.59,1399.27,True,62.23,162.81,170.754,-7.945,0.16,-1,259
KFINTECH,Kfin Technologies Ltd.,Financial Services,1,838.2,-5.19,1159.11,794.84,1087.08,794.84,-27.69,901.62,938.7,False,31.36,-14.952,-10.114,-4.838,2.67,-4,259
PALASHSECU,Palash Securities Limited,,2,84.25,-5.23,122.9,80.16,109.44,80.16,-31.45,87.41,95.87,False,42.25,-0.844,-0.771,-0.073,1.63,-2,257
HONASA,Honasa Consumer Ltd.,Fast Moving Consumer Goods,1,441.65,-5.24,499.69,254.71,499.69,254.71,-11.62,468.78,395.19,True,38.06,-2.094,0.492,-2.586,11.78,-1,257
LORDSCHLO,Lords Chloro Alkali Limited,,2,140.34,-5.3,225.41,109.08,179.79,109.08,-37.74,139.21,145.32,False,51.57,0.892,-0.074,0.966,0.82,-1,258
ISHANCH,Ishan Dyes and Chemicals Limited,,2,47.35,-5.43,81.97,43.23,67.08,43.23,-42.23,48.03,55.37,False,47.61,0.619,0.232,0.387,0.43,-2,258
SUVIDHAA,Suvidhaa Infoserve Limited,,2,2.09,-5.43,4.13,2.06,3.72,2.06,-49.39,2.24,2.81,False,35.99,-0.054,-0.052,-0.003,0.63,-1,258
AMBER,Amber Enterprises India Ltd.,Consumer Durables,1,6606.5,-5.49,8842.5,5510.0,8842.5,5510.0,-25.29,7088.15,7434.68,False,29.6,-141.947,-104.577,-37.37,2.49,-1,259
COROMANDEL,Coromandel International Ltd.,Chemicals,1,1792.9,-5.59,2396.41,1743.9,2396.41,1743.9,-25.18,1935.42,2043.89,False,29.92,-24.135,-16.399,-7.736,3.01,-2,259
ALGOQUANT,Algoquant Fintech Limited,,2,65.64,-5.62,73.37,49.76,73.37,49.76,-10.54,68.32,63.26,True,43.67,1.406,1.371,0.035,1.51,-3,184
SUPREME,Supreme Holdings & Hospitality (India) Limited,,2,29.77,-5.64,96.68,29.77,81.04,29.77,-69.21,33.74,51.35,False,18.48,-2.482,-2.459,-0.023,1.31,-1,256
DAVANGERE,Davangere Sugar Company Limited,,2,2.34,-5.65,5.15,1.75,5.15,1.75,-54.56,2.27,3.33,False,50.51,-0.066,-0.146,0.079,0.41,-1,259
ADSL,Allied Digital Services Limited,,2,109.99,-5.72,198.31,85.95,155.94,85.95,-44.54,103.79,124.01,False,57.96,0.132,-2.091,2.223,1.18,-1,258
RTSPOWR,RTS Power Corporation Limited,,2,118.18,-5.83,125.5,83.72,125.5,83.72,-5.83,96.1,95.67,True,69.13,,,,12.34,-1,30
ZEELEARN,Zee Learn Limited,,2,6.25,-6.02,9.72,4.25,9.72,4.25,-35.7,6.9,7.32,False,31.43,-0.262,-0.268,0.006,1.94,-2,258
POLICYBZR,PB Fintech Ltd.,Financial Services,1,1081.0,-6.11,1957.3,1081.0,1926.4,1081.0,-44.77,1581.83,1663.56,False,21.6,-134.315,-46.77,-87.545,3.21,-4,258
VERANDA,Veranda Learning Solutions Limited,,2,223.31,-6.18,262.44,131.74,259.53,131.74,-14.91,231.36,221.64,True,41.83,-2.916,-3.792,0.876,5.78,-1,259
COMFINTE,Comfort Intech Limited,,2,6.73,-6.66,7.21,5.69,7.21,5.69,-6.66,6.18,6.28,True,60.09,,,,1.95,-1,30
COMSYN,Commercial Syn Bags Limited,,2,261.95,-6.73,306.05,137.77,306.05,139.76,-14.41,288.45,204.18,True,34.87,2.549,8.405,-5.856,1.88,-7,258
SAYAJIHOTL,Sayaji Hotels Limited,,2,304.0,-6.73,339.35,138.7,339.35,138.7,-10.42,318.98,251.87,True,42.24,0.87,1.702,-0.832,0.06,-2,119
VPRPL,Vishnu Prakash R Punglia Limited,,2,28.99,-6.75,98.51,25.19,77.6,25.19,-70.57,33.03,44.07,False,36.2,-0.536,0.093,-0.629,3.06,-3,259
BLUECLOUDS,Blue Cloud Softech Solutions Limited,,2,20.23,-6.82,22.98,19.07,22.98,19.07,-11.97,20.28,22.18,False,45.64,,,,1.33,-2,31
UGARSUGAR,The Ugar Sugar Works Limited,,2,57.81,-7.19,64.03,35.27,64.03,35.27,-9.71,55.9,45.01,True,55.12,2.38,2.009,0.371,0.5,-2,259
REMSONSIND,Remsons Industries Limited,,2,111.56,-7.33,149.76,76.07,125.91,76.07,-25.51,101.24,98.77,True,64.52,6.226,4.349,1.877,1.6,-1,259
SALASAR,Salasar Techno Engineering Limited,,2,4.16,-7.76,10.79,4.16,9.38,4.16,-61.45,4.96,6.85,False,16.76,-0.304,-0.263,-0.041,2.72,-5,259
ATALREAL,Atal Realtech Limited,,2,12.03,-9.14,36.13,12.03,36.13,12.03,-66.7,17.5,25.9,False,22.92,-4.292,-4.414,0.122,0.53,-3,257
IWP,The Indian Wood Products Company Limited,,2,36.88,-9.96,40.96,33.4,40.96,33.4,-9.96,35.3,34.07,True,56.39,,,,6.27,-1,30
BPLPHARMA,Bharat Parenterals Limited,,2,1926.0,-10.41,2149.8,1263.99,2149.8,1263.99,-10.41,1634.27,1339.04,True,69.27,,,,4.49,-1,30
